,reviews
0,"✅ Trip Verified |   Midday departure from Doha is a very quiet time as is evening arrival in LHR. We were in an older B777 and it was installed with Qsuites. The new WIFI service is amazing, and nice caviar and Balik salmon with Turbot rounded a delicious meal. The IFE game selection was poor"
1,"✅ Trip Verified | I had a frustrating experience with Qatar Airways Privilege Club. I purchased tickets through their official website, yet part of the flight didn’t qualify for Qpoints. Their response was that the flight was “operated by another airline”, but this was not clear during booking. This is misleading and not acceptable. "
2,"✅ Trip Verified |   I flew business class with Qatar Airways on their A350-900 featuring the Qsuite, and it turned out to be one of the most comfortable and enjoyable flights I’ve taken. Everything from the seat to the service felt thoughtfully designed and well-executed. It’s easy to see why Qatar Airways is so highly rated — this flight gave me a clear sense of what sets their business class apart. Qsuite privacy: the sliding door and fully enclosed suite created a personal sanctuary — perfect for work, rest, or relaxation. Full flat bed with soft pillows and a duvet for restful sleep. In-seat massage feature added to the comfort, especially on a long-haul journey. Gourmet-quality meals with a diverse menu. Every dish was beautifully presented and tasted amazing. Excellent selection of wines, spirits, and mocktails. High-quality amenity kit, soft pajamas, slippers, and other thoughtful touches. The cabin crew was warm, professional, and attentive throughout the journey. A350 cabin was quiet, smooth ride with mood lighting and large windows. Plenty of room to stow personal items. Wide selection of movies, TV shows, music, and more on a responsive touchscreen. "
3,"✅ Trip Verified |   This was my first flight with Qatar and I arrived at the airport with anticipation.  was disappointed to learn I would not be travelling in their acclaimed Q Suite. They certainly lived up to what you would expect from an airline that has been awarded World’s Best Airline and recognised as having the World’s Best Business Class. There was one thing that needs to be addressed and that is the music played while boarding. It was ridiculously loud. Some of the things that really standout for me: Business Class passengers are given a sleeper suit to wear which was much appreciated. The inflight service was personal and faultless. The lay-flat function of the chair was extremely good, and the bedding material was great. The catering was the best I’ve experienced in a long time. The meals where truly exceptional and the fact they offer caviar to business class passengers is remarkable. This airline truly deserves the accolades it has received, and I can’t wait for my next flights with Qatar which at this stage will be in November this year."
4,"✅ Trip Verified |   I was travelling to Cochin on Nov 21st 2024 going home for my vacation, and before i boarded the flight from Doha to Cochin i was upgraded from Economy to Business class in that sector. The service was exceptional and i still remember one of the flight attendant Aravind who was going extra mile to help me with the food. I am so proud to become a silver card member in Qatar Airways. Thank you Qatar Airways for all the wonderful service provided to passengers."
5,✅ Trip Verified |   Excellent check in service at Male though it was high season in the Maldives and very high passenger volumes but they were efficient and courteous big shout out to Abdullah. The flight left ahead of time because of the great job the ground staff did. The plane had lie flat angled business class had a mid row but I did not mind as a night departure from Male is not like a day time departure which is a heavenly scene. Onboard service was nice and dinner was like Jeckel and Hyde the Tuna and Scallops appetizer was excellent but the steak overdone and unchewable. The WIFI was super fast I could view YouTube and everything else.
6,✅ Trip Verified |   Probably the best Business Class flight of my life and I have been traveling extensively in the last thirty years. Went from Dubai to Milan via Doha and back within five days. The configuration of the seats was different from one leg to another. The first leg was with the Q Suite game changer and the second with a more regular seat but still extremely comfortable. All flights punctual or landed earlier. In all routes the service was impeccable. The catering was comparable with a five star restaurant. Clean toilets. The comfort of the seats was unparalleled. Endless selection of movies. Onboard WiFi was very fast and reasonably priced. 
7,"✅ Trip Verified |   Qatar Airways has become my favourite airline on the Toronto to Colombo route, which my family and I travel in Business Class, once or twice a year. I thoroughly enjoy the QSuite on the long leg of the flights to and from Doha. The privacy and the comfort offered by the QSuite is unparalleled to any other airline which operates on this route. The service from the cabin staff is outstanding, and I have enjoyed attentive service with a smile. Meal options and the option to enjoy meals at one’s convenience is an added feature. I appreciate the fact that, since last Autumn, Qatar flies in and out of Toronto Pearson Airport, which significantly reduces the travel time. We previously had to travel to Montreal in order to take Qatar Airways. Complimentary wifi on board is definitely appreciated."
8,✅ Trip Verified | Early morning departure and morning arrival in Maldives! The timing is not the greatest as the arrival is at the same time with many other flights and it makes long queues and puts pressure on the sea planes connecting to the atolls the plane was an ex Cathay Pacific plane and is still configured in the Herring Bone seats and CX hardware. The cabin service was excellent and WIFi was fantastic even YouTube worked.
9,"✅ Trip Verified |   I flew from Tokyo Narita to Sofia via Doha and returned to Tokyo from Bucharest via Doha. Despite having reserved a vegetarian meal, on all flights crew forgot and I had to remind them. I complained on each flight and met the same reaction - a crew member telling me that this never usually happens, apologizing profusely, and promising that everything will be okay on the next flight. By the time it occurred for the 4th time on the 4th flight, I was finding it all rather frustrating and perplexing. On the flight from Bucharest to Doha I was given dirty cutlery and the cabin assistant whose attention I brought it to wasn't apologetic. She took the spoon from me and said it was a mistake and she would get a new one. In the end I had to call the senior cabin assistant who did apologize.  I found the inflight map system on 3 of the 4 flights to be extremely old fashioned. It was just a basic low-resolution non-interactive map of the kind that airlines used to provide when adding maps to the online entertainment was a new thing (fifteen or twenty years ago). On a long flight, I find the interactive maps to be very interesting and help to pass the time.  When I asked a crew member on the Bucharest to Doha flight how to check the movies I had placed on my favorites list, she said that such a feature does not exist on the inflight entertainment system for this aircraft. However, it did as I had already used it on a previous Qatar flight using the same model of aircraft and I had already added my favorite movies for this flight onto my list. I was unable to remember how to view the list. I tried to explain this to her, but she said that no such system existed and explained that not all aircraft have this feature. In the end, I played around for ten minutes or so and figured it out myself. I wouldn't have minded if the crew member was honest and said she didn't know or that she needed to check with someone else. I don't understand how Qatar are ranked up there with the top airline. The only thing that went well was that all four flights left on time."
10,"✅ Trip Verified |   As a regular work-related traveler, the most important thing for me is time when flying - speed at check-ins and flights departing and arriving on time as scheduled. I have been using Qatar Airways for a few years for all my international travel, and I can plan with confidence my onward travel, meetings etc. The onboarding process is seamless, and the ground staff are knowledgeable, friendly, and helpful. During flights, the same level of professionalism can be expected, and there are no surprises. I fly the same long-distance route approximately every four weeks, and the experience remains consistent. The food is usually excellent, but on my last trip a few days ago, the Doha-Amman leg, the dinner was exceptional, serving dishes that you do not usually see on flights (to clarify - I flew business class). Thank you, Qatar Airways. It remains a pleasure flying with you."
11,"Not Verified | My flight from Perth to Heathrow was cancelled at the last minute whilst we were in the departure lounge at midnight. The flight was on July 13th 2024 from Perth Western Australia, due to land at Heathrow Airport London on Sunday afternoon 14th July. Eventually I arrived at Heathrow on Tuesday 16th July at 06:00. I was told that all additional expenses would be refunded. Well, seven months later I am still trying to get a refund. They eventually offered me $250.00 voucher that could only be used with Qatar Airways valid for one year. I declined this offer as the two-night accommodation with meals in Perth city center and vouchers for taxis that I declined as my son was prepared to drive an hour to pick me up at 02:00 in the morning would have cost far more than the voucher they were offering. I was £108.00 out of pocket for my pre-purchased train tickets booked for Sunday 14th and I lost two days of work. Whilst waiting for information on when my newly arranged flight would be leaving, they could not even be bothered to contact me. After an abortive trip to the airport after we found online my boarding pass which had been changed telling me my flight was now at 03:30 Monday morning and a call to Qatar Airlines who told me they did not know, arrived at airport to find out that there was no flight. Their response was oh your contact details is a UK mobile number! As if that made any difference in these circumstances. Eventually after giving the Qatar helpdesk my sons contact details; they informed me they had found a flight from Perth to Doha then to Athens and then finally Heathrow. Then another which was Perth to Doha to Milan to Heathrow. On arrival they told me they had a flight from Perth to Doha and then onto Heathrow. This had a six-hour stopover in Doha. Eventually I arrived home after a nightmare journey at 06:00 on Tuesday morning during rush hour in London. Just the two days late. Despite constant contact with Qatar customer services they just kept telling me that this was their policy and that was the end of the issue. When you do get through you spend another hour telling them that they have all the details. But no, they want to go through it all again. I still have not heard from them for five weeks."
12,"✅ Trip Verified |   QR 719 from DOH to SEA on 3/21/25. The cabin was unbearably cold, I pushed the call button to request assistance, but no flight attendant responded for over an hour and when someone finally did, they offered no help other than handing me another blanket. This was one of the worst experiences I’ve had. I will be reconsidering future travel with this airline unless they take meaningful steps to improve comfort and responsiveness to passengers."
13,"✅ Trip | Since 2023, I have consistently avoided flying Qatar Airways because of my sub-par experience in Economy Class. There are only 2 options to Maputo either Qatar Airways or Ethiopian and I decided to go with Qatar. Mumbai to Qatar leg is operated by Indigo which has no IFE and on a 3.5 hour flight, you get a sandwich and a small juice with some crackers and really uncomfortable seats (I admit that was my mistake since I did not check thoroughly).  Boarding for the flight to Maputo was chaos by a disorganised gate agent. After departure they served a sandwich, due to the tight connection time, I did not have any time to pick up snacks at the airport. I ended up seated next to a plus sized lady with a rather fussy infant, who had a middle seat. Later, I saw there were quite a few empty seats and they could have just let me move and allowed both of us a bit of comfort, but by the time the seat belt signs were off, others had already spread out and fallen asleep in those seats. The main meal was served 1.5 hours before arrival in Maputo and while the taste was good it was inadequate. My IFE stopped working 5 hours or so into the flight. "
14,"✅ Trip Verified I decided to opt for an extra legroom seat up in Economy but the website nor app was allowing me to book the seat or make a payment. I reached out to customer care on email but the agent said that I can book the seat during check-in so to ensure this, I woke up at midnight but the transaction did not go through, the second agent was also equally unhelpful and recommended waiting couple more hours. I stayed awake and tried again but no luck, the third agent then told me that this can be done only before check-in and tried to fob me off with an apology to settle for a seat at airport check-in. Finally the third agent was able to help and I got a good extra legroom seat and thankfully the rest of the journey from Maputo to Doha was great, except for the food quantity which is really not adequate for me. The entertainment selection was not the best but overall this leg was quite comfortable. The crew on-ground and in-air were quite good. The Doha to Bombay leg was less comfortable given that this leg is operated by Indigo. The Indigo service is not up to expectations, there is no IFE, the food offered was a tasteless sandwich and some chips. If you are booking on Qatar Airways to/from India check that the leg from Doha to Qatar is operated by Qatar Airways and not Indigo. I have nothing against Indigo and am perfectly happy to fly them for short domestic flights in India but anything longer than a hour and half with them makes for an uncomfortable flight."
15,"✅ Trip Verified |   Another great flight. Very consistent service, consistent quality of food and comfortable aircraft. The service on the flight was just spot on. I would recommend them based on how consistent they are."
16,"✅ Trip Verified |   Amazing from beginning to end. Amazing service, food and cabin. The variety and the quality of the food is mind blowing. The service was spot on and attentive. The seat was comfortable and private."
17,"✅ Trip Verified |   This flight was just the dream! 14hrs of first class service with top quality crew, amazing food, great Q Suite. The flight was so smooth, and pleasant, the hospitality was amazing."
18,"✅ Trip Verified |   Dammam with a stop in Doha en route to Boston they ruined a checked roller bag of mine. 3 months later, I have yet to get any resolution. They have delayed repeatedly, sending me in an endless circle of unresponsive bureaucracy. I have lost respect for what was once my favorite airline."
19,"✅ Trip Verified |   Checkin, security and immigration at DXB airport swift, lounge with good a la carte options and friendly service. Boarding well organized. Delayed by 45 minutes due to bad weather. Flight uneventful. Despite delayed arrival, remote stand with bus transfer. It took me 50 minutes from arrival at remote stand till arrival at the terminal.  My plan to have a nice breakfast at the lounge was shattered. I had just a 10 minutes at the Platinum/Gold lounge, but left because there was no seat available, no clean cup to make a coffee, and long toilet queues. My flight to Bangkok was a remote stand bus gate. Boarding was poorly organized, as Business class and status guests were asked to wait till Economy has done boarding; the gate agent changed his mind and let C Class and status guests on the bus after 2 bus loads of Y class passengers had gone. It was rather chaotic. The flight on a leased CX aircraft was on time and uneventful. The IFE screens in the bulkhead rows of my section were broken, but large IPads were offered as a replacement, which was great. My food was mediocre. The flights were ok, but the chaotic transfer at Hamad airport left a bitter aftertaste."
20,"✅ Trip Verified |   First leg was in Economy, 2nd in First. Check in at BKK airport fast and friendly. Contract lounge at the new Satellite terminal large, but limited western breakfast options. Boarding started 30 minutes late and another 15 minutes wait at the air bridge. Service was good with slightly improved F&B offerings. I was lucky to be on an aircraft with their upgraded WIFI services which worked real well. 3-4-3  configuration with rather hard seats. Transfer in Doha was good with a stay at the Al Safwa F lounge. Food was good. My final leg to Dubai was changed from a Qsuite to a 2-2-2 configuration. After many back and forth, they were willing to change to another Qsuite flight 30 minutes later. The flight was pleasant and uneventful. "
21,✅ Trip Verified |   Qatar Airways changed the aircraft and did not notify us. We entered the Boeing 777 cabin to find that we had Paid for a Mercedes and would be flying in a Mini-Cooper. I didn't know airplanes with this drastically old configuration were still even in service. TIt was a miserable experience and we are changing our refundable return tickets to another airline. I won't be spending any money on Qatar Airways in the future!
22,"✅ Trip Verified |   On my way to Doha, it was amazing, flight attendants were very helpful and attentive. Doha to Colombo was delayed and after take off asked for a drink which I was told would be served in about 10 minutes, it took more than an hour for cabin crew to star serving drinks and food. After the service they never came back to ask if anything else was needed. "
23,"✅ Trip Verified |   Both flights were excellent. Kind and professional staff on both flights, good food options (like that I can chose when to eat), comfortable flights. Due to distances at Doha airport, I appreciated that one of the small cart drivers offered his services to take me as close as possible to the train, connecting me to the center of the main terminal."
24,"✅ Trip Verified |   I have been a frequent traveller throughout my nearly 60 years as an air passenger. In all that time, I have never encountered such an unprecedented level of discourtesy as I did with the security staff at the Qatar Airways gate. at Doha. My husband and I had already smoothly passed through two transit security checks with Qatar Airways on our return journey from New Zealand. As we tried to board Business Class, I was surprised to be pulled over again for another bag check. The treatment I received was rude and demeaning. Everything in my rucksack was unpacked, which was then swabbed inside and out. I was manually body searched in front of everybody and my clothes, shoes and even hair was swabbed. This took place for a prolonged period of time in front of every other passenger that filed past - the flight had been called. When I subsequently touched one of the items in the second tray of my belongings (to open the zip to demonstrate there were only documents inside) the lady raised her voice, ordering me to stand back and not to handle any of my possessions. I tried to explain I was only trying to help but was met with more incivility. I would add that my husband, who was stood with me, had to witness this affront without any recourse to offer his assistance. When I was finally allowed to leave - the lady having found nothing of any suspicion - I felt utterly humiliated. This awful experience with Qatar Airways was only saved by the helpful and impeccable service of a wonderfully professional air steward on board called Eugenia - thank you kind lady. Her humanity and warmth restored my equilibrium. However the overall experience of our return journey was that, with the exception of Eugenia, the customer service is appalling. . I understand security is important but there was no need for my encounter to be as intimidating, embarrassing and uncivil as it was."
25,"Not Verified | The food was really good, but the items listed on the menu, such as coconut cheesecake and stir-fried noodles, were unavailable. The seats were small but had amazing sleep amenities. The amenities kit was excellent. I requested an Asian vegetarian meal, which was very good, but it would have been better if there was naan or roti. The food quantity needs improvement. The legroom was good but could be better. This was my first time flying with Qatar Airways, and I would fly with them again."
26,"Not Verified | So this was my first time on a 787-8. The seats are different on this plane compared to the Airbus A350. The 787-8 was really good, but I didn’t like the way the headrests were. The legroom was kinda tight with not much space, and I didn’t get a window seat—I got a middle row seat instead. But the flight was amazing. That mango juice is too good, omg! The food was great as well. There was palak paneer, but there was no paneer, only corn.

"
27,"✅ Trip Verified | Doha to Copenhagen in Business Class on an A350-900. This aircraft featured the renowned Qsuite configuration - an epitome of comfort and privacy. Qatar Airways’ onboard service was nothing short of world-class, delivering excellence at every touchpoint. Both the hard and soft product were executed to perfection, setting a standard that is unmatched in commercial aviation."
28,"✅ Trip Verified | Goa (GOX) to Doha in Business Class on a 787-8 The seating on this aircraft was of the older configuration, yet exceptionally comfortable. Service, as expected, was impeccable - flawless execution in line with Qatar Airways’ consistently high standards. Upon arrival in Doha, disembarkation was via stairs rather than an aerobridge. This is where Qatar Airways truly excels: the moment the first batch of Business Class passengers boarded the transfer bus, there was no unnecessary delay. Rather than waiting for it to fill up, the bus departed within minutes - a hallmark of true premium service."
29,"✅ Trip Verified |   Very excited to fly again on an A380, my favorite aircraft. Check-in was nice and friendly, loved the lounge and staff there too! While the male crew were nice and looked happy, the female staff were mostly sour. Did not appreciate when the crew put my meal on my tray while I was at the bar. When I returned, the food was stone cold. I discussed that with the excellent purser. After that, the staff were sickly sweet. I decided to spend most of the time at the bar. Shame, but the next flight on Qatar was again excellent. "
30,"✅ Trip Verified | All that Glitters is not Gold On board their aircraft, Qatar Airways aim to present a spotless and glamorous experience. But sadly the mask is slipping badly. The 3-4-3 configuration on their 777 fleet has rightly been described as a crime against humanity. My real complaint with the company comes however behind the scenes. If you EVER have to deal with customer services they are obstructive and unhelpful. I paid over £1000 for an Economy Convenience multi-city ticket with some inbuilt ticket flexibility. I wanted, and indeed needed for medical reasons, a 2 hour stop in Doha. I have to administer medication which it is not possible to do on board. It could, indeed, endanger other pax to do it on the aircraft rather than in the airport. So I was pretty miffed when Qatar changed their schedules and cut my connection time down to 1h20 and then refused to listen to me about it. They COULD have agreed to put me on the flight taking off 5 minutes before my original booking to keep my 2 hour layover intact, which was the same price, but they have refused to do this. This isn’t the first time I have bumped up against their intransigence and arrogance and, to be frank, I don’t think I shall ever fly with Qatar again. I would strongly warn you to be very very careful about using them. "
31,"Not Verified | I recently had the opportunity to fly to Prague with Qatar Airways, and I would like to commend the exceptional service and attention I received throughout my journey. I would like to specifically acknowledge Uttam and Wan, who went above and beyond to assist me in retrieving my phone that had fallen between my seat after the flight had already landed. I had to wait for an engineer to come on board, but they were on the floor with various tools trying to reach my phone. I am extremely grateful for their efforts. This is a prime example of going the extra mile, and I hope they receive the recognition they deserve. Please continue to uphold your excellent service standards."
32,"✅ Trip Verified | Had a pleasant experience with Qatar Airways. The sector from KUL to DOH was not perfect. The plane used was old and with a 2-2-2 business class configuration. Less privacy and lack of storage space. The crew made up to the deficit. Lobster meal was very good. The next sector from DOH to IAH was perfect. Business class passengers were given much priority. The in-flight supervisor came to introduce herself to each and every business class passenger. The cabin crew worked tirelessly to serve every request. Wonderful. Qsuites business class is simply amazing. I managed to catch 8 hours of sleep all together. The quality of the food served was top-notched. I tried purchasing the WiFi service but not successful though. Overall, very good quality of production and service. Only grudge is probably the price. It was much higher than any other airlines."
33,"Not Verified |  Cabin crew were attentive and approachable. Very clean cabin and toilet. Modern in flight entertainment, easy to use and quick response. I was impressed when the Cabin Crew In Charge or Purser came and introduced himself. I enjoyed travelling with their widebody aircraft although on a flight which is less than 5 hours."
34,"✅ Trip Verified | I recently flew with Qatar Airways from Doha to Amman on QR404, dated January 26th, and I must say, it was an outstanding experience! The check-in process was seamless, and the staff were friendly and efficient. The aircraft was modern and clean, with comfortable seating and ample legroom. The inflight entertainment system was impressive, offering a vast selection of movies, TV shows, and music. The food was delicious, with a variety of options to suit different tastes. What truly impressed me, however, was the exceptional service provided by the cabin crew. They were attentive, courteous, and went above and beyond to ensure that all passengers had a comfortable and enjoyable flight. Overall, I would highly recommend Qatar Airways to anyone looking for a top-notch flying experience. Keep up the fantastic work!"
35,"✅ Trip Verified |   I fly often with Qatar. Over 10 times per year, and the service is always so good. Very nice staff both at ground and at Cabin. I usually fly Economy and rarely get upgraded or I more often use points to upgrade my self. But still on long flights from Europe to Asia over Doha on Economy is a great experience."
36,"✅ Trip Verified |   My recent flight from Calicut to Hamad Airport on January 25th, 2025, was generally uneventful, but had several areas where I believe Qatar Airways could improve the passenger experience. Firstly, the check-in process at Calicut Airport was extremely slow, despite having completed online check-in beforehand. The cabin temperature remained uncomfortably warm throughout most of the flight. The quality of the in-flight meals, while tasty, was somewhat diminished by smaller portions. My breakfast croissant was completely flattened. The seats felt less spacious and harder than I'm accustomed to. Finally, I was disappointed by the limited selection of movies available on Oryx One."
37,"✅ Trip Verified |   Doha to Goa (Mopa Airport) in Business Class on Qatar Airways. This short flight, lasting just under three hours, featured Qatar Airways' non-Qsuite Business Class seats. Despite the absence of Qsuite, the experience was supremely comfortable, as is expected. The onboard service was warm and attentive, complemented by their signature on-demand meal offerings. The seamless blend of comfort, service, and sophistication once again highlights why Qatar Airways’ Business Class consistently ranks at or near the top."
38,"✅ Trip Verified |   Copenhagen to Doha on Qatar Airways in Business Class in Dreamliner 787-9. This aircraft features Qatar Airways’ standard non-Qsuite Business Class seating configuration. Despite the absence of the Qsuite, the seats are exceptionally comfortable, ensuring a luxurious experience. The inflight service was flawless, showcasing their hallmark on-demand meal service. I was particularly impressed by the noticeable upgrade in meal quality. The vegetarian option was thoughtfully prepared, with a refreshing lightness compared to the heavier, oilier meals of previous years. Overall, this was an outstandingly comfortable flight that lives up to Qatar Airways’ reputation for delivering the finest Business Class experience in the skies."
39,"✅ Trip Verified | Qatar Airways, economy class, Doha to Paris CDG, B777, 09 September 2024. As always with Qatar Airways, crew are genuinely welcoming and helpful, both on the ground and onboard. I was able to access the Silver Lounge in Doha. Again, crew (mostly from Qatar / Middle East) very welcoming. Food and drinks (including wine) of good quality. Boarding swift. Crew always ready to help. Food, drinks, movies onboard all fine. Qatar Airways still has a miles-based Frequent flyer system (contrary to other airlines within One World Alliance that now have a money-based system) - and this is really appreciated. Last, but not least, i however prefer to fly Airbus (A330 A359 A380) rather than its competitor. Will choose Airbus aircraft within One World Alliance whenever possible, on any given route."
40,"✅ Trip Verified | I have never felt the need to give Qatar a negative review before. I am a Silver member, and travel exclusively Qatar Airways, and have done for many years but I will start looking at alternatives. My complaints were purely to in respect to the food and the food service. On this occasion it was so bad on both legs of my flight it did really spoil the experience. The plane was lovely, entertainment options good and seating comfortable. I will start with the food service, as a silver member you get a hostess visiting you at the start of the flight and ask you what you would like to eat come meal service, then to be told when the service arrives that that choice has run out. I normally sit with my wife in the central section and I have never fully understood why the food service is not synchronised to start at exactly the same rows on both sides of the plane.  I was in seat D and my wife in seat E, the hostess served my meal and moved on. I asked politely if my wife could have her meal and was informed that he was not doing the E seats only the D seat and she would have to wait till the other server arrived, who was about 15 rows forward and nowhere near our seats. I explained that we like to enjoy our wine and meal together at the same time, and that we were silver members and that someone had already taken our orders. He said he was allocated only to the D seats and could not do anything about it. I had finished my meal and had my tray cleared away and was served coffee, my wife still had not recived her meal, or a drink. It was some 45 minutes after I finished my meal that my wife required her meal and this was very disappointing and could have been resolved with flexibility by the staff. Now for the food Choices that  consisted of rice with  beef, or a chicken sausage wth frittata, and the 3rd which was pasta with a sauce.  "
41,"✅ Trip Verified |   Overall the flight with Qatar Airways itself was great, but the flight with one of its partner Malaysia Airlines to KUL is just terrible. For the Munich to Doha route, usually it is flown by the Boeing 787 or A350-900 which does not have QSuite, but on the day of my travel, we got the 777 with QSuite which was a huge upgrade from these types of planes that usually operate this route. Food was great, Staff was great, Entertainment was Good, WIFI is free for Privilege Club Member up to 1 hour. Arrived in Doha and we enjoy their Al Mourjan Business Lounge located at The Garden. Then we continue to Kuala Lumpur with Malaysia Airlines and the food was terrible, entertainment was very limited, WIFI was slow and staff was not so great. Qatar Airways needs to stop handing over their flights to their partners like MH and continue to operate their own daily flights instead. "
42,"✅ Trip Verified |   We had a pretty disappointing flight. As we boarded in Barcelona, ​​I noticed that the flight attendants didn't seem particularly friendly. The plane was old, my partner's screen didn't work, and the seat in front of me was difficult to recline. Service on the night flight didn't start until 1.5 hours after takeoff, which pretty much ruined our night. The quality of the food has been better before, there were no refills of drinks and no coffee before landing let alone breakfast. We are very disappointed this time and hope that it was just a bad exception and that Qatar will maintain its level in 2025. "
43,"I✅ Trip Verified |    flew with Qatar Airways for a round trip between Paris CDG and Manila, with a layover in Doha. The overall experience was outstanding, both on the outbound and return journeys. The layovers were perfectly coordinated: around 2 hours on the outbound flight and less than an hour on the return. Despite their short duration, everything was handled smoothly and efficiently, without any stress. Onboard, the service was impeccable, with an attentive and professional crew. The food served was of high quality, and the seats were exceptionally comfortable, even on a long-haul flight. I highly recommend Qatar Airways for its seamless organization, exceptional service, and commitment to passenger comfort"
44,"✅ Trip Verified | Qatar Airways is the absolute best airline ever! The service from the time of checking in to disembarkation is extremely thorough and professional. On board, the cabin crew is more than just polite, they are warm and friendly. They engage in conversation with you about your trip as if they are genuinely interested in you enjoying your journey and they are happy that they get to be a part of the process. I also liked that you never have to repeat a request. They listen carefully and follow through even with things like ""Please wake me up 2 hours before we land"" and try their best to accommodate special requests. The team on board this particular flight was one of the best I have experienced. They worked in unison to deliver guest satisfaction. It felt like they actually liked each other and were happy. I want to specially mention Fares who was catering to my side of the cabin. He had a warm, engaging smile. He was attentive and professional. I enjoyed his mannerism and I noticed that he took time to make every single person in his aisle feel special. To conclude, the crew for other airlines are polite, yes, but on Qatar, I feel they are more than just robotic smiling. They choose people who naturally understand good service and treat everyone with equal importance."
45,"✅ Trip Verified | My flight was almost 4 hours late and I knew I was going to miss my transfer flight to Guangzhou. When I arrived to Doha I was really disappointed, that nothing was arranged for the missed flight. Instead many passengers were requested to wait in a hall for further arrangement. This was little bit weird, since the flight was delayed 3h and the flight itself took 7h. Why wasn't everything organized for the customers that you knew would miss their connecting flight? Two persons were assigned to help the customers, but that was one of the most confusing experiences I have ever had in an airport. Two guys running around like headless chickens, talking in a low voice and many people couldn’t hear what they say, stopping in middle of the way when some passer by stops them and ask for advice. I had to be alert all by myself, constantly checking when will my new connection flight can be arrangeme. It's either your system is lacking or those two guys are incompetent. One of the guys was also, not only incompetent, but arrogant. Telling customers that an accommadation is arranged in VIP-hotel, then a person ask what's the name of the hotel, he obnoxiously says he just stated the name of the hotel. Instead of clearing the confusion about the name of the hotel, he decides to belittle the tired and confused customer. When I finally got my connection flight ticket sorted and was ready to leave the airport he dragged me out the custom line after almost an hour waiting in the queue. Saying that they won't let out, because I have alcohol with me. He has to see some other arrangement for me. So I followed him, thinking that I wasn't allow to enter the city. In middle of the way he stops and starts to help other people, totally ignoring my existence. After helping others, he noticed me and said to me that my alcohol would be confiscated if I tried to get pass customs and he have to see if he could arrange for me to stay in a lounge room. Why didn't he fully tell me about my options first hand? I thought there were no options for me to leave the airport. It was almost morning. I haven't slept in almost 24hrs and he is suggesting me to stay in a lounge for rest of the time. There was over 20hrs until my next flight. I can’t stay in a lounge where there is no privacy. I refused his incompetent, useless help and wanted to get back to the customs. I demanded him to escort me there, because I didn’t want to queue again, but he refused and said he did his best to help me. Also I almost missed my next day connection flight, because the attendant told me I was arranged to 02.30 flight, but it was actually 1.30 flight. I had to run like crazy in the airport because I got there late and almost missed the flight."
46,"✅ Trip Verified |   As an emerald platinum member of Finnair Oneworld alliance, I was not recognized in any way: no welcome drink, no words of welcome.  On the HKG-Doha flight, which took 9 hours 30 minutes, I was served was a disgusting snack and a mediocre breakfast with coffee that tasted burnt. The cabin temperature was terribly cold and nothing was done to change things. The icing on the cake was the distant, even contemptuous attitude of the flight attendants to me. "
47,"✅ Trip Verified |   In my opinion the best airline in the world. From the moment we booked our tickets they contacted us several times to inform us even about secondary issues. The itinerary and stopover in Doha the best we could imagine. All 4 flights left right on time. The food was really good and delicious. The behaviour of the flight attendants was perfect, friendly and professional. Tickets prices were competitive. It was my first time flying with this company and it will be a real pleasure to fly with them again"
48,"Not Verified | Athens to Doha was good service but Doha to Tokyo was poor, attendant service very slow (Ath~Doh had 4 people serving economy meal at the same time, but Doha - Tokyo had 2 people serving my economy area). My meal quality was poor and amount of drinks as required. (Ath~Doh) offered drinks after meals and once during 3 hours flight and after meal, but Doha Tokyo offered drinks during the meals but not after meals, on request. Good seat quality and space."
49,"✅ Trip Verified |   Exceptional service, always kind and did their best to make you feel comfortable. Did not have a q suite and the seats may need be refreshed but did not matter when you get nice service good food drinks . I never felt discriminated as i often do because i am overweight, it may sound stupid but for me who travels a bit, that feeling is horrible. Thanks Qatar. Keep up the good job!!!"
50,"✅ Trip Verified |   As always superb experience! Perfect service, friendly and attentive cabin crew, clean and fresh cabin. Food excellent!"
51,"✅ Trip Verified |   As always superb experience! Perfect service, friendly and attentive cabin crew, clean and fresh cabin. Food excellent! And took me back to Air France in the 90s on long-haul flights, a lounge in the business class cabin. Excellent for stretching your legs, get a drink and mingle with other passengers. Splendid idea! But not free basic WiFi."
52,"✅ Trip Verified |   I have flown them 6 times in the last year from Madrid to South Africa via Doha and in business class. Those who have flown on their Q-Suites (777), 787s, A350s, and their older 777 where it was 2 seats on the window with no real divider or privacy, understand there is a huge difference in quality between their planes and the experience overall. When choosing my route for an upcoming trip with them I chose a route that had a Q-suite followed by a 787, as they offer the most privacy and comfort. I just received notice that they have downgraded my plane from Doha to Johannesburg to their oldest configuration of their 777 where there are 2 seats on the window, no real divider, and no privacy at all. I understand that sometimes changes are necessary, however I've spent 3 days now trying to get them to change the 1 leg of my journey, the leg where they downgraded the plane to the old 777, to an alternative flight that would simply put me back on the 787. I'm not looking for an upgrade to a Q-suite, I just don't want to be on the same plane I booked and paid for. However, their service team refuses to make the change without me paying a fare difference. Apparently the only time they will allow a free change is if they downgrade you from the Q-suite, which is ridiculous. If they moved it from a 787 to an A350 it would have been fine, however their old 777 configuration is by no means anywhere near the same quality of experience. There is no flex, no desire to keep your business. I realize I am complaining about a business class experience, which may seem petty to some, however when you fly a lot, spend a lot of money to do so, there should be an expectation of service from the partners you choose. "
53,"✅ Trip Verified |   There was serious confusion conveyed by flight attendants to passengers after arriving in Phuket. “Passengers flying on to Penang should disembark at Phuket.” “Passengers going on to Penang should stay seated.” “Passengers who will go on to Penang should come forward now to disembark.” “You should not be trying to disembark yet.” Now you need to disembark at the rear of the plane.” “You should not be coming back here. Return to the front.” Then a scheduled 90 minute layover became 3 hours. Upon arrival in Penang Qatar did not get a jetway, and it was raining hard. After moving forward to disembark we were told by the pilot that the airport is requiring us to sit on the aircraft for 30 minutes until the rain stops. About 40 minutes later the pilot informed us that we will have to wait at least another 10 minutes. "
54,"✅ Trip Verified |   The food and choices on the long haul from Bos-Doh was quite stressful. The Economy regular meals were to die for to be honest- some of the best chicken biryani, which you wouldn’t see in the special meal menus. This time it was stuff that neither me nor my family could get half way through. Either too bland or salty. Also the service was slow - kids get super cranky on late night flights without food and no butter, salt, pepper and sugar.  Unlike many other airlines, QR’s economy class is really good. In fact that was my biggest selling point for wanting to fly QR this time- collecting air miles is not an easy job! An older aircraft having >90% occupancy with an out of order toilet plus wi-fi doesn’t help. On the positive side, massive shout out to QR ground staff from Bos for a smooth path from check in to boarding. Also to the Doh- MAA flight pursers for explaining the shortage of on board meal options- only chicken was available in the general category. "
55,"✅ Trip Verified |   It started when we checked in at Maldives and the check-in couldn't give us any boarding passes for the second flight between Doha and Copenhagen. They asked us to contact the Qatar Airways service desk after arriving in Doha. We did this upon arrival but was then referred to another Qatar Airways service desk. After queuing our way through the third service desk, we were told that they could not give us a boarding pass due to the flight being overbooked. They wanted us to go to some other service desk several times. After 3 hours of waiting we finally got boarding shortly after check-in at the gate opened. We had to rush to the gate. Since I had not received a boarding pass at the airport, I could not do any purchases from the airport shops as I normally do. While I wasn't checked in, all the updates via Qatar Airways' app on my mobile didn't show up, which features I appreciate. I have sent an email to their customer service support but no feedback in a month."
56,"✅ Trip Verified |   Qatar Airways is using Oman Air planes and crew on certain sectors. This sector was changed a few months after I booked my ticket, and I didn’t mind so much because I was keen to experience Oman Air. The business class layout is ok, and the seat was very comfortable. There were only 3 passengers travelling in business class on this flight and we were well attended to. The food and wine was good. Nothing more, nothing less. The crew were very pleasant and enjoyed a chat. I find the Qatar entertainment very limited and not a wide selection of movies. The flight itself was very smooth. Overall, a comfortable 5 hours in the air."
57,"✅ Trip Verified |   Outstanding flight and crew. The food and wine were superb. The FA looking after our section was outstanding in her quiet delivery of her service. I had a very different experience on each of the four sectors I flew, and this sector together with the Doha/Nairobi sector were on par. Attentive service, good food and a comfy seat. The entertainment choices are very limited so I usually end up listening to my own music. The seat was very comfortable and I managed to get 6 hours sleep."
58,"✅ Trip Verified | I recently flew Qatar Airways in business class, expecting the renowned QSuite experience. However, the aircraft was changed, and the QSuite was not available. The issues didn’t end there. When I contacted customer service to inquire about rebooking, the agent I spoke with was unhelpful and uninterested in assisting. Unfortunately, the service on board was equally disappointing. During boarding, the cabin crew paid little attention to passengers, creating a lack of warmth and hospitality. The in-flight dining service was far below the standard I expected: The dine-on-demand service was not offered. When I requested mezze, I was told it was unavailable. My alternative request for miso resulted in receiving a completely different dish. For the main course, two out of four options on the menu were unavailable. I was served chicken that appeared to be from the economy menu, and it was tasteless. My second meal, sushi, was barely edible. Even basic items like orange juice for a mocktail were not available. For a 12-hour flight, the limited meal selection and poor quality were unacceptable. When I raised my concerns with the purser, I did not receive an apology but was told I should have pre-ordered my meal—despite not being informed of this requirement beforehand. This experience was far from the premium service Qatar Airways promises its business class passengers. I hope the airline addresses these shortcomings to ensure better service in the future."
59,"✅ Trip Verified | ""Love at First Flight"". I took Qatar Airways for the first time two years ago. As a frequent business traveler, customer experience, value for money and safety are the two most important factors. In my opinion, Qatar Airways achieved full marks in all the three areas. Qatar Airways is now my No. 1 choice. Some of the meals that you have provided onboard have been one of the best experience that I have had over thirty years of flying. I feel treated as a ""First Class"" passenger on Economy class."
60,"✅ Trip Verified |   The flight lived up to expectations, though this older aircraft did not have as wide a range of movies loaded into its IFE compared to the flights operated by newer A350 and 787. Boarding of the aircraft was efficient and respected the assigned seating Zones. Good service from cabin crew, who were very courteous. The first meal service was a bland chicken sandwich (because the flight operated late at night, when most people just wanted to sleep). A full cooked meal service was provided later in the flight for breakfast, however. The flight operated on time."
61,"✅ Trip Verified | Chaotic check-in at Kathmandu. The airport struggles to cope with volume of passengers, both land-side and air-side. The flight departed an hour late due to local air traffice restrictions, despite the incoming aircraft having arrived on time. The aircraft was one of the older ones in the fleet, and the IFE was not touch screen, nor did it have the same breadth of range of entertainment options as offered on Qatar's newer aircraft. However, service was good, including food & beverage offerings, despite the aircraft being fully occupied. Cabin crew worked hard and were always polite and attentive. As a result of the late departure, we arrived in Doha an hour late, too. The aircraft was parked a long bus ride away from the terminal, which didn't help the delay."
62,"✅ Trip Verified |   The best thing about this airline is the good training of its staff. They have been trained to be polite even in the face of problems. It goes a long way to making the experience more pleasant than it otherwise could have been. The booking experience  via their website was not fully satisfactory as the seat map could not be accessed at the time of booking nor via 'Manage your booking' after the booking was made. I had to ring up the call centre  to request them to book my specific seats. The call-centre staff were polite and very willing to help, but the quality of the phone line was poor. Online check-in could not be fully completed, requiring manual document checks at the airport (Heathrow) for the issue of the boarding pass. However, the queues for the self-service check-in machines at the airport was very long and every passenger seemed to require manual documentation check by staff (who were too few to cope with this - but handled it politely)s. Onboard service was excellent and plenty of food provided for the flight. IFE had an impressive selection of movies and TV shows."
63,"✅ Trip Verified |   Crew were hardworking and attentive on this full flight. Good provision of food. Excellent range of inflight entertainment. Flight took off and landed on time. My only gripe is that it was difficult to reserve my seat in advance- the online seat map was not working on their website nor on their app, and I had to ring up the call centre to sort it out."
64,"✅ Trip Verified |   Traveling from Delhi to Düsseldorf, we encountered a long check-in queue, some open counters in the economy class were left unattended, with staff chatting instead of assisting passengers. We had an allowed baggage weight of 100 kg for our four tickets, each with a 25 kg limit. We checked in two bags, but the staff said that one bag weighed 27 kg instead of 25 kg and demanded payment for the extra 2 kg. We had to leave the queue to adjust the weight and upon returning, were asked to start from the end of the line. Onboard I had to settle for an Indian vegetarian meal, which I did not enjoy. While Doha airport was beautiful, we were transported to our connecting flight to Düsseldorf by bus, which was uncomfortable."
65,✅ Trip Verified |   The staff were not friendly to me at check in. The seats aren't comfortable and my food did not taste good. Planes are smaller than some airlines.
66,"✅ Trip Verified |   I travelled with a baby on Qatar Airways. Though I added the baby late, they auto-assigned me a seat with a bassinet. On the flight, they were so kind and helpful. They had baby food and diapers. They helped me fetch milk from my bag. When the baby poured food all over me, they helped me clean up, including a member who wiped my feet. They were so kind and helpful - I was very moved."
67,"✅ Trip Verified | The plane was fine, for a long flight it is important, but the bathrooms were dirty. The meals they offer, you can choose if you are in the front, from the middle to the back, they only offer you what is left, pasta. The same at breakfast, if you don't want the option they give you, they tell you to wait until they serve the entire plane. You can ignore all this, but when you arrive at your destination and they have lost your luggage, the disappointment is total. And worse, when upon returning home, they lose your luggage again, they deliver it to you later, the suitcases are broken, they follow the instructions of their call center for the claim, and finally they do not take responsibility for the damages. "
68,"✅ Trip Verified | I  took QR701 from Doha to JFK on Nov 11. I was flying business class and was seated in 10A. After we took off, the refreshing towel that was given before mwas still on my counter for about 30 minutes. I was served with breakfast 30 minutes after we took off. They left me for the next 8 hours on a 13 and 1/2 hours flight. I was taking naps off and on but lost track of time. No one checked if I needed anything. When I requested to have my meal served, it took about an hour and half from start to finish. The service was slow. No one was being served at that time around me. My dessert plate sat on my table for another 30 minutes after I finished. I asked for a drink about 2 hours to landing, no one picked up after for an hour or so. "
69,"✅ Trip Verified | I have unfortunately witnessed a decline in service quality and value for money. My recent experience on a flight from JFK to Doha was particularly disappointing. The onboard meal service was far below expectations. I had ordered a special Asian vegetarian meal, but the food was of poor quality—extremely salty dal, undercooked rice, and watery, tasteless paneer left much to be desired. The inflight entertainment options were equally disappointing, with no new films available. Instead, the selection consisted of outdated blockbusters, making it hard to pass the time on a long-haul flight. While the new Boeing 777 aircraft offered moderately comfortable seats, the overhead storage was poorly designed, causing significant inconvenience. Adding to the frustration was the baggage policy enforcement. Qatar Airways enforced a single carry-on policy, which I assume is due to the overhead bin space. This policy feels overly restrictive and diminishes the overall travel experience. The service from the cabin crew was another letdown.  What once set this airline apart—exceptional service, quality meals, and attention to detail—now feels like a distant memory. "
70,"✅ Trip Verified | My initial flight (QR 649) was scheduled on November 12 at 9:30 am from Kathmandu to Doha. On November 7, Qatar canceled my flight because of ""operational issues."" I was told that Nepal's airport renovation had resulted in several airline cancellations over the previous eight months. Qatar was aware of this problem for a long time because I made my travel arrangements in April 2024. My original flight (QR 649) was changed from 9 am to 7 pm on November 12 and there were other Qatar flights from Kathmandu to Doha on November 12 however Qatar never accommodated me to take one of those flights. Rather, I was instructed to fly from Kathmandu to Doha on November 18 or from New Delhi to Doha on November 11. I chose to fly from Delhi on November 11 because I had to return to Chicago by November 13 for work. Additionally, Qatar informed me that I would need to arrange my own airfare from Kathmandu to Delhi. I had to pay $500 to another airline for a ticket from Kathmandu to Delhi. I was informed by Qatar that I would not receive reimbursement for this flight. To get home to Chicago, I had to pay an additional $500 and cut my trip short by one day. Furthermore, Qatar misled me by claiming that there would be no additional flights on November 12."
71,"✅ Trip Verified | Flew to London last week and the journey was totally flawless. On the return journey wanted to make a date change, so went to the terminal 4 hoping that this would be quicker and simpler. The ticketing staff was unhelpful and I had to stick to the original itinerary. Upon returning to Doha today early morning, there was NO jet bridge so passengers had to uae the stairs."
72,"✅ Trip Verified |   Disappointed with the service on the Melb to Doha leg. The FA was reluctant to serve me champagne before take off and when I asked for another glass during dinner, conveniently forgot. I had to ask for my tray to be clreaed after dinner. The same crew member made up the bed which again had to ask. The main meal was ordinary, not the same standard as in the past. The Qsuite was nice and comfortable and managed to sleep 8 hours. I would rate this flight 3 out of 5. My flight from Doha to Nairobi was outstanding. The FA were magnificent, efficient, served me champagne even though it was 2am without any question or judgement. The meals were nice. The flight in the  A350 . I paid BC as this is my trip to celebrate my 70th and was disappointed in the standard of service in the first part of the journey but definitely not the second."
73,"✅ Trip Verified |   I always fly business class with Qatar Airways and this is the first time I got disappointed with the service, especially with the food. They serve me cold omelette and I asked for cappuccino they serve me like a glass of milk with a small amount of coffee."
74,"✅ Trip Verified |   I booked business class KTM-DOH-LHR and back with British Airways and Qatar Airways. 2 days before my flight back from London I get a message stating they have cancelled my connecting flight from Doha to KTM and replaced it with a flight next morning, with a 10 hour layover. I expect them to do is provide transit accommodation in Doha, when they they chose to put me through the unwanted 10 hour layover but they don't. I am asked to land in Doha and try my luck with the transfer desk, I am not amused by the thought of running around for accommodation past midnight when my flight lands. I call them, chat with them, my agent in KTM files a request , my travel agent sends a mail, and I filed a formal complaint. Nothing. "
75,"✅ Trip Verified | Worst experience in over 50 years. 2 days before they cancel the flight for operational reasons and offer no alternative route despite having a flight a day before which I was willing to take and assume the cost of the extra night stay. I have traveled with them before, ok in flight, but will never expose myself to this lack of service again."
76,"✅ Trip Verified | I paid a premium price and did not receive a premium experience. The aircraft on both legs was very dated, WIFI did not work and the entertainment was terrible. On both flights my main course was very dry and tasteless. My flight between Durban and Doha was chaotic, the cabin was half empty and I still had to keep asking for water or to have a second glass of wine. Drink quality was good but very controlled. "
77,"✅ Trip Verified | This was my first time flying Qatar as I feel that Emirates are now getting very dated especially on the Dublin/ Dubai route. Qatar was excellent between Dublin and Doha. Cabin was modern, service was excellent and food was the best I have had on a flight . I really enjoyed it. The flight between Doha and Cape Town was not so good. It was a much older cabin but as it was a late night flight I did not want food so I cannot really comment on service and food quality although I was disappointed with the seat and the entertainment. There was very little selection, and some of the TV series were season 2 or season 3 which does not make sense if season one is not available. This part of my trip really did bust my bubble. Wifi on both legs was terrible and really not worth the effort."
78,"✅ Trip Verified | My check in process through the Business counter was excessively long. The staff member had no idea what he was doing. The Economy counter next to me pumped out 3-4 people while this man pondered my check in at snail pace. It was very frustrating, but only the beginning of what was to come. On boarding the aircraft I realised it was a small A320 and had I known that at the time of the upgrade offer, I would never have paid for it. The seat is nothing more than a premium economy, it barely reclined, there was no footrest, there was no entertainment unit (unless you count an annoying stand alone IPad). Honestly, it was horrible. The seat was not comfortable at all, the aircraft was freezing, the windows were absolutely filthy with caked on muck BUT the icing on the cake was inflight service. It was very ordinary and although the food menu presented well and I enjoyed my appetizer and main, they forgot my dessert and coffee altogether. What a waste of money."
79,"Not Verified | Excellent Service by the Flight Attendants on Qatar Airways (Flight QR 976, October 20). I recently flew with Qatar Airways on Flight QR 976 from Doha to Hanoi on October 20, in Business Class, and had the pleasure of being assisted by two amazing flight attendants, Yu Hee and Anastasia. Their service was outstanding from start to finish. They were attentive, friendly, and professional, ensuring that all passengers in Business Class were comfortable and well taken care of. Yu Hee and Anastasia’s warm attitude and attention to detail truly stood out, and they went above and beyond to make the flight a pleasant experience. Whether it was answering questions or offering assistance, they did it all with a smile and genuine care. I want to extend my sincere thanks to these wonderful flight attendants for their excellent service. They truly made a difference in my travel experience, and I look forward to flying with Qatar Airways again."
80,"✅ Trip Verified |   I've had the pleasure of flying with various airlines over the years, but Qatar Airways remains my top choice. Their exceptional service consistently impresses me, from lounge amenities to seamless departures and in-flight experiences, culminating in stress-free arrivals. Qatar Airways has earned my loyalty, and I wholeheartedly recommend them to friends and colleagues."
81,"✅ Trip Verified | Qatar airways have been excellent in all aspects, starting from booking / changing you tickets online, promptness in flight timings, professionalism and courtesy of crew members and ground floor. Their only aim is to make you happy. Aircraft is always very clean, comfortable seating, great variety of entertainment, excellent quality of headphones and screens, food in first class could be easily Michelin star rated, great experience and I always look forward to travel in QA."
82,"✅ Trip Verified |   Booked with Qatar last minute, glad I did. I downloaded the app which made changing dates and seats a breeze, and it has 247 live chat which is brilliant. First leg on new 777-300ER layout. I found the seats not very comfortable (23C exit seat). Entertainment was fantastic, more than enough to watch, almost like having Netflix onboard. My screen had issues which was frustrating though. Staff very friendlya and approachable. Food very good! Second leg not as good. Same plane but older layout. Food not as good. Really horrible sandwich, and my breakfast was only OK, not that appetising. Seat also not very comfortable (35C exit seat). I always have to pay for exit seats because of my height. I get annoyed when people see empty ones and sit in them when they haven't paid. There were quite a few empty seats on both legs of the journey, yet when I booked 48hrs before departure, there was only 1 seat left. Toilets kept quite clean, but the bins were overflowing on both flights.  Both flights delayed without explanation. Flight arrived 10mins early at final destination. Doha airport I find good. My second flight was not shown on the screens though, so there were a lot of people trying to flag down staff to check what gate."
83,"✅ Trip Verified |   Evening departure from BKK. Qatar really struggle with boarding on occasions and this was no different. Seats were changed at the gate as one of our reserved one’s were wet. Allocated into the rear cabin 38A + B. Seemed to be an older aircraft with an older configuration in the business cabin. Busy flight. The seat proved to be very comfortable and superbly thought out. The best there is I think. Safety issue of individuals roaming around the cabin aisles looking for empty seat rows, including someone moving up and down the aisle with his bags, opening and shutting overhead bins blocking the aisle While the aircraft is taxiing under power for departure. Something that should of been jumped on very quickly, but wasn’t. Food was exceptional for Economy, as was the service from a hard working pleasant crew. Overall this sector proved that this is the best Medium to long haul Economy cabin product there is. . Doha Hamad Airport is exceptional and a pleasant transfer. Second Sector on a Boeing 787-8. 19F + G either side of an aisle. Flight appeared to be full and Departed on time, early hours of the morning. The seat’s on this Aircraft were significantly less comfortable. A . 3-3-3 configuration and the ACDFGJ seats each have an under seat IFE box mounted on it’s side that restricts the width of legroom available. Seats appear far narrower, and not so well thought out. Although I find the cabin appealing and the ride pleasant. I’ll generally avoid this particular type of Aircraft. because I find them particularly uncomfortable in Economy, especially on a busy flight.. Again, exceptional food, great Service and a lovely hard working crew. Nonetheless, overall a very nice Economy experience, highly recommend it."
84,"✅ Trip Verified |   As a frequent flyer with Qatar Airways, I can confidently say that their service is consistently exceptional. The hospitality, from check-in to arrival, is outstanding; staff are courteous, attentive, and always ready to assist. Their scheduling is reliable and well-organized, making flights punctual and connections smooth. The ease of booking, online or through the app is incredibly user-friendly, allowing me to arrange trips without hassle. The lounge facilities are superb, offering a quiet, luxurious space to relax before flights with excellent dining options. Both ground and inflight services are top-notch, with a focus on comfort, quality, and efficiency. Qatar Airways truly sets a high standard in global air travel!"
85,"✅ Trip Verified |   Doha to Athens plane was small with box that blocked leg room window seats. As a person with a disability I could not move, request to move was met with only had middle seat, as business class is only for people that pay for them. When I requested to pay by points for upgrade was told none available. When people in front chose to recline hostess reaction they are allowed to recline however when we tried our seats were rudely pushed upright by passengers. I have emailed Qatar as yet no response."
86,"✅ Trip Verified |   In the past 10 days or so I've taken 4 long haul business class flights with Qatar and on all of them it's been like being in a 5 star hotel / restaurant. The cabin crew treated me like a VIP, the food & drinks were excellent and the facilities (seat, entertainment, wifi, toilets etc) were all fantastic. It is a real pleasure flying QA. The same goes for the lounges I used in Doha with the only negative being the lounges which they don't control outside of Doha."
87,"✅ Trip Verified |   Absolutely terrible trip. Started off well from Dubai to Doha nice 777 in first class which is business class rebranded for this route. Once in Doha the fun started in the Business Class lounge I was told I could only stay 30 minutes and access to the restaurant area was denied because they were busy, so no hot food. Staff were robotic and not at all interested. The connecting flight was an old A320 with a business class seat which was broken and they said cannot be fixed. Hardly any legroom and cramped. Poor inflight entertainment selection and no wifi. Breakfast portions dismal, left the flight hungry. "
88,"✅ Trip Verified |   I discovered that my luggage had been severely damaged during the journey. The crack spanned across the depth of the luggage, from the zipper to the wheel area, and the inner linings of my baggage were clearly visible. As I had left the Airport premises when the damage was found and I acknowledged that there might not be anything the airline could have done for me, their response was the most unhelpful I have ever received. My return flight on 29 September was cancelled. The instructions to collect our baggage and hotel vouchers were poorly communicated, we only heard muffled announcements and did not receive any email or text message on what to do next. It was chaotic and the airline staff were unhelpful, it took us more than 4 hours just to collect our baggage and vouchers at the airport, before we boarded the bus to the assigned hotel.  Following my trip, I also reached out to Qatar Airways Media/Customer Service to share my feedback, however, it does not seem like they took my feedback seriously. They took more than 10 days to inform me that they had forwarded my feedback on baggage irregularities to the Baggage department in Zurich. "
89,"✅ Trip Verified | The experience from boarding, which was chaotic and confusing, to the seat, entertainment, staff and food was abysmal. Qatar have really gone downhill. During boarding the staff were giving contradictory messages to the passengers, with one person saying a certain group could board and another saying they couldn't. The economy seats are hard, small and uncomfortable. I was able to book an economy comfort++ for one leg of my journey. It should have been two but they changed the hardware, so I was bumped to economy. These seats are much better but it's a lottery if you can book one. My food servings were tiny, and a couple of the meals I couldn't finish they were that bad. The staff were didn't do anything above the bare minimum. The entertainment system on some planes is outdated and unresponsive, although much better on the newer planes. However, the selection of films is quite poor. "
90,"✅ Trip Verified |   I have flown with QR 8 times this month, economy and business class. The airline is pretty good especially in economy as a Privilege club member with status, expedited check in and lounge access for both Silver & Gold levels. On board assuming you pick the right seat it's comfortable The food is good as is the service, it's very good and probably one of the best. Business class is great on any aircraft, I had my first experience of Q Suites which was nice, although I like the A380 too with a bit more space and a lounge to use. My 8th flight this month in Q suites from DOH to LHR was probably the least enjoyable, boarding was a shambles, the aircraft was a 20 minute bus ride away and once on board remained at 30c + for 45 minutes, the crew were just okay. Food options not available and the area around my seat is not cleaned with rubbish left by the previous passenger. Clearly QR and DOH airport offer great options, we all have off days so hopefully this is what happened with my last flight. Otherwise I will continue to use QR on my 8 to 10 trips each year, they really are customer focused and offer a great product they just need to get there boarding process sorted it's a bit of a let down sometimes."
91,"✅ Trip Verified |   Rude Staff Upon arrival at the airport, we encountered dismissive behavior from a Qatar Airways supervisor, our concerns were met with a lack of empathy, which  No Entertainment during our 7-hour flight, my wife and I were the only passengers without a functioning entertainment system. While I understand that technical issues can occur, there was no effort to provide alternatives. This left us frustrated and disappointed. I have reached out to Qatar Airways multiple times regarding these issues, but their responses have been generic and focused on unrelated matters, such as visa documentation. It feels as if our legitimate complaints are being overlooked. We chose Qatar Airways expecting world-class service, but we received anything but that. The lack of resolution has overshadowed what should have been a joyful occasion."
92,Not Verified | Flight ok to Doha but 6 hour delay on return with no compensation despite it not being due to weather etc. Poor customer service. Meals repetitive but crew were reasonable.
93,"Not Verified | Wonderful experience, awesome staff ... very friendly and attentive, good food, clean cabin and toilets. Streaks ahead of other airlines. Will definitely be flying Qatar wherever I can. "
94,"✅ Trip Verified |   No hot towels are provided, and the sweet to suck to prevent your ears-popping are no longer given out and meals were notably smaller although still sufficient. We did online check-in and there was dedicated web bag-drop which was quick, and stress-free where the friendly ground staff issued us paper boarding passes. Boarding was scheduled early but on time, and the cabin crew on our first flight from London Gatwick to Doha seemed motivated, hospitable and keen to please providing service with a warm smile. The Boeing 787 on this route is very comfortable to travel on and we arrived early into Doha, where thankfully we could have a leisurely transfer via an airbridge to the terminal and even have some time to experience The Orchard at Doha Hamad as well as a quick spot of Duty Free shopping. Our second flight to Salalah was on time, staff were a little less polished but efficient and friendly. Meals including snacks on both sectors was excellent in quality - very tasty. I was pleased with the overall comfort and service, and it provided a relaxing start to our holiday in Oman."
95,"✅ Trip Verified |   Our outbound journey with Qatar Airways excellent and I was pleased standard had been maintained but our return journey showed how inconsistent they cab ne and that an excellent experience cannot always be counted on. After checking in online where it was communicated our flight from Doha to London would be on an A380 which we were pleased about, when we went to the airport to bag-drop we enquired if we could be seated on the upper deck economy cabin - the check-in assistant at Salalah airport was struggling to do this so consulted the Qatar Airways station manager there and he informed us the reason it wasn't possible was the plane had been changed to a 777. This plane is is cramped with 10 abreast rows when the plane is designed for 9 abreast, the seats have virtually no padding. On an overnight flight it was a very uncomfortable. The transfer experience early morning at Doha to get to that plane is stressful and chaotic - especially if they make you land at a remote stand, you will struggle to make your connecting flight. It is ridiculous to be using a remote stands and bussing people to the terminal via slow convoluted route at what is very new and modern airport. There is also bag security checks, once a general one then another random one at the gate for our flight back to London. My food was appalling on all sectors with this journey - the funny thing is on our Salalah to Doha sector we got the same meal (chicken mashkool) as on our way to Salalah a week ago, but whilst then it tasted amazing this time it tasted terrible. Cabin crew on both journeys were at best indifferent, but looked unhelpful, unmotivated, lacking warmth and miserable on the second flight from Doha to London Heathrow - this is meant to be one of their flagship routes, yet this is the standard of service. "
96,"✅ Trip Verified |   Helsinki-Doha operated by Finnair. Excellent service and food very good for economy class, FAs almost perfect. Qatar Airways from Doha to Johannesburg. This flight was the biggest disappointment. Service was we don't care, we just work here. My food was disgusting. Drinks served in glasses."
97,"✅ Trip Verified |   On 7 October 2024 we had waited for hours in Barcelona airport and were looking forward to relax in a pleasant Business Class lounge. Our dep 2250 for Doha flight checkin time was stated to be 7.45 pm, but the staff were busy chatting, not heeding the time and long queue for Economy. There was no cordoned off section for Business Class passengers. They finally opened 3 counters past check in time and it was a free for all with Economy class passengers shoving ahead. The Barcelona business class lounge, it was very disappointing. Most toilets did not work, there was hair and rubbish stuck in the sinks. In the lounge none of the power points worked for us to charge up our phones. The food offered was the worst in a Business Class Lounge. A few squares of cold lasagne, lots of snacks, and cleaning staff wheeled their wagons around the tables chucking in dirty tableware noisily. The flight to Barcelona to Doha took off late. As a result, in Doha we were not able to enjoy the Business Class lounge, and barely managed to get to our connecting flight to Kuala Lumpur, rushing through the crowded airport."
98,"✅ Trip Verified |   The flight from Rome to Doha was turned back and had to land in Turkey where the passengers stayed on board the plane for more than five hours before being sent to sit in seats at a departure gate. Without clear advice on the flight out of Turkey we eventually were placed on a flight to Doha. There was chaos at Doha airport with little help and communication in regard to flights to get home to Perth. The systems seemed inadequate to provide information to staff who were extremely inefficient in handling our flights back to Perth. After a further period of about 10 hours we were advised last minute of flights we were on. We had paid extra for the upper deck of an A380 plane from Doha to Perth and were placed in normal economy on the flight to Singapore. We were then placed on a Jetstar budget airline flight from Singapore to Perth.  We arrived at our destination two days late after experiencing about 4 hours of sleep over the two day period. After seeking compensation for the Doha to Perth flight, particularly for the upper deck seats we never got, they advised me that no compensation will be paid."
99,✅ Trip Verified | This was my changed flight after I missed connection. All was well. Bit hot at the beginning as we were boarding on a tarmac from the bus. Flight was smooth. There was only one little mistake. Before service a male staff member asked for my food preference. I ordered beef. During service I got chicken and as the staff ignored my bell for a long period of time I walked to him and changed the meal. Otherwise I had great time and really enjoyed the flight. Thank you so much.
100,✅ Trip Verified | Very nice to be back onboard the mighty A380. Unfortunately due to the closure of the airport because of the storm we ended up delayed almost 2 hours. However as I understand that it was beyond Qatar crew control we were taken care of well. Watching movies and having a glass of drink while waiting for the ATC to finally allowed us to push. As a result of that unfortunately me and most of customers missed their connecting flights. One thing I would complain about was the fact that we were not able to find connection information on our screens so we had to wait until we got to the transfer desk. When on transfer desk I would strongly recommend to add more staff for economy section. I went to Silver/Platinum/Gold line and it was great but looking at the economy section it seemed very understaffed. Overall I was happy with the way how this whole trip was handled. I was booked on next available flight in 8 hrs and got to my destination rested and ready to go.
101,"✅ Trip Verified |   Amazed by the service on ground, in the air, quick baggage delivery, on time flights, clean aircraft, toilets, super entertainment. The air crew were particularly helpful and went out of their way to help, respectful and very professional. First time flew Qatar Airways but will keep an eye out when selecting airline in future. Keep it up!!"
102,"✅ Trip Verified | I will not be traveling with this airline again. They have worst food, worst luggage policy and worst customer service. Food was flavorless, and bland. During my recent travel, they served mushroom omelette, it was one of worst thing I tasted. They have changed their luggage policy for international travel to/from US to only allow one checked bag and one carry on (no more personal items such as backpack or purse). All this measures to make sure that they make maximum money from price gouging unsuspecting travelers. This creates unwinding lines at the airport because almost all the passengers have to shuffle their luggage or pay extra fees for their luggage. "
103,"Not Verified |  I selected & paid for the specific seat prior to the flight, not to bother with the remaining available seats at the airport. In the day of the travel I realised that the purchased seat in the middle area of the plane & aisle seat was changed to a middle seat. When I started the discussion via chat, they informed that the plane changed which is understood, but it doesn’t mean that the re-allocation shouldn’t consider what I purchased initially. After several discussions via live chat with no result, I only get an aisle seat at the airport (with additional discussions) from the remaining available seats. The persons travelling with me, without selecting a seat in advance received a better seat position. I raised a complaint and the customer service team returned with an email that they wouldn’t return the money/miles paid as  I also received an aisle seat at the airport although not in the middle area of the plane. So the inconvenience created and the time spent with the discussions & having the seat allocated at the airport which is cost free while I paid for my seat - doesn’t matter. "
104,"✅ Trip Verified |   Return trip LHR via Doha to Kuala Lumpur via, economy. Check-in via laptop failed because log-in all day said ""There's been an error. Please try later"". The app failed to work because required fields (Nationality, and Country Code - already in my profile details, but not propagated to my booking) were inert and couldn't be completed - and so I couldn't proceed to the next page. Eventually, via laptop I got a Confirmation of Check-in, but no boarding passes - which meant queueing and check in at Heathrow anyway on the day of departure. A 1-hour connection time in Doha was reduced to 30 minutes due to late arrival of our first Qatar flight, and we had to cover a long distance to the next gate (including wife with 6-month old knee replacement). It was tense, and if they hadn't delayed the subsequent flight by 20 minutes we would never have made it. Return check-in the app didn't work. We had therefore to check in at the airport in Kuala Lumpur on the morning of the flight - along with dozens and dozens of other passengers presumably with the same issue.  There was a massive queue as a result. It moved at a snail's pace because even with five desks open, the process and staff seemed laborious and slow. We barely made the gate in time, but had allowed two and a half hours for this. During the second return leg (Doha - London) the crew were pretty clumsy, one girl ramming the drinks trolley three times into my seat and the seat in front. I'm not oversized, but got barged by cabin crew going past twice, which is profoundly annoying when you're trying to sleep. The crew on this leg were not particularly friendly, although on other legs they were pleasant. The app is very good at suggesting you upgrade your seat or baggage (at cost) but is so short of real-time data as to be useless. With a paper boarding pass in hand, two hours before wheels up in Doha for LHR, the app still didn't even know I had a second flight to London. The app is an utterly appalling user experience. All the above made for far too tense an experience in both directions, so I won't be using Qatar Airways again. I chose them on the basis of good reviews, and really wanted to like Qatar Airways, but I'm disillusioned. Fairly good in-flight food and good entertainment options are not enough to mitigate all the other issues, which tarnished the start and end of a holiday. "
105,"Not Verified |   Our first time in Qatar Airways as a family was our second trip with our toddler & we cannot begin to describe the vast difference in experience we had compared to the other airline. The Qatar Airways crew clearly like their job & honestly the kindest & most helpful flight attendant we have ever encountered is Hristina. Hristina had a smile on her face from the beginning to the end of the trip & she made us feel at home. She was extremely helpful in helping us calm our 18-month-old daughter. In our prior flight with the other airline (when our daughter was only 10 months) they refused to offer us a bassinet even though we had booked for one & no one even bothered checking if our daughter would fit, but not Qatar Airways staff! Hristina made sure to check & even took her supervisors opinion & they ended up allowing our little one to sleep in the bassinet & she had a comfortable sleep. Thank you for the professional & pleasant experience, we look forward to flying with Qatar Airways soon! Flight QR844 on 14 July 2024"
106,"✅ Trip Verified |   The overall flight experience was splendid, stay at Hammad International Airport felt amazing (9 hours layover) without an inconvenience. The flight from Riyadh to Doha was a bit delayed but the connecting flights were properly managed as well as the Pilot notified this when we boarded the plane. Everything was pre-announced to ensure safety of passengers including turbulence indication. Loved how the crew was extremely professional assisting throughout the flight from Doha to Male."
107,"✅ Trip Verified | Relatively short notice flights (3 weeks) for a family members funeral. Booked to sit together with extra leg room given we are a tall family. Checked in and received email at 1.30am while all asleep that as the flight was too empty they cancelled it, rebooked us in separate cabins in middle seats on a much later flight, and no extra leg room. Unhelpful staff and help, very reluctant to refund the extra leg room we had already paid for. Flight was cramped with mediocre food and entertainment."
108,"✅ Trip Verified |   I've flown Qatar now a few times and each time previously I wasn't sure what to write about the airline. I usually fly Emirates from GLA and even though Emirates service  has deteriorated in recent years I maintain that they are better.  The first 2 sectors from edi to KUL was so uncomfortable. I am only 5 ft and I find the legroom lacking, the width of seat was just fine for me but unfortunately the guy in the middle spilled onto mine and the one on the other side too. Online check-in was unavailable despite being told one can do everything on their app. Customer support via chat was next to useless and telephone calls went unanswered. "
109,"✅ Trip Verified |   Our flight from Nairobi to Doha was three hours late due to mechanical issues causing us to miss our connecting flight to San Francisco. All flights to the United States leave about the same time so we were forced to layover 24 and take the same same flight the next morning. We were met on arrival by an agent and taken to the transfer desk. We were issued tickets for the flight the following day and hotel and food vouchers. We had paid to select bulkhead window seats for our DOH-SFO flight but were assignee bulkhead middle seats instead. We requested a refund and reseating to regular seats but were refused. I also requested compensation for the delay but was also denied. They told us to contact customer service for a refund. We asked that our checked bags be sent to the hotel as they contained all our clothes, toiletries and medicines. After 12 hours we had not received our luggage and I was forced to return to the airport and spend three hours locating it. When I returned home I contacted customer service and once again requested refund of my seat selection charge and compensation for the delay. I was offered $200 non-transferable vouchers for future travel that expired in one year. As we have no travel planned that would go through Doha for the following year these vouchers had no value. I requested cash compensation and was once again denied and the case was closed. "
110,✅ Trip Verified |   Flights booked for family Perth/Doha/Dubai. Qatar have moved us to different seats than what was booked. Separate a family from their 6yr old and 9yr old. I've spent 6 hrs being told they can't help. This is regardless of the fact the seats were confirmed. It would appear other passengers are more important than my family who booked well in advance.
111,✅ Trip Verified |   The aircraft was in good condition. Boarding were by zone which was strictly followed and very efficient. Food was in a small portion and limited option for Southeast Asians. The cabin crew was doing their job but not the best that I have experienced. The serving of food and beverages was slow on return flights. One young female cabin crew from Indonesia interacted with customers (KUL-DOH sector) and was very hard working.
112,Not Verified | Amazing airline. Service was excellent and the whole process was made so easy. Food was very delicious. The whole trip was very pleasant and made easy.
113,✅ Trip Verified |   The aircraft was old and the toilet door was noisy during take-off and landing. The seat back couldn't move and was very uncomfortable despite sitting in the preferred seat at the emergency exit. The food was in a small portion and the serving was slow. The cabin crew was okay but not efficient. I paid for the high-fare class for an economy seat and was not impressed with the experience. Will fly this airline if the price is much lower.
114,"✅ Trip Verified |   I flew QR a number of times before the pandemic and was looking forward to flying then again. With an airline with a reputation like Qatar Airways, I expect an above average experience compared to other full-service airlines. To my surprise, this time was well below average, both outbound and inbound. Only 1 meal service on a 7 hour flight.  The quality of my food was really poor. I ordered the chicken dish and what I received was mashed potatoes with a bland sauce and two minuscule pieces of chicken.  Staff was friendly and helpful. So good points there. My impression is that Qatar Airways has been focusing on reducing costs."
115,"✅ Trip Verified |   Check in, security and automated immigration fast at Dubai terminal 1. Contract lounge decent with a wide range of tasty a la carte dishes. Boarding organized. There was a last minute aircraft change from A350 to 777. Qatar used to inform customer about change of aircraft and therefore change of seats; but that is a thing of the past. Flight uneventful and on time. The long flight departed from a bus gate, which happened to me in over 50% of my 20 arrivals/departures in Doha over the last year. The bus departed only 15 min after I entered, took another 10 min till it reached the aircraft, and stood there for another 15 min because the cleaning crew hasn’t finished. Standing on a bus packed like herrings for 40 min is no fun; especially considering that Hamad airport is suppose to be the best in the world. The flights was conducted on one of the leased CX aircraft, which is always welcomed, because of comfortable seats with a bigger pitch. The entertainment system did not work, but I was given a large IPad instead, which was a nice touch. Food on this flight was ok, and flight was on time. Wifi did not work throughout the flight."
116,"✅ Trip Verified |   Check in at Bangkok airport efficient and friendly. New Miracle contract lounge at new Bangkok terminal better than those at the old terminal. Boarding well organized. Seats of the aging B777 are poorly padded and have below average seat pitch. Service provided by a flight attendant who really does not enjoy her job. Food poor in quality, taste and presentation. Flight on time. Champagne at the Platinum South lounge at Doha airport has been replaced by not very nice sparkling wine. Departure at Doha airport for Dubai from the feared downstairs Bus gates. It had the atmosphere of a budget terminal with insufficient seating, noise and unorganized boarding. It was off peak time at Doha airport with plenty of airbridges available! Long wait on the bus with open doors at 40 degrees. Short flight to Dubai on time on a wonderful and comfortable A350-1000."
117,"✅ Trip Verified |   One of the best airlines I ever flew with. The quality of the service and the plane is over the top, and they still managed to be less expensive that other companies! I love them."
118,"✅ Trip Verified |   Goa (GOX) to Doha (DOH) in Business Class on B787-8. This sector features Qatar's non-Qsuite traditional layout. While not as compelling as Qsuite, it is nevertheless very comfortable. It is a short hop from Goa to Qatar, just under 3 hours, and everything about Qatar Airways was flawless."
119,"✅ Trip Verified |   Probably one of the first A380s received by Qatar Airways and the age showed. That said the cabin staff were fantastic expressive and attentive, the IFE was superb and the selection was wide though I would suggest a search option. WI-FI wasn’t working for me Qatar Airways need to refurbish their A380s and not wait on Boeing the 777-9s that are a long way off."
120,"✅ Trip Verified | Flew Melbourne to Athens via Doha and return July/August 2024. Check in was smooth. Aircraft very clean. Qsuites are amazing. Crew were very professional and friendly, and looked after us extremely well but not intrusive. Once you order your meals these are given to you on your request as it’s meals on demand. Nothing was too much trouble every request was catered to without issue. If you wanted to sleep they would let you sleep, once awake the crew would then offer your meal. Hot towels presented before and after your meal. Toilets were pristine and were cleaned after each person. The PJs were are nice touch on a long haul flight as was the amenity kit. It was one of the best long haul flights and a pleasure to be on board all 4 flights taken. Thank you Qatar Airways we will definitely fly with this company again."
121,"Not Verified | I am dissatisfied with the service from Qatar Airways following my flight on August 2nd. Despite being told that email is the best way to communicate, my emails have been ignored. I only receive responses after submitting new complaints. This shows a lack of commitment. Qatar Airways has put much effort to the service during the flight which is almost perfect, but my experience of sending emails has shown how indifferent and frustrating the airport team can be. "
122,"✅ Trip Verified | First experience of Qatar Airways and was very impressed. The cabin staff were amazing. They were extremely friendly and attentive, and always available when needed. The service given was the best I have experienced of any of the major carriers. Will definitely fly with Qatar Airways again, and would recommend others to experience them."
123,✅ Trip Verified | First time flying with this airline and they missed to load our 5 luggages. Now it went missing for 8 days now. We reported the problem from the time we arrived at Dubai airport and we were constantly following up the issue through call and email but no one cared to help us. It is really frustrating knowing that they are the worlds best airline. Hoping that somebody will step up and help us find our missing luggages.
124,"✅ Trip Verified |   We had a family booking where we  with 3 children under 12 and all of us are allocated to seats not together; we arrived early to the airport and no one helped; we ended up sitting on 3 different rows. The head of cabin crew lied to me before take off and told me she has sorted this out, but that never happened and her response was robotic and she  asked me to write a complaint. "
125,"✅ Trip Verified |   One of the people in the group is 6 feet 4 inches so I booked and paid for three front row seats on the Qatar Airways web site. The payment for just over £240 went through and was confirmed. When I checked in we had been moved to a normal economy seat. The check-in staff at Dubai (not Qatar Airways staff) tried to resolve it but couldn't. I was told to go to the transfer desk at Doha where they would have an answer. The staff there could not care less. The answer was 'there is a family sat there so there is nothing we can do'. Then seemed surprised that I wanted a refund and handed me a card at me with some email addresses on it. We boarded and the seats we should have had were occupied by three other people. No babies, no baby bassinets or any other reason we were moved out of them. The tall person in the group had to sit with one leg in the aisle and one under the middle seat. It was uncomfortable. The seat pitch on the 787 was tight and of course the person in front reclined as soon as the aircraft left the ground. My food was rubbish. I did get a refund but 2 weeks later I am still waiting for a response to my complaint. I am unsure how Qatar presents itself as a 5 star airline."
126,"✅ Trip Verified | I recently traveled with Qatar Airways from Manchester to Dubai, with a layover in Doha, and unfortunately, the experience was far from the high standards I expected from a reputed 5-star airline. Check-In issues began at Manchester Airport, where the self-service check-in machines were difficult to use, and the staff provided little assistance. The process was unnecessarily stressful and time-consuming, contrary to the promise of digital technology streamlining the experience. Additionally, the staff at the baggage drop-off point were abrupt, warning us about excess baggage fees despite our luggage being well within the limit. This initial interaction was disappointing. Boarding the flight was another frustrating experience. The Qatar Airways representative insisted that each family member, including my autistic children, hold their own boarding passes and passports. This requirement seemed unnecessary and delayed our boarding process. A more considerate approach would have been appreciated, especially given the circumstances. The in-flight experience from Manchester to Doha was underwhelming, particularly the food quality. While the service at Dubai Airport was commendable, it was not provided by Qatar Airways staff. In contrast, the staff at Doha were abrupt, asking for passports in a manner that even my son found rude. This inconsistency in service quality is not what one would expect from a top-tier airline. Overall, my experience with Qatar Airways did not live up to the hype. The service was inconsistent, and the quality of food and customer interaction left much to be desired. Having flown with budget airlines that provided better service, I find it hard to justify the premium associated with Qatar Airways. It seems that the reputation of being the ""best airline in the world"" might be more about marketing than service delivery."
127,"✅ Trip Verified | A storm in Washington DC Dulles International Airport on 3rd August 2024 caused a major delay of our flight QR 708 to Doha for over four hours. The explanation did not come quickly until the passenger started complaining. The aircraft finally arrived but the conditions in the plane weren't appealing. One of the restrooms in the rear right did not have running water for washing the hands, although the flush toilet had water. Meals were being served without even sanitizers to Economy class passengers, notwithstanding the dirt some people had acquired from the toilets. The worst part begins when I miss my flight connection from Doha to Nairobi. I was shuffled from one desk to another and finally landed in Transfer desk A where after queuing for one and a half hours was issued with an Ethiopian Airline ticket to Addis Ababa and a Kenya Airways ticket from Addis-Ababa to Nairobi. I had a meeting in Nairobi which had started on 5th August and I was getting late. On arrival in Nairobi, my 2 suitcases were missing and I reported to KQ and was issued with a reference number NBO/KQ69813. As I write this review on 8th August, no information has reached me on the whereabouts of the suitcases. As the primary Airline I booked, I hold Qatar Airways responsible for the careless mishandling of my luggage as well as the inconvenience and costs of buying new clothes and other items that I need as the long wait continues. It makes me have a very low opinion of the Airline. The was just too much disorganization. You trust Qatar Airways at your own risk, wait, you will be disappointed. It can be disorganized worse than any struggling airline, it is hyped and overrated unnecessarily."
128,"✅ Trip Verified | I recently travelled with Qatar and had a very disappointing experience. Customer service over the phone and via email, was terrible and unprofessional charged me more than what I supposed to pay for a ticket by not mentioning a credit card fee charged only if you book over the phone, unfortunately the the fee was not shown until the payment was made. The lounge provided at Adelaide was extremely low cost. It felt cheap and did not meet the standards one would expect from a business lounge of a premium airline. Additionally, my food on board was a letdown. It was served cold which is unacceptable. Therefore my experience with Qatar Airways was far from satisfactory."
129,"Not Verified | Our flight was 5 hours delayed, so we missed our connecting flight. Only option offered was flight next day from Doha! No possibility to use business class or a partner, unless you pay. Customer service at Doha was very poor, hardly no staff to help the customers. At economy class one staff member, at business class next desk 3 staff but no customers. First transfer desk wasn't open, at the second we were told to back to the first one. One desk for about 100 plus people. As Doha is Qatar Airways home you woud expect it to be more fluent."
130,"Not Verified | It was my first time flying Qatar, we arranged our itinerary around flying in Q Suites on a 4 leg journey. We were excited by the prospect of flying in ""the world's best business class"", as we are often disappointed when we fly business with other airlines. It started badly when we arrived at the lounge and were refused entry, we were told that the tickets were a promo fare with no lounge access. I argued that we were BA silver member so were entitled to access anyway. We were told that if we were flying in economy we could access the lounge but as we are in a business class promo fare we could not. The first leg was a Q Suite, it's decent but was on par with other products we had flown. The second leg was a planned non Q Suite configuration. I was shocked at the quality of the product, it was like business class a la 1990. The person sat next to me was as close as an economy seat, the bed was really uncomfortable. There was no leisure suit. I would say this was the worst long haul business class I ever flew. 2 days before the return journey, we received an email telling us that the first leg of the journey from Nairobi to Doha had an aircraft change and was the old product again. I really didn't want to fly in that plane so I called Qatar. The call to their call centre was virtually inaudible, lots of background noise, the operatives accent was so strong I could hardly understand them.  We managed to change the flight which involved an eight hour stopover in Doha. In addition I had to pay $300 to change our domestic flights to accommodate this. So we now had both legs is a Q suite, or so I thought. The day after going through all this drama we received another email telling us that the second leg of our journey (the 8 hour leg) had changed aircraft to the old configuration. I kept checking their website right up to the flight and they were still selling this flight (QR149) as a Q Suite product 48 hours after they had changed the aircraft to a non Q Suite plane. "
131,✅ Trip Verified | My flight was delayed for 8 hours from San Francisco and my connecting flight was already left for Ahmedabad so I had to stay in Doha for 16 hours for my next flight to Ahmedabad. It was very irritating.
132,✅ Trip Verified |   Really poor experience. After a missed connection I was offered an overnight hotel stay . I really didn’t want this so asked to stay overnight in the airport and go on an earlier flight. By 2:30am my only solution was to accept the hotel which was a 30 min bus ride from the airport. I travelled on a very shoddy mini bus with 10 men (I was the only female) at 2:30am to a very old and run down hotel. Checking in took another 30 mins where I refused to sign a document accepting I felt safe in the hotel. I was left with no other option . When I raised a complaint with Qatar once I finally got home they do not care. Not worth it especially if it’s a tight connection in Doha. Customer service on the ground had an attitude and we’re not listening to my concerns.
133,"Not Verified | We flew from Madrid to Doha. Overnight flight. It was perfect. Aircraft was comfortable. Staff were very friendly. Service was great. We had a layover of 4 hours in Doha approx. At 9 am we were ready to board but we were booted out of the plane and asked us to go to customer service. No explanation given. There was a long queue at customer service and it was chaos. It took us over an hour to get in front of the line and see an agent. No one explained why we were there, they just told us that we were going to be in the next plane at 02:20 am next day. They paid for our hotel and gave us meal vouchers and transport to and from the airport. We were also compensated in cash afterwards (once we submitted our claim). My only complaint is the lack of information given to the passengers. No one explains anything. They just tell you what to do and where to go. It was a very stressful situation because of the lack of info. If someone would had explained what was going on and WHY, we could had understood the process and our situation better and felt less stress. Travelling is sometimes stressful and there’s no need to add extra stress to it. Other than that, I think Qatar was great. They just need to stop overselling their flights to avoid these type of situations that are stressful for their passengers."
134,"✅ Trip Verified | In the future we will try to avoid this airline due to its policy regarding the weight of cabin luggage. They weighed our cabin luggage and added it to the weight of the carry-on bag; since it exceeded the weight, they forced us to check in the cabin luggage. The man who helped us was inflexible and despite the tremendous disruption that losing our luggage would cause us on a 45-day trip to Africa, there was nothing we could do. This is the first time this has happened to us in the last 10 years on an airline; airlines have not weighed cabin luggage for years. Not being able to carry luggage in the cabin due to a maximum weight of 7-8 kilos is a serious problem. It was impossible for me to check in online in advance, as the App and the website did not work.  En un futuro, lamentablemente, intentaremos evitar esta aerolínea por su política relativa al peso del equipaje de cabina. Nos pesaron el equipaje de cabina y lo sumaron al peso del bolso de mano, como superaba el peso nos obligaron a facturar el equipaje de cabina. El hombre que nos atendió fue inflexible y a pesar del tremendo trastorno que nos supondría la pérdida del equipaje en un viaje a África de 45 días, no hubo nada que hacer. Está es la primera vez que nos pasa en los últimos 10 años en una aerolínea, hace años que las aerolíneas no pesan el equipaje de cabina. No poder llevar equipaje en cabina por un tema de peso máximo de 7-8 kilos es un problema grave, pues todas las maletas de cabina, aunque se lleven poco enseres, siempre superan esta norma. Por otra parte, fue imposible realizar el checkin online con la debida antelación, pues tanto la App como la web no funcionaban correctamente. - "
135,"✅ Trip Verified |  My wife and I purchased seats months in advance of our flights from Raleigh to Kilimanjaro and back. On the day of the flight we were told the seats didn't exist, and given other seats is basically the worst spots on the plane. Then when filing a complaint for a refund they deny it saying they can't refund because they gave us seat with ""similar characteristics"" as what we bought and the policy excludes refunds for that. We purchased seats together in the window aisle and were given seats in the middle aisle on every flight (3 out of 4) and one of which were not even together. I would not call this ""similar characteristics"" by any stretch of the imagination. This is a vague term they use to allow them to pre sell seats that don't exist, give you whatever seats they want, then claim you are not entitled to a refund due to similar characteristics.  I have had similar situations but always been refunded promptly with any other airline."
136,"✅ Trip Verified |  Excellent service from the ground staff to flight attendants. Very professional, caring in-flight service. Terrific business class seating and wonderful food."
137,"✅ Trip Verified |  Perfect flight with very attentive ground and in-flight staff. The aircraft was clean, the food and in-flight entertainment was terrific. The professional flight attendants did a wonderful job ensuring everything was perfect."
138,"✅ Trip Verified |  I never write reviews, but this time I must do it. I want to thank Qatar Airways, the whole crew. You are the best. I was flying from Beijing to Doha, then from Doha to Yerevan. During my 1st flight, I got horrible pain, because of my kidney stone. I don't know how could I deal with it without the crew. I know it might be just part of their job, but the way they treated me, the support I got from them, meant a lot to me. I can't even say how grateful I am. Thank you again and again. Qatar airways is the best for a reason. From now on I know which airline I'm gonna use without a doubt and gonna recommend everyone."
139,"✅ Trip Verified | Doha (DOH) to Goa (GOX) in Business Class on 787-8. It was a short flight of just over 3 hours. Seating was Qatar's traditional Business Class (not Qsuite), very comfortable. Service onboard was expectedly world class. There is a reason Qatar is currently the world's best airline. If there is a criticism to be made it was that the WiFi on this flight was extremely slow and spotty."
140,"✅ Trip Verified | Copenhagen (CPH) to Doha (DOH) in Business Class on 787-9. The Business Class seating on this aircraft was not the Qsuite configuration. But Qatar's traditional B-Class seats are nothing to complain about. They provide a high level of comfort. Service on board was exceptional, true to Qatar's recognized standards. If there is one area where Qatar falls short it is in the food department. The Indian vegetarian preparation was oily and prepared without attention to detail."
141,"Not Verified |   The check in process was smooth and simple, they had self check in too which I liked, within 45 minutes I was sitting at the gate waiting to board my 10.45pm flight to Doha. When I arrived on the aircraft I was very kindly greeted by the cabin crew, it was lovely and bright when I got into the aircraft. When I arrived at my seat there was a pillow, blanket, headphones, and amenity kit waiting for me, they also had an adjustable head rest and reading light. Very good variety of entertainment on there and I was very impressed with how attentive the touchscreen was. About 1 hour after take-off they served the meal, it was very good food, then for about 7 hours they let you rest and then another meal - for me it was dinner and breakfast given the time of the flight. Qatar Airways food is not too bad at all! It was a smooth take-off and landing, overall it was a good flight, better than I expected and can't wait to fly home from holiday with Qatar Airways."
142,"Not Verified |   The worst possible check in Singapore. We were a family of three flying to Washington DC on 28th May in business class. The check in staff was uninterested, unhelpful almost to the point of being rude. She was taking almost 10 mins per passenger at check in. Onboard service was fantastic and second to none; the true Qatar service I had seen on a previous flight I had taken, but after this incident at Singapore airport, I would never fly Qatar Airways out of Singapore. It’s too stressful."
143,✅ Trip Verified |   The journey started from a bus gate to a remote stand via a packed bus. The Boeing 787 was old and needs a new interior in Economy class. My seat was hard with little leg room. The food was not good and no snack before landing; The stewardess was friendly but very slow. I was disappointed. 
144,✅ Trip Verified |  Ms Santra was extremely helpful in resolving the change in flight and timing. She worked on phone to work with me on a short notice and offered me the flights that were originally anticipated.
145,"✅ Trip Verified |  I had a deeply disappointing experience with Qatar Airways. My return flight to Houston was canceled without any prior notification or apology from Qatar Airways. I discovered this only when I arrived at the airport, expecting to board my scheduled flight. The complete absence of communication was unacceptable and added unnecessary stress. When I called to check on alternative arrangements, I was informed that the next available flight was four days away due to all flights being fully booked. Qatar Airways made no effort to prioritize passengers whose flights had been canceled, nor could they provide me with the same seat I had initially booked. This lack of consideration and poor management of flight schedules was extremely frustrating and unprofessional. As a result, I am stuck in Doha for three additional nights, incurring expenses well beyond my budget. Despite explaining my situation repeatedly to the office manager, she offered no apology or compensation. There was no reimbursement for my troubles or the extra costs I incurred, and no one took accountability for this total fiasco. This experience has made it clear to me that Qatar Airways has no respect for their customers. The lack of communication, inadequate support, and unprofessional behavior of their staff were inexcusable. My flight is now scheduled for tomorrow morning and they made sure that I realise it’s not even guaranteed."
146,"✅ Trip Verified |  At the time of my last booking I had a Gold Privilege membership and I did the booking for my travels later this year. I selected my economy seats. Qatar Airways upgraded a part of my travel to business class. Recently, they changed my membership to Silver and they kept my business class upgrade, however, cancelled other seat selections. There was no email, no phone call - I found out about the cancellation by chance. When I contacted Qatar airways, they told me to choose my seats again and pay for my seat selection. "
147,"✅ Trip Verified |  I travelled from Islamabad to Newcastle (UK) on 1st July. My flight from Doha to Heathrow was one of the best I have ever flown. This was mainly due to the cabin crew and their exceptional service. The senior purser and my assigned crew both went out of their way to make sure I was well looked after. Very polite and friendly demonstrating their high professionalism. I have flown business class so many times before but this experience was exceptional. No wonder Qatar is rated the best airline. Although the aircraft (Boeing 777-300ER) was little dated, the service provided was incomparable to the one I received on a latest B 787 I flew on with another airline. The staff I dealt with deserve an extra recognition of course."
148,✅ Trip Verified |  I am flying around the world for more than 17 years. I have been silver and gold member with Lufthansa and KLM and just recently I have become silver member with Qatar Airways. I can clearly see different with approach from crew to me as a frequent flyer. They approach you by your name they informed you in advance regarding menu onboard. They ask many times if all is ok or if you require anything to make your trip better. This flight was long for me because 11hr straight so this type of service was really appreciated.  I am not surprised this is best airline in the world. I would like to thank all personnel onboard flight QR901 on 2 July for excellent personal attitude and professionalism. Good Job to all of You. See You soon onboard Qatar Airways
149,"✅ Trip Verified |  I thoroughly enjoy flying with Qatar airways. From the positive attitude of the ground staff, to the welcoming smiles of the on board cabin crew, in my opinion, no other airline does it like Qatar Airways. I am privileged enough to have flown in both business and economy class whilst using this airline, and all of the times I have done so, the service has been phenomenal. From the food, to the care from the cabin crew, my experience on board has always been one to remember."
150,✅ Trip Verified |  One of earliest A380s of Qatar Airways and age was showing on it with little tears on the leather and not all seat features working. The IFE was excellent and and selection was wide the caviar and tuna tartar were excellent too though breakfast choices were quite poor. The cabin service was perfect I can’t wait to see the new First Class Suite.
151,Not Verified |   It was a mixed class. Flying economy with my favourite plane the A380. And Business from Doha to Brussels. We were able to get an upgrade for the second flight. By filling up the remaining seats Qatar is letting you taste of their excellent service in business. It's quite addictive. We got seats 1E and 1F and could enjoy the great food and during a sanitary stop my seat was converted to a bed and we could get a really good sleep during the flight. On the first flight from Bangkok to Doha we were seated in the A380 which is very quiet and the seats are large enough to fit my large legs. I've contacted the helpdesk (by chat/ telephone) numerous times and they react quickly and very friendly. For me Qatar Airways is my first option to look for a next flight.
152,"✅ Trip Verified |  They are fine and do a job but they aren’t anything special. I wouldn’t rank them in my top 10 airlines. Seat was comfortable, food was terrible. Served a purpose flying out of Vietnam back to Manchester."
153,"✅ Trip Verified |  Qatar airways decided to charge their most loyal clients more Avios for rewards and upgrades. It increase Avios required for upgrades at departure airports by 50%. You can argue that QR is entitled to do what It wants with its reward loyalty program but it should inform its clients through their website or by email. I was informed after requesting to do the upgrade at their platinum lounge at Doha Hamad Airport. I had to accept the transaction and be charged 50% more because the transaction has taken place, and there was no way to revoke it. I will dispute that. Upgrades are unchanged if made online. However, QR blocks online availabilities even if so many business class seats are still unsold 12 hours before the flight. I did try online until the night before but the upgrades were not going through. Although there were 9 business class seats available up to 10 hours before departure. This new policy started on 9th June and is another demonstration that QR with all its frills seems immature, unnautical, and unprofessional. I am disappointed. Because I go out of my way to fly QR as I am happy with their service. This is not just about the devaluation of its Avios currency. . It's their lack of transparency that seems a pattern imbedded in the company culture. I will be accessing if I will continue to do business with QR."
154,"✅ Trip Verified |   Online Check in and meal preview via app not working. Checkin and security check efficient as usual in Munich. Munich World contact lounge has improved and is pretty good now. The boarding gate had no holding area, it was just a long corridor with about 30 seats and the other 200 pax had to stand. Flight was on time. The big letdown was the poor standard of food. My main course was poor in presentation and taste. The quality of catering had dropped tremendously since they started to serve Doha prepared food for both their out and inbound flights to Munich. "
155,"Not Verified |   Had a very good flight with Qatar Airways. The cabin manager, Khalid, was superb in his service. He gave true and excellent service throughout the flight. Overall smooth flight from Singapore to Doha, had my 10 year old daughter with me. Only setback ,no ice cream on board."
156,"✅ Trip Verified | Having flown Qatar previously I chose to book flights for our holiday to Thailand. I paid extra for seat allocation. On not one of the 3 flights were the seats I paid for allocated to me. The aircraft in each case had not been changed. On one flight the representative at the gate showed me the cabin plan which indicated that the seats I had paid for had been resold to other passengers.  I emailed Qatar with a request for a refund. I have sent dozens of emails and have had only one response with my case number. The website says they will respond in 60 days. This period has elapsed long ago and still no response. Customer service is extraordinarily poor. The flights were very poor, some of the worst service and food I have experienced on a long haul flight."
157,"Not Verified | It is always a pleasure to fly with Qatar Airways. I testimonied the professionalism, the dedication and the friendliness of the crew on both flights, and this makes the flight very pleasant. The seat is very comfortable and the individual space is large. Food and drinks are excellent. Fasten seat belt announcements appear on the screen, so your program on the screen is not interrupted and/or you do not wake up when you are sleeping. My experience is the best from all airlines I flew so far. I flew with my 11 year old son - treated with respect like an adult; some gadget toys for kids might be nice."
158,✅ Trip Verified | I was not served the correct meal despite my request for western vegetarian on the flight segment from Singapore to Doha. I was shocked that they told me that their reservation record stated that I never requested a special meal request despite my booking itinerary showing that I have reserved a vegetarian meal for all segments. I assume that I was not served the right meal since they did not come back to clarify with me. No service recovery and terrible experience with no sense of accountability or whatsoever.
159,"✅ Trip Verified |  I am always amazed with Qatar Airways services. The airport, the lounge, the staff, all is excellent. The most important takeaway is it makes me feel secure and little risks. Food is good. Attendants are so friendly and professional. Kudos to great service.
"
160,"✅ Trip Verified |  Doha Al Safwa lounge offered great service and food and drinks. Boarding as for most flights I had over the past year via a remote stand from the feared bus gate C41. At first we were told that business would board last (the opposite of my last flight, when I was told that Qatar changed its policy and business class pax would get on the bus first). After half way of boarding, the gate agent decided to hold the economy class boarding and to do the business class boarding now. The boarding procedure via bus gate seems to be unorganized and chaotic. The first thing I was told by the purser on board was that my ordered meal wasn’t on board. I ordered it days before the flight, received a confirmation email and it was even printed on my boarding pass. I was told that the meal booking was in the system, but catering failed to load it. This is the 2nd time this happened to me, the last time for to the non functioning of the app meal booking, which I reported to customer services who decided to ignore my mails. If Qatar offers this service of pre booking meals in business class, they should honor it! The flight itself was uneventful and on time. WiFi did work."
161,"✅ Trip Verified |  Check in was fast and friendly. Qatar does not permit access to its Bangkok business class lounge to its Platinum members. The contract Miracle lounge does not deserve the name and is one of the worst at BKK airport. Boarding was well organized besides the large number of pax due to the aircraft size. I was lucky to have a seat on the upper deck, which is more quiet. Flight was smooth and uneventful on the magnificent A380. Food was decent, though nothing special. WIFI did not work throughout the flight. Flight arrived on time and disembarkation was fast."
162,"✅ Trip Verified | I had a disappointing experience with Qatar Airways on flight QR426. The flight was scheduled to depart at 2:50 PM, but it was delayed until 3:30 PM  This unnecessary delay disrupted my schedule significantly and made me feel that my time was not valued."
163,"✅ Trip Verified |  Experienced worst food service in QR763 from Doha to Montreal. 2 times, for brunch and snack, we were served last and couldn't get what was in their menu. But we got the same reply ""we are running out of food"". Raised a complaint, but received only generic replies and no solution. Please don't make promises that you are giving world's best dining when you are not able to provide the same food to all of your passengers."
164,"✅ Trip Verified |  I arrived from Warsaw to Doha 12:06 and the airplane door opened 12:10, the bus took so long to get us to a gate that we only arrived at 12:30 and I arrived my gate to Erbil at 12:40 but the 12.55 flight was left.  It took me until 1:45 with transfer desk to call gate supervisor just to give me another ticket. And he told me no hotel because my connection was 50 minutes and not 45 minutes. He told me to get back at 6 am to see weather I am eligible to accommodation, went back to transfer desk only to find the hotel is fully booked after 4:30.  I messaged Qatar airways and they said that they cant do anything for me as its airport related."
165,✅ Trip Verified |  Seat 47H should not exist. Located almost at the rear where the aisle becomes narrower and narrower. Measured from the edge of seatback of 47F aisle seat to the edge of my seat 47H armrest = 20inches. 20 inches of aisle for pax and crew. Meanwhile big pax on right of the same row keeps elbowing me whenever he moves I highlighted this to the inflight supervisor and the pax seated on my right (middle seat) was offered a seat change as he too revealed that he felt that his seat was narrower than usual. Noticed 47C on this flight was not occupied. Anyone seated there would have experienced the same. Row 48 was a 2-3-2 configuration. AMS-DOH myIFE not working.
166,✅ Trip Verified | Most unhelpful airline. Flying with a newborn who has been very sick. Would not help to book bassinet and trying to charge $2.7k to change flights to week later. Communication is terrible and no compassion. 
167,"✅ Trip Verified |  Flight was fine but they lost my luggage. They still tell me they will get back to me soon, while I have been waiting for a response for 8 months. "
168,"✅ Trip Verified |   I can highly recommend Qatar Airways after flying with them more than once on very long flights, experiencing no problems. The staff are helpful and friendly, both ground and air staff - great service. In-flight experience was excellent. Very nice food and drinks menu and service was excellent. On-board entertainment choice was also excellent."
169,"✅ Trip Verified |   A solid flight. Excellent food, entertainment, and drinks. The seats are very comfortable. Early departure and arrival. They provide excellent service onboard and cabin crew are really attentive towards passengers needs."
170,"✅ Trip Verified | Connection from Doha to Warsaw on 16th May delayed from 8:35 to 13:12 including an excruciating 1 hour (after boarding) stuck inside a very hot plane in Doha. Landed in Warsaw over 4.5 hours later than the scheduled arrival time. Same flight on the previous day was also delayed by over 3 hours, so not a one-off. Awful experience. Definitely not a 5 Star airline in my view."
171,"✅ Trip Verified |  Qatar Airways lost my 7-year-old daughter's luggage and golf clubs. As a result, she was unable to compete in the European Golf Championship, an event she trained eight months for it. Luggage delays happen, but Qatar Airways' handling of the situation was appalling and lacked any compassion. Initially, they seemed unwilling to help. However, after we reported the missing bags, there was a chance they could still arrive in time for the tournament. Qatar Airways informed us they wouldn't transfer the luggage to another airline, even though it could have arrived in time for the tournament. This forced my daughter to withdraw, which was incredibly disappointing, especially after they initially indicated it might be possible to get her clubs there in time. The mishandling of Viviane's luggage, containing irreplaceable custom-made golf clubs and other essential equipment, directly resulted in her inability to compete in the European Golf Championship in Edinburgh. This loss represents not only a significant professional setback for a young athlete with immense promise but also a profound personal disappointment. The lack of care exhibited by Qatar Airways robbed her of a once-in-a-lifetime opportunity, the consequences of which extend far beyond the mere financial value of the lost items. Moreover, the provision of false information by Qatar Airways regarding the location and status of the luggage is a further aggravating factor in this case. The reply to all our emails: Sorry for the inconvenience."
172,"✅ Trip Verified |   In an effort to keep this within wording allowance I will keep this short. Going to the Philippines was without n event. The problems started on Apr 27th 2024 when we were returning. After arriving at gate in Davao we were told there was a delay but told it was only a few minutes. We were boarded and then offloaded. We were made to site for hours without being told anything. Around 1:30am we were told we would have to wait to 4:30am as airstrip is now closed. At 4:30am we were told we would be rerouted to Cebu instead of Doha. When we arrived in Cebu they were to arrange for a hotel and we would travel by bus.  They only secured 1 bus so it took hours. It was so hot that I started to get leg cramps and had to use a wheelchair. My legs gave me problems from this for days after returning home. Hotel was nice but this time was costly to me as a flight from Miami to Grand Cayman, Cayman Islands had to be rebooked at my expense of US$262 x 2 = US$524. We also lost our hotel reservation in Miami costing us another US$126. I reached out to seek compensation and they basically responded but ignored. "
173,"✅ Trip Verified | A solid flight with all expectations met. The Plaza Premium lounge in Jakarta is awful but as soon as you board you know you’re on Qatar. Excellent food, entertainment, and drinks. The seats are very comfortable and all the expected amenities are provided. Pyjamas, slippers, large blanket, two pillows and an amenity kit. My only criticism is that after the meal the attendants disappeared, however they answered call buttons immediately. Early departure and arrival."
174,"✅ Trip Verified |  Treated myself to an upgrade to Business class via an online offer. I was disappointed with the experience, no distinguishing between business and economy when waiting for the aircraft and boarding. Friendly staff and very welcoming. Food was nothing to write home about. Cabin seemed to feel noisy even though it was an early morning flight, couldn't get comfortable for a few hours sleep during the 9 hour flight. Hasn't stopped me booking Business class for my 25 hour return flight in September. Surely lightning cannot strike twice."
175,Not Verified |   I have flown to Doha from Bucharest and all I can say is that is one of the best airlines! They provide excellent service onboard and cabin crew are really attentive towards passengers needs! 
176,"✅ Trip Verified |  The A350-900 and B787s in Qatar Airways are equipped with the herringbone business class suites, not QSuites, The flight was delayed almost an hour and the pilot could not make up much of the time during the flight but we were exhausted and I could not enjoy my meals, my leek soup was watery the Arabic breakfast was good. WIFI was patchy I had a bulkhead seat and one of the cabin staff was gossiping loudly. "
177,"✅ Trip Verified |  A long trip, with the 16.5 hour non-stop from Auckland to Doha, then onwards to Beirut. Both flights were good, with clean and comfortable planes and a consistently high standard of service - though it's always interesting to see how one individual cabin crew can really make the difference. Crew are generally attentive, and always polite. On the flight from Auckland there was a pre-dinner drinks service (a rarity these days), and regular top-ups during the flight. Excellent selection of alcohol. Food was on the small size, and I find they scrimp with the meal and the condiments - no butter, no salt and pepper - but was pretty tasty. I'm not such a fan of Qatar's IFE - whilst there are lots of choices, they all seem quite mainstream and I struggle to find something I find interesting (I also flew Emirates and Air NZ on this trip, and didn't have that problem). Overall a good trip from a consistent carrier."
178,"✅ Trip Verified |   Shockingly bad ground service. Old aircraft with very outdated seats. Onboard food ok. Onboard service, excellent. Booked for 3 pax. As the result of upgrading one on points (second leg, return) , bookings were detached and two subsidiary pax then offered upgrades on outward leg at half the price offered to me. Change of aircraft on return leg resulted in downgrade from QSuites to 2-2-2 old business class. Seat allocations were not honored on return second leg. Luggage was mishandled in Doha resulting in non arrival. Doha transit staff were rude to young girl in front of us who was denied boarding because she was late to gate. Our luggage was at gate (could hear radio messages) but they never informed us that they weren't loading it. We were permitted to board. On finally getting our luggage that night delivery service person was rude and aggressive and tried to get me to sign waiver in the dark. When I tried to detach attached letter to customer he pulled it off me.  Only saving grace is that service attitude onboard was excellent. QATAR do not deserve any awards until they have a consistent product."
179,"✅ Trip Verified |   With turbulence very much in the news, the second sector of my flight from Doha was concerning as it was supposed to fly over Myanmar. The captain instead chose to fly around the country but there was still considerable clear air turbulence and breakfast service was cancelled. Not that I was aware as I managed to sleep through all of it! The flight attendants were excellent, passing through the cabin thereafter offering coffees and teas in styrofoam cups and I managed also to get a croissant. Speaking to fellow passengers after we landed, all agreed that QR had reacted very positively in what had obviously been difficult circumstances. As always an excellent airline."
180,✅ Trip Verified |  At Dublin Airport we were assisted by an extremely helpful staff member named Cedric. Continued on our journey through Doha and finally on to Perth. In-flight experience was excellent. Very nice food and drinks menu and service was excellent. On-board entertainment choice was also excellent. This was our 2nd time travelling to Australia with Qatar Airways having used other airlines on 3 previous occasions and I will definitely choose Qatar Airways again for my next visit
181,"Not Verified | Nothing to fault, on what were two pretty full sectors. The return leg some weeks later involved a 17.5 hour sector from AKL to DOH, but this did not feel too long. I would recommend them for travel between the UK and Australasia, if the departure & arrival times work (the sector into AKL arrives around 0400). The IFE is reasonable; EK's is better, with much more coverage."
182,"✅ Trip Verified |  My family and I were extremely disappointed with Qatar Airways. Our recent experience on a cherry blossom trip to Japan was nothing short of a nightmare. We missed our connection in Doha, and the staff suggested a nine to ten-hour journey through Saudi Arabia to Dubai instead of a direct one-hour flight. This was in the middle of the night with young kids. The staff at the airport were unhelpful and unprofessional, and we had to call the police to intervene so we could leave the airport and rest. Despite the long wait, we received no assistance or even a glass of water. Our luggage was lost, and we had to spend a significant amount of money in Doha to get by. The aircraft were cramped and uncomfortable, and despite knowing the flight would be late, no proper arrangements were made. The customer service response to our complaints was dismissive and unsatisfactory. Qatar Airways' treatment of passengers is unacceptable, especially for a five-star airline. Even low-cost carriers have treated us better. We will never travel with Qatar Airways again."
183,✅ Trip Verified |  The entire purpose of flying a longer distance for me was to experience the Q suites. Just a few hours before departure I received an email informing me the aircraft will not have Qsuites and it was too late to make any changes. The flight was delayed almost 2 hours. A lesson well learned.
184,"Not Verified | I can highly recommend Qatar Airways after flying with them more than once on very long flights, experiencing no problems. The staff are helpful and friendly, both ground and air staff - great service! The in-flight entertainment was good, so was the quality of everything we were given. There was plenty to eat and drink. Although the food was a little boring sometimes, there was a very good choice of drinks. The flights were on time. I was pleased with my experience with Qatar Airways."
185,"Not Verified | After a disastrous trip on the same route with Turkish Airlines I tried Qatar Airways, and it was like chalk and cheese. All the QR flights were bang on time, and were met by Ground Attendants eager to help. The Cabin Crew were working the whole flight with smiles and good humour. Cannot fault the service and Turkish could learn a lot from Qatar. Totally Professional."
186,"✅ Trip Verified |  I wasn't allowed to bring my carry-on suitcase into the cabin and I had to check it in. When my case broke, I had to go through extensive documentation repeatedly, and eventually, I gave up trying to follow up with them. The staff was unfriendly and rude to me."
187,"✅ Trip Verified |  I bought a ticket from Vancouver to Tehran with 2 stops in Seattle and Doha, the first flight was Alaska Airlines to get to Seattle, there was a delay and I got to the gate 10 minutes before the departure, they already closed the gate. We asked for the supervisor and they said they were all supervisors, zero empathy and customer service, kept repeating that it’s customers’ responsibility to take care of their accommodation till find another flight, they even didn’t get anyone’s information."
188,"✅ Trip Verified |   While the prices of the tickets have increased, the quality of service drops e.g. late in serving my meal, no attention to my request, amenities given in a cardboard box. They added a very complex pricing policy and in Business class you can't access to the Business Lounge except if you pay full fare. "
189,"✅ Trip Verified |   I travelled on Qatar Airways from Seattle to Jeddah (4 legs, 3 on economy class and 1 on the first class). The first class experience was amazing. You can book an economy and then look for deals to upgrade to business first. They really went above and beyond and the whole experience was totally different. The onboarding and in-flight economy experience were also better compared to my experience on couple other airlines. The staff is very accommodating. Earning Qatar Airways Avios is a plus."
190,"✅ Trip Verified |  Flew out on 10 Apr 2024 from Melbourne, via Doha and Dublin for 2 stopovers. Very satisfied with the services from MEL-DOH and DOH-DUB trips. Very good service onboard with the meals and IFE, no major delays with the flight times and the cost of the ticket. Only small gripe was boarding for the DOH-DUB leg, in Hamad airport, as there was a bit of waiting and we had to take a bus to the other side of the runway to board the plane. No problems with luggage, or the transit stopovers. Highly recommend."
191,"✅ Trip Verified |  I traveled from London Heathrow on 21st April at 15.05, the service was impeccable both ground staff and flight staff, also on onward flight from Doha to Perth I can’t praise the staff enough especially Patricia she was ground staff at Doha I hope I got her name right. I have my right hand/arm in a sling and got so much help so I thank all the staff from checking in at Heathrow to my final destination Perth. Thank you Philomena."
192,"✅ Trip Verified |   I purchased discounted business class tickets knowing that it did not include lounge access. I am a gold member of Virgin Australia and based on their website had access to partner lounges. I was refused entry to partner lounges in Hong Kong and was let into the lounge in Istanbul but was told that my status does not allow it, but being in business class does. The transit through Doha was the worst I have experienced. Arriving at a bus gate and transiting to a flight at another bus gate took 1.5 hrs . Horrible experience. Only two flights had service that met my expectations. The product was also quite inconsistent 2 aircraft were great and 2 were old and not so great. In regards to the discount business ticket, Virgin Australia confirmed I did have access to partner lounges and Qatar ground staff confirmed I only had access to the gold lounge in Doha and not third party lounges. "
193,✅ Trip Verified |   An older plane with old business class seats. The service was ok but the Malay Curry had rice not fit to eat. The plane had it’s paint on the inside peeling off  badly upkept in a very bad condition
194,"✅ Trip Verified |  We flew from Larnaca, Cyprus to Colombo, Sri Lanka via Doha and I was not entirely impressed by Qatar Airways. The checkin (web checkin) was efficient. The plane, especially the A320, felt dated and in need of a good cleaning. The seats are on the small side and somehow really hard and uncomfortable. I ordered a vegan meal option and this was the only thing that really impressed me. The cabin crew was friendly generally and efficient. Slightly better was the legs on the B787, however, for it being one of the newest planes, they also seemed beaten up already. The trim of the inside plastic was not secure at some spots, my screen (I was at an emergency row) had one corner bashed in and in Doha we were assigned to a bus gate with the usual 20 minute trip to the terminal building. Again, the seats were small and felt like an old bus seat rather than an aircraft seat. I wouldn't avoid the airline in the future but I would look if there are any alternative options before booking with it again."
195,"✅ Trip Verified | Our original booking which was with a stopover in JNB was cancelled and just our group of 7 passengers were put on a flight that was originally going to Maputo which was diverted to Durban to drop us off and then continue to it’s original destination, only Qatar Airways would go to these lengths! I must thank them! As for the service, it was fantastic, much better than I expected and WIFI was operational. Arrival in Durban was smooth, the asparagus soup was great. All in all the airline is keeping it’s great standards if not improving them."
196,"✅ Trip Verified |  I was contacted in the afternoon of my outbound flight and told they had overbooked business class, and I was invited to change. I explained that I couldn't and was told that was fine. I turned up at Sydney airport that evening and was told I didn't have a seat and couldn't fly.  I was offered an upgrade if I agreed to fly a day later. I had no choice but to accept. At this point, the offer was downgraded to only one of the flights to the UK being upgraded and I was forced to sign a disclaimer waiving any right to further recourse. When I finally boarded my first class leg the following day, there was no power on the aircraft so I was left with a dead and unchargeable device after 2 hours. They tried to charge it in the flight deck for 5.5 hours and it returned with 25% charge. The wifi I paid for didn't work and the in-flight entertainment was an out of date selection and the console only worked intermittently. On my return to Sydney, I returned via Gatwick and was forced to open my suitcases and abandon some of my luggage and they explained that this was because no case could be over 32kilos. I headed to find the lounge and eventually found their shared lounge and was told that my ticket did not entitle me to access.  When I was finally aboard and the flight manager invited me to share feedback, I politely explained that I'd had a less than ideal experience with Qatar so far and a challenging morning. She smiled and assured me that the lounges in Doha were lovely. This proved to be academic advice as I was declined access there too. At this point, exhausted and less than half way through a 28 hour journey, I asked to speak to the Qatar Airlines Supervisor. This man waived a piece of laminated paper at me and explained, as if this were common knowledge, that Qatar offered 4 types of business class ticket and that I had purchased a 'business class lite' ticket. Furthermore, if I'd read the small print on their website I would see that it did not entitle me to lounge access. "
197,Not Verified | The cabin is clean. Flight attendants are polite. Seats are comfortable and can be reclined easily. The food is delicious and fresh. Flights departed on time.
198,"✅ Trip Verified |  I'm a loyal Qatar Airways customer and absolutely love their service, especially the fantastic flight attendants. The only downside is the long wait for buses at Doha Airport during connecting flights. It would be great if they could find a solution to streamline this process and save passengers time and discomfort."
199,"✅ Trip Verified |  Checkin fast and friendly, security and automated passport check done within 10 minutes. Frankfurt lounge basic and nothing to shout about. Boarding well organized and departure on time. Before departure my favorite rose champagne served, which was out of stock after take off, the same happened a week earlier on my flight from Doha to Frankfurt. Food was ok, service very good. Qsuite provides a lot of privacy, but seat too narrow for a decent sleep. Arrival in Doha 15 minutes ahead of time at a proper contact gate. Overall a good flight; except for some catering shortcomings."
200,✅ Trip Verified |  Chose the airline due to them operating the Q Suite on this route and paid £260 for us to sit together. Sadly no QSuite and average service. The ground crew and lounges at DOH did make up for our disappointment.
201,"✅ Trip Verified |  Travel with Qatar Airways is an enjoyable experience. Aircraft always clean, kindness of cabin crews and for the quality of food served both at aircraft and lounges. The only problem is the time required to do the transfer at Doha airport. From the landing to the security control it use to take one hour and if you have for example a connection time of 90 minutes you have to run, losing the opportunity to enjoy the offer of service and shop at the airport, but above all, you risk losing the connection."
202,"✅ Trip Verified |  Reschedule of outbound flights was quite inconvenient for us. Had to contact customer service to change them. At least, they did a good job. Flights delayed between one and two hours. Quite mess in the flight Doha-Saigon due to miss of buses from terminal to aircraft during the boarding process.  Two bags broken. After inspection at the arrival, they took nearly one month and a half to set that they will compensate us for half of the bags value. Transfer still pending to be processed. The case needed a follow up from my side after one month, because no action taken."
203,"✅ Trip Verified |  Check in, security check and boarding fast and efficient as always in. Last minute aircraft change from a B789 to an older 788, which caused a lot of unhappiness among those who paid for their bulkhead seat, and were assigned a random seat. But the professional purser defused a tense situation. Flight itself was uneventful, service slow and not enough food for the 6h flight. Scrapping the sandwich service before arrival is not a good idea. Catering ex Munich used to be very good, but the food was disappointing in taste and presentation."
204,"✅ Trip Verified |  A good plane and crew on this leg. Had a middle seat assigned but a window seat was free and they moved me there. Crew was excellent. Food and beverages good. Watched movies ate too much and slept, so a great flight."
205,✅ Trip Verified |  What a disappointment this flight was. It was supposed t0 be an A350 in Q suites but substituted with an 11 year old A330 in a 2-2-2. The seats were narrow and space limited so much that the lady by the window moved and I had a pair to myself. Crew were great and the rest of the product was good.
206,✅ Trip Verified |  Our first time flying with Qatar. We booked direct with the airline which hassle free. Flight times were good for a long haul flight and the price was competitive. Communication from the airline was good throughout. We checked in online. Bag drop was very easy and quick. The service on the actual flight was excellent. The plane was clean and appeared to be quite new. Transfer at Doha was easy for our onward flight. I will definitely check out their prices on future flights and would be happy to fly with Qatar again.
207,✅ Trip Verified |  Goa to Doha in Business Class on a Boeing 787-8. Check-in at Goa Dabolim airport was a breeze as was the pre-flight experience. Flight was on time. The short hop to Doha (3 hours) was pleasant. Qatar's hard product & soft product were expectedly outstanding. This is a highly convenient flight for residents of Goa as it obviates the need to fly to Mumbai.
208,"✅ Trip Verified |  I have always received fantastic service from the Qatar Airways staff both at the airport and in the airplane. This time was no different: simply world-class customer service with smiles, lots of personal attention, careful and correct consideration of the customer's needs and comfort and outstanding politeness overall. I dare to say that QR's cabin crew can serve as an example of good customer service to any other airline. During my trip I used two lounges: one in Helsinki and one in Bangkok. The BKK lounge was a true Qatar-branded lounge and offered a true luxury experience. Great food, great service, beautiful interior design and lots of comfort and peace to prepare for a long flight. Would love to visit again. As for the flights, Qsuite offered a close to perfect business class comfort. The door improves privacy a great deal. The seats even have a massage function and plenty of controls to find you the right settings. I am 190 cm tall and was able to sleep comfortably in the space provided by the Qsuite. The entertainment system worked great and offered a variety of movie options from horror to romcom. Music options even had heavy and extreme metal which I liked as a fan of the genres (I think you could bring even more of these available, QR). During the flights, it was possible to dine however and when you wanted, exactly what you'd want when paying this much extra. Food options were plentiful and delicious with good presentation, and wine and drink selection complimented the food options very well. No complaints here either. Qatar Airways, I want you to keep doing what you are currently doing. Your understanding for what the customer wants is on an excellent level and you are able to provide solutions and service to match the customer expectations."
209,✅ Trip Verified |  Mumbai to Doha with IndiGo. Both IndiGo & Qatar Airways provide very poor support following a 3 hour delay with no food or ongoing flight support for missed connection. Arrived at London Heathrow 10 hours after scheduled arrival time. Attempted to resolve issue and both airlines blame each other for the delay and missed connection. The only way we became aware of our alternative flights was because we had the Qatar app which was updated after a four hour wait in Doha. 
210,"✅ Trip Verified |  Left my mobile phone on flight which landed in Doha. Immediately informed Qatar customer services who made a phone call and told me the phone had been found.  I asked if they could get it to me before my onward flight but the phone had to go through their lost/found ""procedures"". Completed form at haqiba qatarairways report inquiry, sent endless emails, asked our travel agent to contact them on my behalf, asked my son to contact them on my behalf, both from UK as we were in Japan. Absolutely no response. Fast forward 4 weeks and end of holiday, transiting back through Doha I went to Qatar help desk and explained the situation. The gentleman on the desk made a phone call and informed me that they didn't have the phone. So what happened to it? What happened to the courtesy of replying to my, my agents, my sons phone calls and emails? I know that it was my responsibility to take care of my phone but when you have been told that it has been found and then unfound what am I supposed to think?"
211,✅ Trip Verified |  I am a big fan of Qatar Airways but since they have partnered with American Airlines the aircraft is changeable. I had to fly from Doha to Philadelphia via and the flight was operated by American Airlines and the service was below average. Air hostesses were least bothered to arrive on ringing them. also they were hesitant to put your overhead luggage or even straighten them out. My point is once we book Qatar Airways we expect standard but the change to American Airlines is lowering the standard. Next time i will not want to travel with American Airlines for 13hr long journey.
212,"✅ Trip Verified | As a Silver member of Qatar FF program I was very surprised to be upgraded on this sector flying to Sydney, Australia.  I was therefore surprised to be upgraded from economy to business class on this sector. The check-in person at Manchester was lovely but I couldn't give you her name as she did not have a name tag on, neither did the person who helped me with the auto check-in counter. The QSuite on this 777-ER was exceptional, large space and not confined like other airlines. All the bells and whistles as one would come to expect from the plethora of buttons available that do everything to enhance the flying experience and comfort within your suite. The seat, blanket and pillows were comfortable and warm. The food & beverage service was excellent, the cabin service (by Natalia) was exceptional and the attention to detail was without fault. As the plane was ascending out of Manchester, the door of my suite slid back off its tracking and hit my right shoulder and left knee. Once we were at altitude Natalia and Mary (Cabin Services Manager) were there instantly to assist me by offering ice and towels to aid my shoulder and knee. This was not required as little harm was done. They couldn't have been more helpful or apologetic for something that was outside their control. The flight was smooth, the Captain was informative without being overly so and the staff where fantastic. I couldn't see how Qatar had over 4,500 options for TV, Music and other entertainment and therefore did not use this service. The cabin wifi & connectivity did not appear to work, having said this, I'm not the most literate or tech savvy guest so perhaps in fairness to Qatar, it was available but I just could not connect. On arrival in Doha I headed to the Silver lounge for a shower and this helped my shoulder and knee. Overall, an excellent experience with one minor glitch (door above). Don't know how I got the upgrade (after all these years of flying with Qatar) but it was most welcome and having flown in business class with many other airlines, it was simply the best!"
213,"Not Verified |  Flight left Manchester about 35 minutes late, Pilot stated the reason was for the late departure was the late boarding of passengers and arrived at Doha 30 minutes late, our flight to Kuala Lumpur was due to depart in 45 minutes, but met at the gate to be told flight had closed and we would be put on the next flight 12 hours later. Qatar Airways put us in a nice hotel and paid for meals etc. It was frustrating as we lost out on a hotel I had paid for for our original arrival, and on arrival in Malaysia had to wait 7 hours in the airport for our flight as opposed to 3 hours we had planned. The Boeing 787 flight was ok, food mediocre except for the roll they offer prior to landing was awful, in contrast the Boeing 777 are showing their age. Seats very uncomfortable, entertainment slow to respond and my touch screen not working. The cabin crew were very attentive and polite on all flights, it was the same for the return flight. I claimed for the delay as per regulations and they sent a long apologetic response within 48 hrs claiming the delay was because of a Air Traffic Issue, which was not true."
214,"✅ Trip Verified |  Boarding was well organized; with a proper gate and not the dreaded bus transfer to the aircraft. The newer B789 seat has more privacy with the sliding door, but the footrest is too narrow for tall side sleeper like me. I am flying Qatar often for many years, and today was the first time that that the service was well below average. Maybe it was the full business cabin, maybe the flight attendant had a bad day. It started with the welcome drink, which was served while the aircraft was taxiing already (40 min after I got to my seat), and was taken away 2 min later because the aircraft was ready to take off. The meal service dragged on for almost three hours, while the empty main course plate was sitting on my tray for almost an hour. The beverage of my choice was never served until after the main course was served (I had to call the attendant), and was given another drink, because the drink of my choice was out. When it came to distribute the hot towel after the meal, she did not have enough for the last row where I was seated, and she never bothered to come back to us. There was a light meal before arrival, which I requested for as late as possible, but was told 2h before arrival that I had to eat now, because the galley was going to close. So I had one hour between meals. Wifi worked well throughout the flight, arrival was 20 min ahead of schedule."
215,"✅ Trip Verified |  Everything was perfect, from the check-in to the arrival. The business Class with the closing door is a game changer which permit to have enough confidentiality to work properly, and the global comfort is clearly one of the Highest I tried. The cabin crew is really nice, always smiling and present when needed."
216,"✅ Trip Verified |  Checkin, security and immigration was fast and efficient. Contract lounge was comfortable with decent food. Boarding was well organized. The flight was operated by a leased Oman Air A332, with a QR flight number and crew. Food was decent, but not spectacular on this 5h day flight. Service was outstanding, probably also because of just 6 pax in the front cabin. The best part of the flight was the wide and large seat. I slept for a solid 3 hours, something which I can’t, even on longer overnight flights. The seat is so much more comfy than the Qsuite or the herringbone seats on the Qatar fleet. I hope that the upcoming improved Qsuite will be something like this. WIFI not working throughout the flight, there was not even a signal to log on. Overall a very good flight, mainly due to the comfortable seat on a non QR aircraft."
217,"✅ Trip Verified |  This was my first time flying Qatar in Business class, having flown in their economy class several times. I was not impressed. Boarding at Doha was a mess with a disorganised gate staff who would allow everyone to board at the same time not paying much attention to priority passengers. The crew were very polite and friendly. I was never addressed by name and the crew never introduced themselves or really explained the ""dining on demand"" concept. I was never asked if I would like to have a light meal before landing. Yes, I know I could have asked but for a so-called 5* airline one would expect a more pro-active service. This was a day flight and the crew didn't really offer me drinks outside the meal service."
218,"✅ Trip Verified | Boarding via a bus gate, I am grateful that Qatar finally changed its policy and let Business class pax board first. Flight on time, service great as always in Qatar business class. I tried to pre order my meal through the app, which was not working. 4 emails about the issue to customer services remain unanswered till today. The big letdown on this flight was the catering. The flight departed Doha at 3 am, and got into Colombo at 9.30 am. A big 4 course meal was served after take off at about 4 am, and no breakfast was served upon arrival. I saw hardly anyone eating on this flight. Does Qatar really expect their passenger to have a 4 course meal at 4 am? And why is there not even a light breakfast on arrival, as it is for comparable flights, e.g. Doha to Bangkok? All passengers want to do on a red eye nightlight is to sleep, and eat something before arrival."
219,✅ Trip Verified |  Excellent food and flight attendant service. Shanika is an exquisite stewardess. Qatar Airways have become a very good carrier. Would fly with them again.
220,"✅ Trip Verified |  The flights were steady enough, both legs were a different experience. I have flown with Qatar airlines a few times and I think that they are average. In flight entertainment was different on both flights. My food was average and not very tasty. Cabin crew are friendly. Biggest negative was before taking off from Doha we were sat on the plane for an hour without air con and it was extremely uncomfortable. "
221,"Not Verified | First time taking this as recommended by my friends, was sceptical but in the end enjoyed the flight and Doha Airport. Staff keep feeding till you are full. Friendly staff and clean plane. Exciting Airport with lots of shopping and eateries (Asian, Indian, Fusion). Value for money.  Will recommend to others and taking this airline again."
222,"✅ Trip Verified |  There was just one meal on this flight. Service was unorganized and took 3.5h to complete. Food was presented on a tiny tray and was not good in terms of taste and amount. There was no 2nd sandwich service as they used to do on flights to Europe. When I asked the purser why there is no more food, I was told that the Boeing 787 does not have enough storage space, since catering to Europe is done on Doha for the in and inbound flight. "
223,"✅ Trip Verified |  Reserved aisle seats 3 months prior, as I have problems with my hip joint and need to extend the leg. At the time of the checking we were given completely different seats, in the middle, and separated from my friend I was traveling with) . Complete lack of cooperation and understanding from the airport Qatar staff and the person at the check in desk was rude and arrogant to me. The seats in economy class were very uncomfortable and my food was horrible."
224,"Not Verified |   Very happy with Qatar Airways, A little bit cramped with space on the first route from Copenhagen to Doha. The crew know what they are doing and the service is good as is the food served"
225,"✅ Trip Verified |  Swift and friendly check in at BKK airport, boarding well organized and smooth. Aircraft ex Cathay Pacific aircraft with more comfortable seats than the Qsuite. Service and catering very good. WiFi not working throughout the flight. Oryx Entertainment system on CX leased aircrafts a watered down version of the usual system with limited Movies and Music choices. Flight on time"
226,"Not Verified | The delay of my flight from Haneda to Doha caused a bit of chaos upon arrival. Despite my efforts to reach the gate promptly, I was denied boarding due to luggage issues, and the lack of assistance added to the frustration. I paid for an Economy Comfort package, which was supposed to include an aisle seat. However, upon boarding, I was informed that no aisle seats were available, despite assurances beforehand. Additionally, my luggage tag was lost during the boarding pass exchange, leading to further uncertainty upon arrival in London. What was meant to be a 19-hour journey turned into a 27-hour ordeal. When I requested assistance from staff regarding a re-arrangement they promised to get back to me within 5-10 minutes, but no one followed up until I reached out again. The security queue at Heathrow on departure from the UK was incredibly long, with a wait time of about 1.5 hours just to get through. Overall, while the crew onboard was courteous and provided great service, the experience was marred by these inconveniences. "
227,"✅ Trip Verified |  They convinced me that I needed to pay $1500 to add my middle name to my flight, or they wouldn't allow me on the plane. When I got to the airport, they didn't put my middle name on the ticket and I didn't have any issues. I paid $2300 to upgrade our seats to business class from Doha to Montreal. Not even an hour into the flight, the seat reclined on its own, pinching my leg. The seat wouldn't stay up the rest of the 13.5 hour flight."
228,"✅ Trip Verified |  I have sent 5 emails and have only received 2 automatic response emails after initiating our complaint 10 weeks ago. I have sent all of the relevant documentation to support our claim for a refund. Our group of 3 booked adjoining Exit Row seats on the Upper Deck of an A380 from Doha to Perth after a connecting flight from Amman. We paid for our Exit Row seats on August 22 2023 and received email confirmation that day. What was a shock to us is that when we were at Amman airport we got our tickets for the second leg, from Doha to Perth, we saw that we had been seats on the lower deck. We said this was wrong and showed our August confirmation for seats 30 A, B and C on the upper deck. We were told by Qatar Airways staff in Amman that it could only be fixed up in Doha. We were also told that the reason was that the plane had been changed from an A380 (which was not correct) . Our connecting flight from Amman to Doha was not only cancelled but deleted altogether meaning we had a 10.5 hour transit instead of the original 2.5 hours. Then at the Boarding Gate in Amman we were informed that there were 2 Exit Row seats available in the Upper Deck and that these had been put on hold for us and to see the Qatar Ground staff in Doha. We were in a queue for almost an hour at the Qatar Service Desk in Doha. I asked how the seats we had booked and paid extra for in August, and provided emails and a hard copy to verify this, were no longer available for us? We were told that it was a system error. There was no apology at all for the system error. We were further disappointed to find out that the 2 Exit Row seats on the Upper Deck that we had been told by staff at the boarding Gate at Amman had been “reserved” were not actually retained for us and that only 1 Exit Row seat was available. Understandably we were not happy that we did not receive the Exit Row seats that we had booked and paid for more than 3 months prior. Through no fault of our own we were victims of a Qatar Airways system error. We did not complain to the flight attendants on the Doha to Perth flight as we understood that they had no control over the seat allocation. However, we politely asked the people in seats 30A and 30B, that we had paid for in August, when they had purchased their seats and were informed that they had done so about 2 weeks prior. I chose Exit Row seats on the Upper Deck because of the extra space and the cabin configuration of 2 by 4 by 2 seats and because my wife and I would be seated next to each other and the other member of our group would be in the next available Exit Row seat. Instead of all being seated next to each other in Exit Row seats we were split up and certainly didn’t get what we paid for. Plus all of the wasted time trying unsuccessfully in Amman and then at the Transit Desk in Doha to sort out the error created by Qatar Airways assigning our seats to someone else. It is bad enough that we didn’t get 2 of the Exit Row seats that we had paid for that were allocated to other people who booked well after us. What is worse is that there has been no attempt by Qatar Airways to address our complaint let alone issue the refund to which we are entitled. Our complaint isn’t complex. "
229,✅ Trip Verified | We flew on probably the first A380 the airline received but it’s up keep is very good the caviar was excellent and the rack of lamb was perfect the entertainment system though the screens were huge and not very cooperative it is very dated as for WiFi was bad to say the least. The seating in First Class was good and the toilets are huge I hope they update the A380.
230,"✅ Trip Verified |  Service was ok, pretty good on my aisle and extremely slow where my wife was seated. Layout was good, but not exceptional, I’d rate them maybe 7/10. Landing in Doha, we then had quite a long wait for steps to be brought to the aircraft and then a 10 to 15 minute bus ride to the terminal. There is a lot of competition for routes from Europe to Australasia and think I’ll pick one of the other options in future."
231,"✅ Trip Verified | 12th February 2024 From check in to get onboard remarkable experience. Since steping at Hamad International airport every one was so welcoming. Check in agent was very professional and helpful. Al mourjan lounge was realy good. Great tasting food. On board all cabin crew was kind professional welcoming. Seat very good, leg space and incredible service, and a very clean plane. Inflight entertainment was great too. The staff was very polite. Arriving at London, Qatar staff gave me Fast track card that helps me to pass imigration quick. Thank you Qatar Airways."
232,"Not Verified |  Remarkable experience. Great tasting food, leg space and incredible service, and a very clean plane. Inflight entertainment was great too. The staff was very polite."
233,"✅ Trip Verified |  My last travel in January 2024 the food quality and presentation had deteriorated and the service. During  booking one has to pay for seats in case one does not want to wait until check-in. On the first leg the crew mechanically did their job. It is ok, but not what you expect from Qatar Airways. Amenity kits are not provided any longer on every flight during the night. Nonetheless you sometimes still find the old welcoming and service oriented Qatar Airways spirit. The crew on the second leg was outstanding as well as ground staff at JRO. Flying Qatar Airways is still a good value for money, but it was not the extraordinary experience."
234,"✅ Trip Verified |  What a trip, highest level possible, probably. Lounge in Frankfurt a bit underwhelming as Qatar uses Priority Pass Lounge that isn’t up to Qatar‘s standards. From boarding the plane in Frankfurt to Doha, transferring in Doha, visiting their business class lounge there and onward flight from Doha to Melbourne in their QSuite, nothing but praises! Food outstanding, wine list outstanding, seat (and sleep) comfort outstanding: you can’t get it any better!"
235,"✅ Trip Verified |  No complaints about the service or products onboard. However, they lost my bag at JFK for a week, and when I had to waste a day of my own vacation time to go buy some clothes, they refuse to fully reimburse me and I had to chase and jump through hoops to get any compensation offer from them.  It has been few months, and I have not gotten anything yet. All this over a couple hundred dollars; it's utterly disgraceful. "
236,"✅ Trip Verified |  When I arrived at my departing airport, Baltimore Washington, my flight was cancelled for my first leg due to bad weather. This part of the flight is with American Airlines. American had no other flights leaving BWI for the rest of the day and I needed to get a connecting flight from Chicago to Doha. They only could offer a flight leaving the next nearest airport 40 miles away w/ no way to get there and it would also change my return flight to that same airport. This was not an option for me so I decided to make a last-minute decision to fly another airline that was flying out of BWI at a cost. I figured I could get refunded for that part of the flight from Qatar or even American - sadly not. American told me that Qatar would have to refund it. On the ground at the airport in CHI, it was a mess. It took an hour to get through check-in. While weather was bad, there were enough agents. Getting to the gate and waiting to board wasn't a problem. I got an upgraded seat in economy class that had plenty of space. My return flight I picked the same seat and had another seatmate with an upgraded experience. Now between these two fights I'd say the first wasn't as bad because the attendant also gave me my food right after my seatmate. Shouldn't be an issue , since you have the cart of food right there. Why on the return flight I didn't get my meal until the attendant came back after he went up to the front of the plane. Inflight entertainment was top notch. There were plenty of movies, TV shows and music. The internet was choppy w/ my device so I just stayed w/ the entertainment they provided. I also think the food was great. I enjoyed all meals and they were portioned just right. As for the issue of my refund, I'm still fighting."
237,✅ Trip Verified |  Have been using Qatar Airways for years and they never let us down. From the check in desk in Nice to the arrival in Doha can’t fault the trip. The staff on the plane are so very pleasant and always come to see us just to check if we need anything. Will continue to use them and definitely recommend them.
238,"✅ Trip Verified |  I flew Qatar Airways during the COVID pandemic and they were wonderful in the air but not so good on the ground. At Doha , passengers are jammed in a small boarding area with insufficient seats or air conditioning and the boarding proceeds in an undignified scramble. Once on board, the Qatar quality starts. Welcoming drink, a very spacious Q suite and a comfortable seat. Dinner was delicious with a dry Riesling and later on breakfast was equally good. No other airline comes anywhere close to Qatar."
239,"✅ Trip Verified | Firstly I must state that on three of the legs of my journey to Penang and back to Birmingham were excellent. On 23 September boarded flight from Penang to Doha. There is a short hop from Penang to Phuket and the crew were very good, a special note for Melissa who was friendly, engaging and attentive and a credit to Qatar Airways. However everything changed when a new crew embarked at Phuket. They were sullen and unsmiling from the outset. Service was abysmal. Tablecloths were given as serviettes and getting a glass of wine or water was like getting blood from a stone. Distribution of food was chaotic. I am not sure if this was the fault of the Cabin Manager or the individual flight attendants or some disagreement among the crew. Whatever, it was not the standard expected from business class on Qatar. Shortly before landing the Cabin Manager did his rounds and I stated I was unhappy with the service...about 10 minutes later he returned and asked for more information. If Qatar Airways read these comments I hope they investigate this matter and it was a blotch on the otherwise excellent service I was provided by other aircrews."
240,Not Verified | I had a recent flight with Qatar Airways from Ahmedabad to Detroit on 25th January with stop at Doha and Chicago. The flight from Ahmedabad to Doha was on scheduled time. When we reached Doha HIA airport the staff told us that our next flight from Doha to Chicago was overbooked and we cannot board. They had us waiting for almost 1 hour saying they are figuring out options for what can be done. After some time they gave us an option of flight to JFK which was after 24 hours. We waited until 26th January at Doha airport. After reaching JFK we were told that connecting flight to Detroit was from another airport (La Guardia). Then we were transferred to La Guardia airport. From there we went to Detroit. Total 47 hours on flight and airport.  Bags didn’t came on time either.
241,"✅ Trip Verified |  When my flight with Qatar was delayed through no fault of Qatar, fog bound, in Georgia I experienced Qatar at its worst. Planes flew the next morning but we had a 26 hour delay. When they sent us to a very nice hotel they had only one hour person issuing vouchers and hotel arrangements for a plane load. They transferred us to the hotel and we returned to the airport and we sat and watched the following days scheduled flight, that we were meant to be on, leave with passengers and we had to sit and wait another 2 hours, which was consequently delayed another hour through unexplained circumstances which caused for an additional six hour layover in Doha. On checking in again I had a silver pass and there were three of us lined up for business class check in. My friend in economy was 30 deep and she got served before I did. We then had three gate changes without any announcements, we had to find the gates and on the boards there was no information as to what flight was leaving. They bussed us out to the plane on the tarmac in Georgian winter weather, there was no covered canopy on the stairs up to the plane as we stood in the rain waiting to board. I contacted Qatar help on the number given to me by Qatar and they said I have to email ""talk to us"" which only responded to half my email.  When I wrote a complaint I was addressed using a wrong name.  I wrote earlier in 2023 about a sublime flight, as they say from the sublime to the ridiculous."
242,"✅ Trip Verified | First time travelling long distance by Qatar Airways. It was a 17hr flight. Cabin is well-maintained and clean, very spacious for 900/1000 series. The leg space was ample and seat space is great too. The cabin crews are friendly and professional but among them, there is 1 steward who went extra miles to make my journey extra special. He seems like the most junior one but he was very confident and helpful. As I was traveling with a broken foot, he assisted me with my hand carry bags till the point I left the cabin (taken over by ground staff). Every crew did their jobs but he made an extra effort to help a passenger. Thank You for his kindness."
243,"✅ Trip Verified |  I have flown with Qatar in economy, business and in first class. I fly two or three times a year with them. I recently had the privilege of experiencing the epitome of airborne luxury aboard the world's best airline, and I must say that the exceptional service provided by the cabin crew left an indelible mark on my travel experience. From the moment I stepped on board until the final descent, every aspect of the journey was a testament to the dedication and professionalism of the airline's remarkable cabin crew. Beyond the technical aspects of the service, what truly set this airline's cabin crew apart was their genuine warmth and hospitality. It was evident that they enjoyed their work and took pride in creating a positive and enjoyable atmosphere for passengers. Whether it was a friendly conversation, a reassuring smile, or going the extra mile to accommodate special requests, the cabin crew consistently exceeded expectations. In conclusion, the world's best airline undoubtedly boasts the world's best cabin crew. Their commitment to excellence, attention to detail, and genuine hospitality set a standard that other airlines would do well to emulate. Traveling with this airline is not just a journey; it's an unforgettable experience that leaves passengers feeling pampered, valued, and eager to embark on their next adventure with the finest cabin crew in the skies."
244,"✅ Trip Verified |  Four excellent flights, including two ultra-long haul flights from Doha-Auckland return, and all were excellent. Cabins were clean, comfortable and spacious. Meals were decent - maybe a bit on the small side, but good quality. IFE was also good, plenty of choices there. What really stood out though was the service - staff were almost consistently friendly, polite, attentive and caring. I had a couple of crew who really looked out for me, introducing themselves, offering regular drink top-ups (decent selection of wines were offered) and priority meal selection as a silver FF member. I find this impressive for a low silver status. Great flights!"
245,"✅ Trip Verified |  Upon arriving in Doha, a 30-minute bus ride from the plane to the terminal and an interminable wait at security caused me to miss my connecting flight. What followed was a horrendous 18-hour layover during which I was denied accommodation and food assistance. The transfer desk's response? ""No hotels available for you."" I discovered available rooms at nearby hotels myself, costing me £300. This level of service is beyond comprehension, Qatar Airways left me out in the cold with expenses I should never have incurred. In my extensive travels, I have never encountered such incompetence and lack of empathy. "
246,"✅ Trip Verified |  Following a downgrade of my flight Bali to London from business to a seat first in Economy and then a seat without power or possibility to move it, Qatar Airways offered me a ridiculous compensation of 10k avios worth 100$. No alternative business flight was offered and the compensation is an insult given the price of the ticket."
247,✅ Trip Verified | Doha to Goa in Business Class on Boeing 787-8. This 3 hours flight was on time. Business Class seat configuration was the older product (no Qsuite) but very comfortable nevertheless. Flawless onboard service that we have come to expect from Qatar. Summary: it doesn't get better than Qatar Airways in Business Class.
248,"✅ Trip Verified | Copenhagen to Doha in Business Class on a Boeing 787-9. Qatar Airways lived up to its reputation as the finest Business Class product. On this 787-9, the seats were the older type (not the Qsuite) but very comfortable nevertheless. Onboard service was flawless. Qatar serves meals on demand in Business Class. If there is one point of criticism it is that the food served could do with more attention to both the quality and care in preparation. WiFi worked very well throughout the flight. All in all, a relaxing, comfortable flight."
249,"✅ Trip Verified | The in flight staff was not attentive at all. Requested mango juice as part of lunch, never arrived. The attendant never came to offer me snacks or drinks. Paid 1200£ for a economy ticket, but received a below average service from this staff. It's their responsibility to attend every customer during the flight, they failed badly with me."
250,"✅ Trip Verified |  Flight to Doha was good. Qatar ground crew sent a message to arrive at the airport 4 hours before departure because of possible delays due construction. We arrived at the airport as instructed but there were no one at the check in counters. The counters were opened 3 hours before departure as usual. When I asked the Qatar agent on why we had to arrive 4 hours before departure, she didn’t know why and she opened the counters 3 hours before departure as scheduled. We requested for a wheel chair for 1 passenger when we booked the tickets, but we had to go back to the agent to order a wheelchair. We waited at a designated spot but no one came. We went through security to the lounge where they promptly got us a wheelchair to get to the gate. "
251,"✅ Trip Verified |  I found the cabin crew very professional, courteous, proactive, and without a doubt they clearly enjoyed their job. The meals served were most enjoyable and well presented. The flight of 7 and 13 hours soon passed without any problems, well worth it."
252,"✅ Trip Verified |  We booked and confirmed our tickets to India 9 months before the date of departure. (ATH-DOH, DOH-CCU). At some point and close to departure date, we received an email from Qatar informing us that our flights were cancelled, and we should either ask for refund or reschedule. Our already booked program and domestic flights did not allow us to cancel and rebook new flights. A very polite Qatar staff assisted us over the phone to reschedule by adding an extra flight and 6-7 hrs additional traveling time to our outgoing flights (ATH-SAW-DOH-CCU) Waiting time in Doha for our connection was 50 min on both legs outgoing and returning. On both trips upon arrival at DOH , there was a lengthy bus ride from the plane to the terminal of almost 15-20 min which was followed by a hurried security check and then a sprint to the gate to catch the next flight, which we boarded last, to realize that our initially booked and prepaid seats  were messed up. The issue was smoothly and quickly resolved by the very polite and mindful cabin manager on QR 203 on Dec 17th. In any case, our mixed feelings from our eventful Qatar booking experience, were all surpassed by the positive impression of the cabin crew's extraordinary efficiency and professionality. All Qatar accolades go to the hard working cabin crew. I also wish to highlight the better passenger experience that the A350 offers compared to the one on B787, which felt very cramped."
253,"✅ Trip Verified | I flew from Ho Chi Minh friday the 5th of January 2024. I had a panic attack due to a fit of claustrophobia. I have never tried it before. It was one of the worst things I have ever tried. The staff were absolutely wonderful. I do hope this message can reach the staff somehow. I really want to thank them. So hereby, thank you very much for your kindness and understanding!"
254,"✅ Trip Verified |  Check in at DUS airport well organized and efficient. DUS third party lounge was nothing to shout about. Departure delayed by about an hour due to late arrival of incoming aircraft, no prior information given, the first info was given 10 min after the proposed boarding time. SMS from Qatar was received while on the plane already. Boarding rather chaotic despite 8 gate agents. But part of the boarding issues could be contributed to the increasingly impatient crowd. Flight was good with great catering and service. The usual remote stand arrival in Doha with longish bus transfer. Service at lounge was good. Departure gate for the next flight very crowded and also chaotic and unorganized. The poor sole agent at the door had to endure a lot of shouting and pushing; the zone system simply does not work at Doha airport. Flight itself was full and unremarkable, with average catering and service. WiFi didn’t work again throughout the entire flight. Arrival at &BKK also at a remote stand and long bus transfer. "
255,"✅ Trip Verified |  I booked a round-trip flight from MXP to BKK via DOH that, on paper, should have been very comfortable: 1-2-1 configuration on the first leg and Qsuites on the second leg. The day before travelling I received the email from Qatar Airways, informing me of the change of aircraft. I understand that, in certain circumstances, airlines have to change aircrafts for operational reasons from time to time, but when this happens and ends up in a sort of downgrade, it becomes quite annoying. The DOH-BKK flight, originally equipped with Qsuites, was replaced by an old 777 with a 2-2-2 configuration. I had to sleep on a very uncomfortable angled bed. Qatar Airways, in the email sent to me the day before the departure, wanted to emphasize two things:  If I wanted to keep the Qsuites, I could change dates for free; I obviously contacted them immediately and they proposed an alternative to me, but they told me that I would have to pay another 2700 EUR. I don't quite understand the meaning of free in it. Alternatively, despite the lack of Qsuites, I could still take advantage of all the luxury and comfort of Qatar Airways. My attempts to obtain a partial refund, even in the form of Avios were completely ignored."
256,"✅ Trip Verified |  Well coordinated airbridge (a rarity at Doha airport nowadays) boarding. Newish B789 with comfortable seats, large and responsive IFE screens and decent food. Cabin crew was enthusiastic and helpful. Flight arrived ahead of time."
257,"✅ Trip Verified |  Flight on time, remote stand bus transfer in BKK, something I have not seen in BKK for many years for a full service carrier and in Doha. The B773 was rather old, cold draft from exit door, my touch screen not well responding, food ok, seats narrow and uncomfortable. This was a very average flight."
258,Not Verified |  We had seats on top level of A380. Two seats only together. Service was excellent and food and beverages also good. All in all a good flight and would fly with Qatar again.
259,"✅ Trip Verified |  My in-flight entertainment system did not work at my seat for the 8h+ flight. I flagged this to the flight attendants which attempted to fix it to no avail, so I had no entertainment. I raised this with customer services upon my return home as in my opinion I did not receive the service I paid for, and I would expect a part refund however I was met with a half apology and fabrications. I was told that according to their reports I was offered an alternative seat which I refused."
260,"✅ Trip Verified |  Overall excellent experience, service, punctuality, onboarding experience. Excellent Variety of Food and beverages. Number one airline in all aspects."
261,✅ Trip Verified |  This has literally been one of my all time most pleasant flights. The food was top notch even for economy and the portions were super delicious. We were served restaurant level Thai and Vietnamese curries for dinner and lunch respectively. The infotainment was very advanced and you can easily use your phone to control it. The Wifi was also fast and reliable. I am definitely choosing Qatar Airways as my go-to option for all my Japan flights.
262,"Not Verified |  Qatar Airways provides (and has been providing) a level of service second to none. Be it the aircraft, the airport, the cabin crew, the ground staff or anyone bump into, it’s a joy ride. Having flown to almost every country and tried over 150 airlines, it wasn’t difficult to rate Qatar. Now I’m flying back to Dubai and an almost 7 hour layover at Doha intl. seems less given the past wonderful experience. Keep it up Qatar!"
263,"✅ Trip Verified |  After some pretty poor experiences this year using my preferred airline Singapore Airlines, I decided to try Qatar again after 6 years. Check in at Heathrow T4 quick and polite as was the boarding process. On board I found the A380 upper deck very good for economy, service from the crew was very good as was the food. Transfer in Doha quick and easy boarding for KUL done well and again seating felt roomy and comfortable even with the 3-4-3 seating on the 777, arrived KL a little early good flights. Returning check in polite unfortunately KLIA is a dreadful airport, possibly the worst in Asia with poor and uninterested staff along with poor facilities. That apart despite a 2 hour delay the flight to Doha was again pretty good, quick transfer in Doha all fine and the final flight to London was very nice. Bags recovered quickly, I will be using Qatar Airways in future."
264,"✅ Trip Verified |  Very nice flights with Qatar Airways. Aircraft clean and well maintained, professional cabin crew, they never disappoint. The only thing to complain is that I passed through Hamad International several times and they never used fingers but only buses. This implies long wait and traffic jam due to the high number of buses. I imagine this is due to the strong increase of Qatar Airways destinations, but in any case it's a pity for such a beautiful airline! All in all, very good work Qatar."
265,"✅ Trip Verified | Overall, it was okay. The food was pretty good, leg room was acceptable (wouldn't say the best though), customer service was good. The seats however, were really uncomfortable, they were very thin and had next to no padding which on a 14 hr flight, followed by a 7hr flight was brutal. We couldn't wait to get off. After this we flew, Cathay Pacific, ANA, and Jetstar, I've also flown Emirates, Air NZ, Qantas, LATAM, and Virgin, so I have a lot to compare it to. I'd only fly with them again if they were significantly cheaper then competitors."
266,"✅ Trip Verified |  I cover my checked bag with a cloth envelope to prevent it from scuffing. This flight plan involved a local carrier from Durban to Joburg and then Qatar to Doha then Chongqing. On my return flight, the plane was delayed for over an hour, due to mechanical issues in Doha. Consequently, by the time I landed in Joburg OR Tambo airport, passed through passport control, and picked up my baggage, my connecting flight was boarding. As OR Tambo re-check baggage was no longer operational, I had to rush to departures to check in my bag. The time was so time that the airline employee had to check with her supervisor to see if it could be loaded. I rushed through domestic security and was among the last passengers to board. When I landed in Durban, I had a chance to check my luggage and noticed damage. I complained at Durban airport and to Qatar. Qatar kept repeating that when I was in OR Tambo, I should have checked my luggage and filed a written damage report, which would have caused me to miss my plane. "
267,✅ Trip Verified |  Mahe - Doha. Allows 23kg + 7kg hand luggage per person. We had 1x large suitcase weighing 27kg and we had to repack twice even though we were under the permitted weight of 46kg. The lady and supervisor at check-in say there is no other way.  Mahé - Doha. Erlaubt 23kg + 7kg Handgepäck pro Person. Wir hatten 1x grossen Koffer mit 27kg und wir mussten 2x umpacken obwohl wir insgesamt unter den erlaubten 46kg lagen. Dame und Supervisor am Check-in sagen es geht nicht anderst.
268,"✅ Trip Verified |  Seats are too narrow, no space for my legs. Transfer in Doha was complicated and unfriendly personnel. Boarding was chaotic. Will not fly Qatar Airways again. "
269,"✅ Trip Verified |  From an epic experience to merely average. Have flown with QR many times long haul and Q suite is epic and unbeatable. However 4 recent trips to Istanbul in business class including the most recent reduce it to very average. The plane is a leased ex Cathay 777 still sporting the green flashes of Cathay, circa 11 years old and feels it. My major gripe is around service and food and beverage. On such a short circa 3.30 hour flight it was pedantic, why have stellar wine list if staff do not actively ask me if I want a refill let alone ask if I would like any at all. The food was sub par with a tough overcooked steak no coffee service no follow up no greeting and no goodbye."
270,✅ Trip Verified |  I was originally booked to fly on Cathay Pacific on 22 October however the flight Melbourne to Hong Kong was delayed by nine hours and I would not make the connection to Manchester. It took Cathay 6 hours to rebook me for the next available day of a direct flight HK to Manchester only for the same thing to happen again. On the second occasion I managed to get re-routed using Qatar Airways and this proved to be a welcome lucky break. Both flights were excellent with decent legroom and comfortable seats. Meals were better than expected and FA were both efficient and friendly. I managed to get some sleep on both flights. During the night FA made several runs through the cabin with drinks and snacks for those who were awake. The Doha to Manchester flight was full with only a few spare seats we left Doha late but that was not a airline problem but that of several large family groups of passengers who had not booked seats together but felt that numerous other passengers should be relocated to enable them to be accommodated in a seating arrangement they deemed acceptable. Flight attendants could have been more forceful in getting passengers into their allocated seats but it took a senior crew member to establish order so we could depart.
271,"✅ Trip Verified |  They charge an extra 100+ dollars for ""extra legroom"" without disclosing the fact that this area is used for bassinets, has extremely hard to reach Electric ports, and no TV or entertainment system unlike the other seats. There is no benefit to sitting here and in fact, as a result of sitting here, I got no sleep as I was sitting next to a newborn baby during a 13 hour flight. When I request a refund for the first seat I upgraded I was denied because I'd already flown the flight and ""used the seat"". My grievances were ignored."
272,"✅ Trip Verified | I have flown with them before and it used to be the best airlines where flight attendants were so warm and welcoming. Today I flew again with them and the all the interactions I had from check-in to my Flight attendant, everyone was just so passive aggressive. The seats are still nice with amazing space and amenities but the crew level has come down significantly."
273,"✅ Trip Verified |  This has been my first flight on Qatar in Y class since the onset of the pandemic and it was a huge disappointment. The catering was among the worst I had in a long time. They were not even half way through the cabin, when only one choice of meal was available. The minced beef with mashed potatoes were poor in taste and presentation. Bread rolls were  replaced by corn bread. No butter provided. The service was very slow and finally ended 3.5h after takeoff. The seats were narrow and uncomfortable. Considering the price I’ve paid, and what I got in return, I will not fly Qatar again until it returns to its old standards of service and catering."
274,"Not Verified |  I find Qatar Airways to be my favorite airline at the moment. The whole experience from booking to traveling, to end destination is very professional and easy. I had to make changes to my return journey, so I called Qatar (after hours my time), my call was answered straight away, the lady said that she could make change for me (AUD $60) or alternatively I could do it myself online (AUD $11). I chose to change myself online, very easy. As for my flight this week, PER-DOH-LYS, it was great, even though it was in economy, the food was much better that other airlines flown recently. I'll definitely be choosing Qatar where ever possible in the future."
275,"✅ Trip Verified |   Great cabin, seats, crew and service excellent. Food could be improved and red wine shouldn't be served cold. WiFi should be included in the hefty business class fares. "
276,"✅ Trip Verified |   Always excellent! Service, friendliness, comfort and quality all top. Pre-orderd food worked this time and i got a juice steak. Wine list excellent. The wines could be taken out and get room temperature after take off so when served not ics cold as now. WiFi should be free for the fairs charged in business class!"
277,"✅ Trip Verified |   Once again an excelent trip with a world class airline. Top greeting, top service, great plane and seats. Food could be a bit better but wine list is excelent. Still think WiFi should be free in business class considering the fairs."
278,"✅ Trip Verified |  I flew on November 2nd Doha to Washington. The flight attendant Erica, who served our aisle was amazing in experience, smiling, and courteously served all types of customers with patience during the whole 14 hours flight."
279,"✅ Trip Verified |  I should state the inflight crews are nice and the aircraft are nice, however, when things go wrong, this airline is the worst I have ever experienced and does not care if customers face issues. I recently undertook a Business QSuite Trip from from London to Angola for the cost of circa £5000 and the biggest problem was as a result of an initial 6 hour delay due to problems with the aircraft, we missed the second Qatar Airways flight. As a result Qatar gave us no options but rerouted us down to Johannesburg and then up to Angola. This resulted in a 17 hour journey becoming 32hr, but the biggest problem was the Qatar booked some of this via an alternate airline organised by Qatar Airways, which I can only describe as ancient and worrying. This was meant to be a QSuite flight and was chosen so I could work en-route, arrive refreshed and get to work straight away. I wrote to Qatar Airways on my return and they paid out the initial compulsory delayed compensation and then gave a very generic ""Sorry, we take your feedback seriously"". I have made no progress getting any sort of resolution, all you can get is the generic response). The entire AV system didn't work on one flight - I couldn't charge my laptop on one flight.  Overall, the very worst customer service ever experienced."
280,"✅ Trip Verified | Riyadh to Doha 28-10 2023 on a full, late evening flight. Modern aircraft, A350-900Q. On time. Check-in became a hassle, as there were no transfer counters and I had to shift terminal by arriving with Saudia. I was forced to pay for a transit visa, 150 USD, despite I was never on landside and had only 1 hour transit time. This scrupulous exploitation is unacceptable, just taking advantage of people in rush. QR have no transfer desk nor transfer service in a big international airport to where they are flying several times per day. The good thing is that they, upon my request, at least reopened the check-in counter allowing me to check-in even after the minimum time of 60 minutes had elapsed. A lady behind me was also late, but disallowed to check-in, contrary to me. So, at least I got some premium for my hefty visa fee. Boarding was smooth, despite the flight was fully stuffed apart from an empty seat next to me. No alcohol served onboard with reference to a holy national day in Riyadh. Onboard, served a cold mezze meal, mine was still frozen. Only a single service round, and no service the last full hour prior to landing. Jetbridge provided in both ends. WiFi complicated but not working, a big waste of time trying to connect."
281,"✅ Trip Verified |  First time on Qatar using BA miles. I find it hard to understand why this airline is so appreciated. It’s no better than any other. Food is average with hot drinks not being served with breakfast due to the danger of spilling. Half the cabin crew are good and efficient, the other half are not. The A350 is good and comfortable with sufficient legroom, the 787 less so. "
282,"✅ Trip Verified |  Nice and comfortable aircraft. Very good and friendly cabin staff service. Especially Saahil was an excellent air hostess. Very kind, helpful and accommodating."
283,"✅ Trip Verified |  Doha-Kuwait 26 Oct. 2023 on a B777-300. Transit in Doha went well with some testing of their new gold/platinum lounges. The lounges and airport are overstaffed to my taste. To the extend they are about to become intrusive as they have too little to do. Transfer and revised seat selection was easy with new robot machines in the lounges. After the machine reads your passport, you get full overview and can print out new BP yourself. Impressive. Short evening flight, less than 1 hour duration. Huge aircraft, virtually full (300 pax?). Briefly on time. Gate boarding functioned well through division of passengers into 4 zones. I was treated with respect and served excellently. Food and drinks were informed online prior to travel, which had raised my expectations. And, it was all there: served a nice, cold Arabian mezze, nicely prepared and presented in a transparent design box separated in food sections with a spoon fixed elegantly across the sections. Softdrinks numerous, but surprisingly, cava “champagne” was served as well as wine, spirits, and beers. Two catering service rounds in 55 minutes is impressive. Staff competent, focused, polite, and extremely efficient. They gave me 3 seats due to my Privilege status at their FFP. Headset, blankets given. IFE and WiFi functioned well, was given a headset of good quality. Even if I would have been offered a free business class seat, I would not have changed it for my given 69G seat. I have a full appreciation and pleasant experience from this flight and cant fault anything. FA were well groomed, well rested, and in a transmitting, sparkling mood. I spoke Thai with a hostess, Ms. Pisolaya, who was outstanding. Qatar delivers top notch at times, particularly in the air. Well done QR!"
284,"Not Verified |  Flight QR 176 Oslo - Doha 26.10.2023 We took the flight as a part of our trip to Qatar / UAE and Oman. We chose QR as the price was good and as its one of the best airlines. We expected a good flight with a good service but there was one cabin crew member who made this flight to be exceptional. Carina from Portugal was warmhearted, extremely welcoming and caretaking about the passengers. You can see that there are inexperienced new staff and they trying to do their best but Carina is, as you can say a Diamond. We all know that a flight rise or fails with the crew and their performance. Qatar Airways should be happy to have her in the team. Thank you for the great experience. Always happy landings"
285,"✅ Trip Verified |  The online check in was smooth, airport check in at Kathmandu was too slow, transit at Doha was smooth. Cabin crew on both the flights were friendly, attentive and caring. Meal ordered by me was all nice except the brunch served on Doha-Sao Paulo route. Seats on the Boeing 777 was bit congested and I felt cramped. Legroom too was not enough. Kathmandu - Doha was fine for seats. In flight entertainment was similar on both the flights. One hour complimentary WiFi was made available on Sao Paulo route, which could me made free in its entirety or for some more hours. Toilets were clean and good. Drinks served was good and extra drinks(tea, coffee and cola) were given to me on requests. Overall nice experience! 5 star"
286,"Not Verified |  The airline has nice seats, food, entertainment and the bathroom is very clean. The food and cabin crew is also good. The legroom is also good and the pillow and blanket is nice."
287,"✅ Trip Verified |   Check in at BKK airport swift and friendly, lounge in BKK topnotch as usual, it’s my favorite lounge within the QR network. Food ex BKK great, service and comfort on the glorious A380 good as always. Transfer at Doha airport disappointing. The booked AlMaha transfer service did not show up at the gate (still waiting for a response from them since this happened for the third time this year!) Lounge very crowded with no chance to have a shower since the waiting time was over an hour and my transit was just 1.5h. Departure gate to Brussels was at one of the dreaded bus gates on the ground level. Chaotic unorganized boarding, with stressed and shouting gate agents. It’s simply no fun to go on a 30 minutes bus ride at 2 am in the morning. Most of my flights to Europe departed from a remote stand this year; that’s not what I expect from a world class airport. Flight to Brussels on a newish B789 with the new suite seating which I find too narrow and feels claustrophobic. Food was average ex Doha. Prior to my departure, I tried to book my meal ex Doha via the app, which did not work. I sent an email to customer service, but was told that that issue got nothing to do with them and therefore won’t be able to assist. No attempt was made to forward my issue to the IT department, or simply letting me pick my meal choice manually. I like flying Qatar, but the issues on the ground and it’s poor customer service are a big letdown and does not justify the premium airfare I’ve paid."
288,"✅ Trip Verified |  I took flight QR719 Doha to Seattle on 20th Oct. Neha the cabin crew was super nice during the whole journey. She was so friendly and warm and thoughtful, she made this long flight so much enjoyable, she was so attentive and always provided assistance.  She's really great, and I think it's really lucky for Qatar Airways to have her."
289,✅ Trip Verified |   Another great experience flying with Qatar Airways. Thank you to the crew members for your professionalism and kindness. I 100% recommend Qatar Airways. 
290,"✅ Trip Verified |   It was an absolutely lovely experience and the cabin crew were all very accommodating and excellent, I would like to personally thank Joseph and Tom for making our flight as comfortable as possible."
291,"✅ Trip Verified | Colombo to Doha - aircraft used was an Airbus A330. Qatar really need to either renovate or replace these, as the cabin on this one was really showing its age and was very tired, including a non-functioning seat next to me (was only able to be in full recline mode) and the dated, but very large in flight entertainment boxes that take up about one third of the available space beneath the seat in front for window seats and aisle seats in the central block of three seats. Toilets were a mess, IFE was limited compared to more modern Qatar aircraft; vastly inferior to the Qatar A380s, 777s etc. Thankfully this is a relatively short flight - wouldn't have wanted to do long haul that's for sure! Food was great, but since Covid, the in flight food service has been economised/simplified."
292,"✅ Trip Verified | Doha to London Heathrow, 10th October 2023. 777ER which is always a bit cramped now that most airlines have squeezed in 10 abreast - noticeably less spacious than the Qatar A380 which is also 10 abreast. Cabin was clean and well-maintained and took a while for the air conditioning to kick in after engine start up, but when it did, wow it was cold! I normally like a cool cabin, as its possible to get warm with a blanket etc., but impossible to cool down if the cabin is too warm, but this was a bit far on the cool side, even with a blanket - maybe it was just me though? IFE is exceptional on these updated/more modern cabins and aircraft was kept clean throughout, including the washrooms. Despite many airlines simplifying food provision since Covid, the food was great, particularly the dessert which as well as being tasty, had a white chocolate in the middle, complete with Qatar branding! Bang on time and unlike every recent experience at Heathrow (my record being a 2.5 hour wait), bags arrived promptly. Could fault anything on this trip aside from the usual gripe about the cramped 10 abreast 777 cabin; great service, clean aircraft, great food, on time departure and arrival."
293,"✅ Trip Verified |   Flew from Singapore - Doha - Milan Return, out bound flights were great but Doha to Singapore was bad, After three hours of sleep, I went to put the Qsuite up and it broke, got up out of my seat and tried to fix it and there was no interaction from the crew until I rang the bell. Flight attendant came and said that it was my fault as my shoes were under the seat. Seat was then adjusted to a ridiculous position which was uncomfortable to sit in. Breakfast came and flight attendant tried to set up table but could not be done due to position of seat, left me sitting there before I complained to the cabin services manager. They try to fix it, they managed to manually position seat for me but only a few hours to landing. Qatar complaints was hopeless saying staff did everything possible and they blamed turbulence on the flight for not attending to seat first. Offered me 10,000 avios as compensation. "
294,"✅ Trip Verified |   Wonderful experience spoiled by the ground staff at Doha. The flight from London Heathrow started out amazingly with the service at the premium check-in and passage through the security fast lane. The Qatar premium lounge at Heathrow is an oasis of calm and the food and drinks are excellent. Some of the staff lacked the polished 5 star touch. Service and comfort on our A380, although not the new q-suites, was excellent. Delicious food for breakfast and lunch. A stark contrast to the poor offerings on our outbound flight. The seats were comfortable. The Heathrow flight arrived at an A-Gate and the Dubai flight departed from C-gate. When we got to the C-gate we politely asked if there was a lounge close to the gate and received a very terse and rude no response from the Qatar Airways lady who was setting up the gate. Business/first passengers were made to hang around for 30 minutes whilst economy class passengers were bussed out to the plane. Not the service we paid for. Service on the flight to Dubai (A350) was good and the seats comfortable."
295,✅ Trip Verified |   Excellent experience let down by delays on the flight from Dubai which meant we didn't have chance to try the lounge in Doha and limited food options on the night flight to Gatwick. The food was little more than snacks and not the 5 star service we expected. The food was a stark contrast to the morning return journey from Heathrow. The food on that flight was amazing. The seats on the 777 to Doha were the old style 2-2-2 seats but that didn't matter on such a short flight. On the flight to Gatwick the seats were comfortable but sadly not the new qsuites.
296,"✅ Trip Verified |   Brilliant, five star customer service provided by Namvkwla, Tae Vi and Calvin onboard QR962 on 2nd October. Nothing was to much for them. Food was okay, seat was fine onboard the new A350-100."
297,"✅ Trip Verified |   It pains me to share this experience as I have always been a big fan of Qatar, having flown on it many times in my career while based in Washington DC and Geneva (business and first class). And, in fact, paid the extra money to upgrade to business class when I retired and returned to South Africa with my wife during the pandemic and it was expertly handled and a very satisfying, secure experience. Checked in at Schipol around noon on Tuesday 26 September travelling QR0274 to Doha, then QR1369 to Cape Town on Wednesday 27 September. Checked in three bags, two were received, and one was not. Reported at CPT on arrival on 27 September and a property irregularity report completed with appropriate supporting information including pics. Since then it has been a nightmare of correspondence and communication with various people in CPT, DOHA and AMS. All to NO avail. No one seems to have the capability, willingness or interest in helping a customer retrieve their missing bag containing valued personal possessions, including our family Holy Bible which is irreplaceable. Apparently the missing bag apparently was traced in AMS and was meant to be loaded on QR0274/29 September to be delivered in CPT on QR1369/30 September. Nothing arrived and there seems to be complete confusion between CPT and Qatar representatives in Doha and AMS. It seems AMS are not responding but I find it hard to believe that Qatar would not physically investigate what is going on at AMS with their baggage handlers, whom I believe are Swissport. I tried Swissport and the Station Manager in AMS but they don't answer their phones. I keep being assured that the bag is on the next flight but nothing. It is now a week since the missing bag was traced and it is just endless communication with people who want nothing to do with the problem and passing the blame to someone else. No one is willing to show any initiative or take accountability."
298,"✅ Trip Verified |  Although it was very early morning, things went fairly smooth. I was moved further up as they needed my seat for someone with medical problems which I was totally ok with. However the seat 19D armrest was falling apart. Food was very nice, and had a nice sleep. Perhaps on those early morning flights would be nice to have a choice (sticker) saying whether I want to be woken up for food or whether I want to be left sleeping. In terms of inflight entertainment it would be nice to be able to watch Rugby World cup"
299,"✅ Trip Verified |  The seats felt like auditorium seating, Ok for 20 minutes but leave your bottom numb for anything longer. The seating was simply just too small and packed in and the cushioning was basically non existent. Sitting on the isle I was kicked, bumped and stood on nearly every time a staff member came past. This was supposedly in a seat that gave me more leg room and I paid extra for. "
300,"✅ Trip Verified |  I am writing to thank Qatar Airways for exceptional service during my flight from Washington to Kathmanda via Doha.  All flight attendants were welcoming, warm, and professional during both of my flights and provided first-class service. I have to say that Qatar Airways are simply the best airline in the world. Thank you very much."
301,"✅ Trip Verified |  At the online check-in when they give me the availability to choose a seat for free on the middle or the aisle side on my return ticket, both ways. If I wanted to have the window side I had to pay an extra fee. The most disappointing was the food, we had 2 options chicken rice and braised beef when they come to me they didn't have beef anymore, so I  had to take the chicken biryani. No butter or cheese was served.  On the online check-in counter in Muscat i waited more than 25 minutes because one family had immigration issues, since only 1 counter was available."
302,"Not Verified | It's no surprise that Qatar Airways is ranked among the top 10 airlines globally. I recently traveled with my 11 and 17-year-old boys from Doha to Bangkok, and I must commend the airline's exceptional service. The crew members were not only friendly but also soft-spoken, ensuring we had everything we needed and making us feel incredibly comfortable throughout the flight. Thank you once again for the outstanding service; we look forward to flying with Qatar Airways in the future."
303,"✅ Trip Verified |  I booked to fly Qsuite business from Jakarta to Athens return. On checking in at Jakarta International airport we had to stand and wait for an hour.  When I raised my concern with the staff, they said it was because they have three flights departing at that time.  The lounge was the Garuda Business lounge that was really awful. The only alcoholic beverages available were unpalatable and inferior products.  The ghastly food offering was substandard and inedible. The lounge was cramped, hot and overcrowded. We left the lounge and used the general access / food court section and bought a decent glass of wine and better food. Four weeks before my return flight, Qatar emailed me to say I can not return from Doha to Jakarta in Qsuite because they changed aircraft to one without Q Suite. If If I still want to fly Qsuite, I must catch an alternative flight 7 hours later and wait 9 hours in Doha rather than about 2. Their rules state that I am unable to enter the Doha business lounge until a few hours before my flight, so the rest of the time, I would be locked out of the lounge. As to their email apology to me for moving my fight to a plane without Q Suite, they said I could choose my own seat in the new plane to get the seat of my choice. I tried. And they will not allow me to book my seat until 48 hours before the flight. "
304,"✅ Trip Verified |  
We flew from Vienna to Muscat via Doha. The aircraft in the 1st leg was Airbus 320, an old aircraft, seats with hardly any space between the rows. The screen was slow with poor resolution. The inflight program was very limited.  There were only 2 toilets for the economy cabin resulting in a long queue post-lunch. How can they use a small aircraft for an almost 5 hour 15 mins flight. A320 may be appropriate for a short flight but definitely not for this flight."
305,"✅ Trip Verified |  The flight from Bangkok to Doha was on the A380-800. The flight from Doha to Vienna was on an Airbus A320. Both flights were on time and the staff on both flights were very professional and friendly. The food options were above average, and there was a good choice of drink options. I did notice that the entertainment system seemed to have a lot less choice of content than when I last flew Qatar Airways, and the leg room felt a little tighter. Arriving to Doha around 11:00 pm meant a huge crowd waiting to get through security. Doha airport is OK. The flight back to Europe meant taking a bus to the plane and this was a bit of a pain. Both flights were completely full. At Bangkok, I asked at the check in counter whether it was a full flight and the guy behind the desk said that it was overbooked. I guess the remaining passengers got to fly on the next Qatar flight to Doha, which left just an hour and a half after my flight. T I will still fly Qatar Airways and I will still recommend them."
306,"Not Verified |  Pretty good service and food but rear-facing seats, and a need to take buses and climb boarding steps on the tarmac. Our stopover in Doha was in the middle of the night and the large impressive lounge is useless: uncomfortable seats to pass 3 hours waiting. They cannot have some lounge chairs to let us rest a little? The male shower room had a queue: why have a large ""pond"" feature but few shower facilities? The most unacceptable aspect was the need to take buses and climb boarding steps on the tarmac."
307,"✅ Trip Verified | Flight hostesses didn't acknowledge or greet me as I walked to get seated. There are 2-3 hostesses standing by their assigned section who don't acknowledge or greet you, and if they do it's forced and fake. They give juice/water and if you return it when they come to collect it and you say ""thank you"" they didn't acknowledge. "
308,"✅ Trip Verified | Please note that this review is meant solely for the Qatar Airways ground staff. The scores given for seat comfort and cabin staff service are based on previous flights, for reasons given below. We had to cancel our trip due to a family emergency, while we were already in the departure lounge, literally an hour before boarding. We were absolutely distraught because of worry and needed guidance badly for what to do. After exiting the departure lounge and returning to the Qatar Airways check-in counter, one of the staff immediately came to our aid. We had noticed him earlier during check-in attending to passengers queuing for the counters and providing labels for our bags. Not only did he listen patiently to our situation, he also gave clear instructions on how to retrieve our checked-in luggage, as well as when and whom to call in order to manage our flight booking. His calm and sure directions, as well as assistance from other counter staff, helped us tremendously in dealing with the situation. Furthermore, the office that we called regarding our booking attended to our needs very professionally. She explained what we needed to do clearly and repeated patiently when asked to."
309,"✅ Trip Verified | The First Class lounge in Doha is amazing and then we went on a VIP bus to the plane which actually took longer than the flight. The front cabin on the plane which they called First it wouldn’t qualify for even a C class in Europe.  The take off and landing were immaculate, the pilot was amazing and food was ok. That is all I can say about a 55 minute flight."
310,Not Verified | I had read many negative reviews about this airline so was a little apprehensive. I’m very happy to report that our experience couldn’t have been better. From checking in to boarding it was all seamless. The cabin crew were absolutely lovely and so attentive to everyone. The seat was very comfortable and food was generally ok. We would’ve preferred a sweet option for breakfast but apart from that everything was perfect. Will definitely fly Qatar again!
311,"✅ Trip Verified |  
Check in at AUH fast, Al Dhabi contract Lounge average in terms of offerings and service. Flight from Abu Dhabi to Doha uneventful with good service and decent snack. Oryx One Play entertainment system again not working throughout the flight. No contact gate in Doha with a long 20 min bus ride from a remote stand. Qatar Platinum Lounge South crowded, but fast service and good offerings. 2nd leg to BKK aircraft change from A380 to B773 without being informed. Random seat assigned. Luckily realized this some time before and changed to a decent seat. Boarding organized and from a contact gate. Flight service good, with average catering. WIFI not working."
312,"✅ Trip Verified |  July 2023. Family of 5 with 3 children, pre-booked extra leg room seats and so that we could be together. Our seats were reallocated to a group as we transited through Doha airport. We ended up with seats spread across the entire the aircraft, nowhere near each other. Our 13 year old who’s afraid of flying was sick with the stress caused, and to us as parents worried that if something happened there was no way we could have taken care of our 3 children. Total lack of interest, no customer care, no customer service, no attempt to improve the situation, then lies and fabrication of reasons when we complained at the gate, onboard and afterwards to their customer care team. First they claimed the aircraft had been changed, then that our seats were changed for operational reasons, and then best of all claiming we had missed our flight and had been put on a different plane. Because we complained, we never got a refund for the extra leg room seats. "
313,"✅ Trip Verified |  Qatar Airways has good service on board and the seats are quite comfortable. The airport is also nice to explore. I flew twice now with Qatar but this time we had a delay already in Entebbe of 3 hours then lost the connection flight and had to wait 8 hours in Doha. I asked for a hotel room or a  food voucher or anything. We were forced to wait around and sleep in lounge chairs. This was not acceptable and for a waiting time, lost hotel and lost day in Vienna I expected at least an apology."
314,✅ Trip Verified |  The service was amazing. All the time the cabin crew was walking around with drinks and snacks. During the flight I had some problems with my back (sport injuries)and I was walking in the plane to stretch my feet. A cabin crew member came to me and checked if everything is fine and If she could bring me something. She brought me some water and we talked about daily life. She was very kind and at the end even gave me child present for my children at home.  She went the extra mile. Thank you Premkamol. See you hopefully soon again.
315,"✅ Trip Verified |  Check in at Bangkok airport friendly and efficient. Even Qatars Platinum members are not allowed to use their own lounge in BKK. Their contract Miracle lounge was very average to say the least and does not deserve the name. Boarding was well organized. Cabin crew was friendly and efficient throughout the flight. Food was a big letdown, with no more butter for breakfast, no pepper and salt or a small spoon for the dessert or stirring the coffee. The main meal was disappointing in appearance and taste. Internet worked for just 20 min after reaching cruising altitude. Al Maha transfer service worked well this time after the hostess did not show up twice at the aircraft earlier this year. Platinum lounge was great. The short second leg of the trip was uneventful; the virtual entertainment system (their new 738 do not have private screens) did not work throughout the flight. Overall very average flights."
316,"✅ Trip Verified |  First time traveling with Qatar Airways, from Auckland NZ to Milan return via Doha. Staff and aircraft were fantastic! Food and service no 1. Lay flat bed in business class probably the best I've been on. I recommend using Qatar Airways to others"
317,"✅ Trip Verified |  I paid $88 USD extra for an exit row seat with extra leg room, based on the Qatar Airways seat map during online purchase. But my seat was not in an exit row. I assumed that the aircraft had been changed at the last minute and that the airline would refund the fee. After complaining to Qatar Airways twice, they denied that there was anything wrong. "
318,"✅ Trip Verified |  Brilliant service as always, clean and modern aircraft. Service outstanding, personal greeting and recognition by onboard crew probably because I have gold status, was not expecting this and it pleasantly blew me away that they offered this personal touch. I booked Al Maha services and was really impressed. Staff go out of their way to make you feel welcome and comfortable, cannot fault a single cabin crew member. Food always of a high standard. Hamad International airport amongst best in the world. Lounges brilliant. I will likely always choose Qatar even though a direct route to certain destinations may be more convenient and cheaper."
319,"✅ Trip Verified |  We booked 2 business seats to Europe and we had to pay to choose our seats. I paid $989.80 to select seats. We were supposed to be on Qsuites, one of the reasons we booked with Qatar. On the First leg from Athens to Doha they changed our plane to one that didn't have Qsuites. The seats they allocated us were at the rear on the business cabin, very noisy. As we didn't get the seats we paid for I thought they would offer us a refund for the money we paid to select seats . When we got home I waited for a few days and when I didn't hear from them I contacted them via email. They refused to compensate for the downgrade from Qsuites and they wanted me to sign an Indemnity and Waiver of Liability Form to refund the money I paid for a service they didn't supply. They should refund the fee they charged for seat allocation on this leg. "
320,Not Verified | Incredible experience from start to finish. Feel like I was the only one on the plane. I heard anecdotally how good this was to be and I can honestly say my expectations were exceeded. I have found my airline. I feel comfortable now that all my future airline needs are in good hands. Looking for to the return trip in late September. See you soon.
321,Not Verified | I was not able to select check-in/seat within 24 hrs of the flight. I have tried on Qatar web and called several times but no help was received and most window seats are gone.
322,"✅ Trip Verified |  I upgraded to Business Class (Q-Suites) on outbound flights, and flew Economy Class on the return. All flights were excellent. Business Class was phenomenal: the service, attention to detail, quality and selection food and wine, and the hard products. I loved the fact that on the two outbound legs, there were different wine lists, so I got to try a wide selection of 4 Champagnes and numerous high-quality wines. Cabin crew were always incredibly attentive, responsive, and friendly. On the return, in Economy Class, I also had a two very good flights. Despite only being a Silver member, I was still personally welcomed aboard, and given the opportunity to select my desired meals before meal service. The selection of wine was decent, and the food was fine. Service was always friendly, polite and professional. I really enjoy Qatar - and even though Business and Economy are incomparable, they offer highly polished, professional service in both classes, and goodt IFE, food, and comfort."
323,✅ Trip Verified | Cabin staff service: Inflight staff is very inexperienced or there is not enough staff. Most of the passengers have complained about inflight service. They were not able complete the food service also on time. Food : For the long term flight food also very bad. Most of the people are not eating some particular items. May be airline can identify this item and remove this item from the menu.
324,"✅ Trip Verified | Fantastic service, professional staff. Would definitely fly with Qatar again. Drink and meal service was amazing. Qatar allow you to dine when you want and continuously top up drinks. You are able to pick what you like from the menu when you want. The private suites are amazing. This is truly a 5 star airline."
325,✅ Trip Verified |  Yet another fantastic experience with Qatar Airways. Check in service at Heathrow was an absolute pleasure. Services onboard QR 010 on 7th September provided by cabin crew was second to none. They were a fantastic cabin crew and was absolute pleasure flying with them. Thank you very much.
326,"✅ Trip Verified | Staff good. Food ok. Seat comfort on 787 absolute zero. I'm 6ft 4"" . No room for me at all and the person in front trying to push the seat back to recline. You can pay for a reserved seat at nearly £100 per flight. Adverts when you try to watch movies. "
327,"✅ Trip Verified |  I have ""Gold"" status in the loyalty program. After each trip, I send a request via their website to issue an invoice. Customer service ignores my requests. I have been waiting for some invoices for more than a year. The call center is helpless and they say they only send ""escalations"" to the head office. The trip itself is, of course, great, but the customer service is at a dramatic level and makes me feel frustrated and helpless."
328,"✅ Trip Verified |  The first leg of this flight was on the A380 and the second was on a Boeing 787. The A380 was full booked and it’s a remarkable aircraft. Food was terrible on both flights. On the second flight I was starving and was disappointed when all I was given as my first meal was a sandwich. Then the breakfast was inedible. The crew on the flight didn’t seem to get on with each other. Rather unprofessional. Wi-Fi didn’t work. In flight entertainment is superb, credit where credit is due. Wasn’t impressed with Qatar on my last couple of flights."
329,"✅ Trip Verified |  I found these two flights quite difficult from a personal standard. The first leg was at 8am, and I was wide awake for and couldn’t rest. The second flight I tried to get some rest but I couldn’t. The food on these flights was really tasty. Especially the Edinburgh to Doha leg. The in flight entertainment was vast and very good. I had checked in online and went straight to security with my E boarding pass, but it didn’t work at security. They let me through then the airline printed me a hard copy at the gate."
330,"✅ Trip Verified |  London to Doha was average. Food quality has gone down and entertainment was pretty average with no new movies. Doha to Kochi was with a 'no-frill' airline Indigo from Doha to Kochi. This was absolutely horrible, seats were thin and very uncomfortable, no entertainment, my food was absolutely horrible and staff could not care less. Qatar trying to make a profit by providing customers with a no-frill service is unbelievable and not acceptable. After landing in Doha, we had to take a 25 minute bus ride from the plane to the airport. "
331,"✅ Trip Verified |  Qatar Airways is one of the most professional airlines. I was very ill on flight, the steward called doctor who allowed medication to be given to help me, then exceptional service once arrived in Doha. I was taken to lounge to shower and escorted to a resting area as I was travelling alone. I highly recommend Qatar Airways. I felt that I was in very safe hands."
332,"✅ Trip Verified |  Qatar Airways is undoubtedly the best airline. From booking my tickets on line to online checkin, airport services, in flight comfort, cabin crew, transfer at Doha, everything was just amazing. Although tickets were comparatively expensive however services were value to money."
333,✅ Trip Verified |  I travelled from Geneva to Qatar and Qatar to Colombo using Qatar airways. I was pleasantly surprised to see the concern of the staff regarding the passengers issues. We made a mistake when we checked in to the Geneva airport. We did a hassle free online check in including user friendly seat reservations which helped us to identify seats to our liking and received the boarding pass immediately. However we were confused at the airport as it was our first journey through Geneva airport and did not attend to luggage. At the boarding gate only we realized that we were carrying huge bags with us. When we explained our situation to the Qatar air ways staff they calmly accepted the challenge and attended to our needs immediately without causing us any pain. We are grateful to all the ground staff and crew members at the gate 56 at 16.10 on the 2nd September for their concern. Even while serving us cabin crew members were polite to check on us to make sure that everything regarding our bags is OK. This shows their genuine interest in the well being of the passengers which they may have gained through exemplary training or/and air line may be selecting the ideal people having humanely qualities. The service we received throughout was exceptional. Thank you Qatar airways.
334,"✅ Trip Verified |  Although I booked an aisle seat, I was given a middle seat at check-in without anyone mentioning the change, so I had the surprise when I boarded the plane. The flight attendants were very nice and apologetic and tried to find a solution but since the flight was full there wasn't much they could do. I am aware that sometimes there is a last minute change of aircraft and all the seats are changed, but I believe this was not one of these situations because my neighbours on either had the seat they had booked even before I booked mine. I strongly suspect that this happened when I upgraded my return flight to business class, a glitch in the system cleared my seat selection for the outbound journey. I wrote to Qatar Airways about it, and they replied that they are free to change seats at any time, including after boarding. There wasn't enough food, 2 meals and one sandwich, and my vegetarian ovo-lacto meal was a vegan meal. There also seemed to be some confusion among the staff, a couple of times they served me a regular meal and then took it away to give me the special meal. The flights were on time, IFE was good and the flight attendants were very nice."
335,"✅ Trip Verified |  The plane from Bangkok to Doha was decent enough but the Boeing 777-300ER from Doha to LHR was shocking. Mould on the ceiling and interior, badly cleaned surfaces.  Will not use them again in the future unless they improve. The airport was decent enough. I'm giving them a score this high because of the onboard staff who did the best they could."
336,✅ Trip Verified |  London to Doha was delayed two hours but Qatar Airways failed to inform the passengers about this and not to wake up at 4AM and get to the airport. The onboard the personal service was fantastic especially Maria and Stephanie they really took care of the passengers. The IFE was not working on my seat 1A and WI-FI was patchy but it was nice to experience the Qatar Airways A380 again.
337,"✅ Trip Verified | I asked for a low salt menu, instead of actual food and desserts I got mostly small portions of vegetables (cucumber, tomato) and fruits. I don't think chocolate cakes or tiramisu have salt in them and excluding them from my menu was a turn off. Also the portions of my food were very little. "
338,"Not Verified |  The business class experience on the QSuite is truly exceptional as I found out on another flight but as far as Economy Class goes, Qatar is far from the best. The seat was quite uncomfortable in terms of seat width and legroom. The cabin crew service was spotty, the headphones handed out when boarding was not working and it took 3 hours for the crew to find me a replacement headset. "
339,"Not Verified |  This was my first time experiencing the QSuite and it was really a wonderful experience. The seat is amazingly comfortable, though I did not sleep since it was a short 3.5 hour hop. The cabin crew was extremely attentive and took every effort to make your flight wonderful. Excellent food, great wine list, warm and attentive service made and the nice IFE screen to enjoy movies made it one of the best flights till date. The selection of entertainment is not well-curated."
340,Not Verified | Got a decent priced upgrade and flew business. DFW to Doha was q suite. Good service good food and a comfortable sleep. Doha to Joburg 787 lie flat. Not as comfy but slept fine good service. It was a very good business class product but in no way best ever. I got lucky and my upgrade was less than original ticket.
341,✅ Trip Verified |  I and my wife had Business Class tickets. I was offered an upgrade in the app on checkin for my 3 daughters. After paying for it I realised that the upgrade was only for the segment from Doha to Zurich.  I therefore requested either an upgrade for the whole trip or a refund of the amount paid and return to economy. Customer service (center not managed by Qatar) answered that I was wrong and I should have read the terms and conditions. Refused any of the two options.  In Doha we try and access the Business Class lounge. No access for my children as the tickets were upgraded and not full Business class. Qatar Airways website places the cost of access to the lounge at 450dr 59% off for children. No mention of the fact that an age restriction applies to minors between 12 and 17 which are not considered children. All these rules applied in a very strict manner with no flexibility.
342,"✅ Trip Verified |  Check in at Zurich airport friendly and swift. Prime Class lounge was rather underwhelming with poor breakfast choices, but nice outdoor seating. Flight to Doha was downgraded from Qsuite to normal seating quiet some time ago. Flight to Doha was very good with great catering and good service. Arrival in Doha at a remote stand. The Al Safwa lounge food has improved. Flight from Doha to BKK by the all Thai cabin crew was great, catering not as good as the previous flight.  After all, reasonably ok flights, but nothing special considering what I paid for. "
343,"✅ Trip Verified |  I had an upgrade offer for two persons for Business Class for booth flight sections in my app. After paying I got the message that it was not possible. I thought it was a bug, so I updated my APP content and got the upgrade offer again. I paid again and received the information a second time that it was not possible, after booking on my credit card. These amounts were blocked not just once, but twice each. 8,272 EUR from Qatar Airways were blocked on my card for a whole day. At the business check-in counter, no one could understand what had happened. Only reaction was please write a mail to Qatar Airways.  I have never experienced such bad service. In the flight from Doha the climate was not working. After more than an hour of waiting in unbearable temperatures on the plane, a glass of water was served without a word of apology why it was so hot on the plane. After about 3 hours the temperatures become somewhat bearable. Writing an E-Mail on August 4th to Qatar was more then useless. Qatar Airway told me it was a ""due a system error"". Nothing about the very bad untrained Service on the ground and in the Air. As a Frequent Flyer you get a welcome on board but no Service to solve Problems. "
344,"✅ Trip Verified |  This review highlights the exemplary service of the Doha-JFK flight QR 701 aircrew on 19th August 2023. Qatar Airways is known for its excellent service in general, but some flight crew do a much better job than others. I wish to mention flight attendant Ms. Amanat specifically for her outstanding service to me and my fellow passengers during our flight. She was always patient, kind, and willing to cater to passenger requests during the flight. She never lost her smile and showed a genuine effort to make our travel comfortable. "
345,"✅ Trip Verified |  Milan to Windhoek via Doha return with A350-900 from/to Milan and B788 to/from Windohek. Excellent service provided as usual. Crew always very good to top notch depending on the route. Airplanes always new an well maintained. The seat was amazingly comfortable, much better than QSuite that feels a little claustrophobic. PJ's handed out even into a day flight, the F/A also gave to me an extra one for the following leg. The food was very fresh and tasty. The transit in Doha was also smooth, even though if your flight is parked not at the finger you may have a little time to spend on the bus to the terminal. Priority lanes for security work very well and the staff always with a smile. The business class lounge Al Mourjan was full of staff and very helpful. The buffet restaurant is a nice touch with plenty of choice. QR will be my first choice from Italy to UAE, much better than EK. QR staff really knows how to engage with their customers in a warm and authentic manner to make you feel welcome and valuable."
346,"✅ Trip Verified |  Most disappointing flight I've had for several years. Baggage damaged and Qatar refuted saying I left it too late and already went through customs. In fact I had gone straight from the carousel to the baggage claim. Both my meals were inedible. Power supply for laptop was old and plug kept falling out. We booked a month early and checked in early but got horrible centre seats. The problem was the online check in wouldn't let me change them. I had to phone and was told I had to pay $100 to change the seat. At checkin I tried again but first leg was Finnair and they couldn't change the seat. Then we tried when we got to Doha, before security and there was a long queue of other people also trying the same - we were 30 minutes in the queue and they said they couldn't change but someone else said to try at customer service. There was another long queue and this time they said there were no spare seats available any more. Was promised an hour of Wi-Fi as a prestige member but every time I tried it said satellite not available."
347,"✅ Trip Verified |  Overall, the flight was pleasant. Flying with Qsuite from Jakarta to Doha was exceptional. The cabin crew was friendly, helping a lot, always checking with us if we need help. The Food taste is just amazing for my 2 meals. The Entertainment also updated and had a lot choice for a long trip. Just like mini apartment when flying in Qsuite. Unfortunately, from Doha to PHL, they changed that into regular Business Class in 2-2-2 Configurations. The services are still great for 13 hours flight."
348,✅ Trip Verified | Excellent service as always by Qatar - cabin crew were very solicitous at all times. The meals were ample and served by the friendliest and hardest working staff I've seen. I get spoiled by QA - I don't want to fly with anyone else!
349,"✅ Trip Verified |  Hanoi - Doha - Johannesburg 13-14 August 2023 on Boeing 787-9 / A350-9, respectively. On time. Flew on QR award tickets; selected my favourite seats free due to Frequent Flyer status. Quick check ins. Lounge in Hanoi spacious and good. Onboard, menu had 3 choices of hot meal, all announced 10 days prior to departure on QRs homepage. Transfer in Doha smooth with lounge access (Gold Lounge Gate C14). The flights were faultless and excellent for economy class. FAs were energetic, well rested, groomed, and in a sparkling mood. Drinks were generously served throughout the flights, up to 3 drinks per person per round. Food was good with 3 hot options on each sector, though small portions. Further were sandwiches and snacks served and/or obtainable on request. Both flights were de facto full; this challenges were handled well by the crew who knew how to focus without panicking. IFE worked well with on touch screens, huge supply of movies. Amenity kit and kids toys were given to all who wanted. Decent wines for economy: sparkling was a decent French crémant: Veuve Ambal Chardonnay/Aligoté (30 usd/bottle). White wine was acceptable: Frontera Chardonnay 2022, Chile. Red wine was very good: Maison Robert Olivier Syrah, France. Sodas and beer brands were substandard as usual: the cheapest industrial stuff, sells for max. 1-2 USD/can. Was recognised and further pampered as elite frequent flyer of QR. Only down fall are the very conservative and conform food offerings and the tedious bus-gating in Doha, depriving passengers any premium feeling. Luggage failed to be loaded in Hanoi depriving me comfort on the subsequent numerous flights. Could only file PIR-report at final destination of my entire travel, in Copenhagen. Luggage still not recovered, but I trust it will come soon. Will fly QR again, however."
350,"✅ Trip Verified |  Maputo to Denpasar via Doha was very disappointing.  Qatar Airways was very average, and on occasions below average, on these flights. Chairs were not great, especially the entertainment console under the chair in front of you.  The internet was the worst I've experienced, and the most expensive. Food was okay, nothing exceptional. Unfortunately no Qatar any more for me and it's confirmed that the 787 is not my plane. The A350 is so much quieter and more comfortable"
351,✅ Trip Verified | A delay of 90 minutes.  I still managed to arrive in time for my connection but we had barely time to rest in Doha. 90 minutes transit time to get across the terminal to the next gate instead of 3 hours transit.
352,✅ Trip Verified | My family and I flew this airline and this Boeing 787 from Rome - Denpasar was complete hell. This is a small aircraft for that distance travelled (10.5 hours) seating is 3x3x3 and aisles are small. There is no chance of movement once boarded as there is a lot of time taken up by trollies in the aisle. 
353,✅ Trip Verified |  We flew from Jakarta to Doha on business class but were denied lounge access because it was an upgrade. Whats the point of attracting customers if they have to sit in the airport or a restaurant.
354,"✅ Trip Verified |  Absolutely memorable trip, outstanding. Our first flight to Doha had new business class seats - very good ones. Long haul was in Q-suite, an amazing experience. They call it 1st class in business and I confirm it. Service was immaculate. Flight was in time and we arrived earlier than planned to Singapore. Choice of meal and drinks are very good. Staff treated us like kings. There were new releases of movies and cartoons and particularly Sing 2. We had Al Maha VIP platinum service in Doha and I strongly recommend to have it to everyone since Doha is huge airport. The lounges were fantastic. Both in Singapore and in Doha. Our luggage was in good order."
355,✅ Trip Verified | The crew were very helpful and extremely supportive. The entertainment screens have a lot of options. Comfortable chairs even for long trips in economy class. Food was amazing.
356,"✅ Trip Verified |  There was an issue with our seats as we were given regular seats instead of the extra legroom seats we booked. I raised the issue with the staff and we were relocated to the correct seats. Service on board was good, special thanks to Ruan who was the most friendly staff member."
357,"✅ Trip Verified | On this trip, my outbound flight from Manchester was delayed by a passenger becoming ill. Whilst I sympathise with a passenger, falling ill, of course, a speedier decision would've saved me from missing connections, which we inevitably did. We sat on the plane for an hour and 45 minutes, whilst it seemed the captain dithered over whether or not to offload the passenger. He did not offload them. Upon arrival in Doha, 15 minutes after my connection had already departed, I was handed a new ticket for a flight which left at 02:25, 7.5 hours later with no apology for the inconvenience caused. There was a flight leaving for Jakarta at 8 pm via Singapore, but I was not offered that option. There was another flight leaving at 08:25 the next morning which would have suited me best, but I was not offered that choice either. I asked if I could go into a hotel for the night to rest properly before taking the 08:25 flight in the morning. They advised me that because my delay was 'less than eight hours' (it was 7.5 hours.) I was not entitled to a hotel. The business lounge in Qatar is not designed for lengthy waits so I asked if I might enter the first-class lounge at least for the duration of my wait given that the delay was the fault of the airline. I was refused because I am 'not a member' When eventually we finally left Doha on that 02:25 flight, I was exhausted and my seat was next to the galley where I heard the crew banging, talking and generally being noisy. I have never experienced such a disengaged crew as this one. The media on the video system did not correspond with the series being advertised i.e., the new series of White Lotus that I was looking forward to watching, whilst being labelled as the latest one set in Sicily, in fact, was the original series which is  a few years old. "
358,"✅ Trip Verified | -I was informed three month ago that all 3 sectors of my itinerary were downgraded to the old seating. I was able to change my flights back to Qsuites by changing flights, but had to accept a 12h layover at Doha airport. Since I can sleep on overnight flights in the Qsuite only, I accepted the offer. Unfortunately both flights were downgraded again, I was informed about the Bangkok to Doha sector 3 days ago, and about the Doha to Zurich sector just 6h before the departure of the flight.  I was up to now willing to pay more, since Qsuites are in high demand and rates were this time around €350 higher than other configuration. When I requested compensation for the previous flights, since I paid a premium for those Qsuite bookings too, I received 2 identical pre-written standard responses saying that they were not willing to compensate, not even with some Qmiles. I am really upset, since the Qsuites are promoted everywhere on the booking app, but what’s the point of booking a Qsuite if I don get it! One of the mentioned flights was my 100th on Qatar, about 70% in Business class, but it never happened that there was a aircraft change from an old configuration to Qsuite, only the other way round. On a lighter note, the flights were outstanding, esp. the Bangkok to Doha sector (QR839) with great food and service. I want to thank especially the wonderful and hard working Purser and her team. I can’t really recommend Qatar at this point, since the hardware problems are getting from bad to worse. "
359,"✅ Trip Verified | Firstly, my flight from DUB to DOH was delayed for over 1.5 hours, causing me to miss my connecting flight to DXB. Upon arriving in DOH, I was informed that I would have to wait 5 hours for the next available flight. I sought reassurance that my luggage would be taken care of and transferred to the new flight. I was assured that it would be, but to my dismay, the new connection flight was also delayed by an hour, extending my layover to a 6 hours. I spent an additional 2 hours waiting in a queue to inquire about the whereabouts of my luggage, to discover that it had never left DOH. I was told it would be delivered to my accommodation by morning, yet to this day, it has not arrived, leaving me without essential items. The level of service has left me utterly disgusted. "
360,"✅ Trip Verified |  Qatar airways is the best airline. As a passenger that requires special assistance, i was assisted in every good way possible. Coming to UK last year September was superb and going back to Nigeria was superb with their customer services. Hanna service at the check-in area was professional and top-notch with contagious smile on her smile. Staff neatly clothed with super smiles on there faces and always ready to assist. I will definitely use Qatar Airways. Thank You."
361,"✅ Trip Verified | We have been using Qatar Airways for over 10 years now without any issues. This time when we booked in their website we found Qatar using another airline called Indigo (cheap no-frill airline) for the Doha-Kochi route. We were absolutely shocked to see the service provided by both Qatar & Indigo. Quality of food has gone down in Qatar, no new entertainment / movies & Indigo Airlines was a disaster (no water provided, no screens for entertainment, rude staff etc). "
362,"✅ Trip Verified | It's good to note that Qatar Airways open its check in counter 5 1/2 hours before departure! Good thing I went to NAIA cause I thought its going to rain and it might cause traffic! Started forming our lines at 5:30pm and counters open exactly 5:50pm fir the 11:20pm flight. Check in process was quiet slow, despite my Silver Status I left the counter at 6:40pm. Understandably only two counters were open since the other check in staff are assisting the 6:35pm departure. Anyway, though it was slow but OK since the clerk was super nice and offered me a complimentary lounge pass! The plane departed around 15 minutes later than published but was able to overcome and arrived earlier in Doha! Was a very smooth landing and the crew were all warm! Food served dinner and breakfast were both sumptuous and delicious! I was seated on a window seat and was quiet cramped because the guy beside me was humungous. Arrival in Doha was as expected very warm and pleasant, security check was fast and quick! A separate lounge for Silver members were provided, and was surprised of its huge size, very comfortable, good food, very clean comfort rooms! Went to the gate early as it was quiet far but thanks to the sky train, I was at my gate in seconds! Fortunately, I was upgraded to Business Class on the second leg of the journey! It was a very pleasant experience considering the 13 hours flight to Montreal! Everything went perfectly well! The very comfortable Q Suite, the award winning Catering and the Best Crew Services contributed to an overall pleasant experience! Thanks to Anna and Dale for taking care of me plus their very beautiful Supervisor which I wasn't able to get the name! Thank you Qatar Airways for the free upgrade and thank you for the best service provided!"
363,"✅ Trip Verified |  First time flying Qatar Airways and definitely the last time. Seats were great and staff was also great and that is the only positive thing about the flight. But the IFE system did not work on my flight. The Ground staff was bad in New York, but ok in Doha. Flight was delayed 30 mins because of technical issues without further information. "
364,"✅ Trip Verified | Thank you Qatar Airways Due to the nature of employment, I fly on regularly with long distance flights since 2000. During 2020 with the COVID outbreak, my then carrier of choice stopped flights to and from Johannesburg, South Africa. Qatar Airways was the first airline that resumed flights from South Africa and by times the flights were less than 10% full, but Qatar kept on flying and that bought my loyalty. In addition to the above, why do I continue with Qatar Airways? Flights always on time (very important for me!) ground and flight personnel professional and friendly, Doha transit very quick and efficient even with numerous flights disembarking, providing socks, eye masks and toothpaste kits for even Economy class, food and drinks served of good quality, and lastly - flight schedules work out perfect for me."
365,"✅ Trip Verified |  Staff were unfriendly, did not smile and made me feel unwelcome. During service it looked unorganised and on our second flight it took 2.5hrs before a drink or meal was offered. Received a meal and saying thank you to the hostess who did not even acknowledge it. D0 not understand how they say the tomato juice is finished 2hrs into the 9hrs flight and they need to go see if business class has.  On our last flight they loaded us into a bus for departure in Doha. We had to stand in it for 30min at the gate before it moved anywhere and to top it off we had to board a hot plane sitting for 30min before taxing and any form of cold air. "
366,"✅ Trip Verified | I would like to say a big Thank you to Qatar Airways cabin crew for a job well done on the 7 & 8th of July, You guys know what you are doing, I fell sick on the plane and you attended to me in a a Godly way, even the clinic staff I was taken to when we landed, I salute you all, may you all be blessed in special ways for me by God. Qatar Airways is the best way to go, and I would recommend it anytime to anyone...100 percent"
367,✅ Trip Verified |  The check-in was smooth and the crew was pleasant and the food was good. The seat was uncomfortable despite paying for a premium seat on the Doha-Chicago leg. The audio box intruding into the leg space makes a long flight very uncomfortable. The aircraft was clean but was not new. The choice of entertainment was not good especially the Bollywood section which was completely outdated. Qatar Airways crew did not seem to make any rounds with just water or juice. The inflight USB charger did not work on the Mumbai to Doha leg. The crew did not offer any alcoholic drinks without specifically asking for the same.
368,"✅ Trip Verified |  Even after I made it to the original flight at final boarding time by running through the airport (due to Qatar Airways late flight), the staff had bounced everyone to the next flight. I asked whether they could accommodate me since I had still arrived by final boarding time but they still said I had to wait for the next flight. Later when I went to the next counter was I told the delay was a day, so I was stuck at the airport this whole time and they could not even accommodate me in one of their lounges. If I knew the delay would have been so long, I would have argued with the staff more at the check-in gate instead of being polite. After I filed a polite and formal complaint regarding what the airline could do for me, I got a nonsensical response and they could do nothing for me."
369,"✅ Trip Verified |  In Doha no business class bus was given, just a separate economy bus. Wi fi was not available. I eat gluten free, when I asked for my meal it took an hour before receiving it. Suggestion to have details of the meal available on screen as I was sure what I would get exactly, just that it was chicken. It was delicious though. Friendly helpful staff except that tables don’t get cleared quickly."
370,"✅ Trip Verified | Initial flight from Abu Dhabi to Doha delayed by 90 minutes causing a significant number of passengers to miss their connecting flights. These things happen which most people can understand - unfortunately, there were no updates given until passengers became so irate that they demanded the pilot make an announcement to update us (this happened three times). First announcement: apologies due to technical issues currently being worked on by ground staff. Second announcement: apologies, technical issues now resolved - just carrying out paperwork for clearance. Third announcement: apologies due to technical issues - almost resolved now.  Upon landing in Doha, met by a member of ground staff holding a sign, upon asking if the Manchester flight had departed she said yes. Next flight was in 6 hours - the compensation provided was the equivalent of 10GBP - to spend over the 6 hour wait (a coffee alone was 5GBP). Didn't give access to a lounge. Again, customer service upon receiving the 'compensation' and my next boarding pass was poor - no smile, no apology for the inconvenience. I asked out of curiosity why my bag needed to go through a security check when I'd just come from the plane - the response was that the previous airport flying from could have missed something. When flying flying back from Manchester on the return flight via Doha I didn't pass through any security checks to my connecting flight. One plus point to the flights - food is great, hats off to the chef. My TV on the return flight from Manchester to Doha was also not working. "
371,"✅ Trip Verified | Fantastic Experience. First time flying Q-Suite of Qatar Airline, have heard many good things about it prior to departure which turned out to be exactly as advertised. You get your own spacious suite, comfortable seat, plenty of storage, great food, all are better than other business class experiences that I had. What really went well beyond my expectation was the cabin crew. From the time I boarded they have always been super attentive with prompt service of what I needed. Special Kudo to Amit the supervisor, Hattaya who handled my section with a smile that can light up the cabin, plus Chenny and Asil who both were in the front (Apologies to the rest of the wonderful crew whose names I didn't quite remember) Moreover, the lounge in Doha is just fantastic. There have been plenty of praise about the facilities so I am not going to repeat here. However I really want to point out that all the staffs are well-trained and always proactively helping out asking for our needs, which is not something I experienced in most of the business class lounge. They were also very serious about the work product they delivered. We ordered a steak at the dining room that turned out to be too well-done and not tender, we made a very slight comment about it and five minutes later the Chef came out and explained to us that they deliberately didn't leave it too rare and we are all travelers so they want to be on the safe side. The only drawback is the inflight WIFI. $10 for a full flight plan is very reasonable so I purchased it right on board. However after I napped the system could no longer recognize me so I had to make another purchase. Again this isn't a huge amount but with everything being top-notched this is a bit surprising and disappointing."
372,"Not Verified | Every time the food was disgusting!! The desserts are basically yoghurt!! Seriously yogurts are desserts?? I flied from Boston to Qatar. Qatar to Dhaka and then return from Dhaka to Qatar, Qatar to Boston. Almost in every meal food was not tasty! Disgusting foods! Means Qatar does not have good food culture! The bread they provide is so hard, that even the dogs of USA will not eat! My kids couldn't eat anything from the flight. My son has autism so we signed for the DPNA code. When we checked in looked like the staffs do not even know what is that! I didn't find any special accommodation for DPNA code provided by the Qatar Airways. We had hard time making them let us take the stroller with us as we had 8 hrs transit time in Qatar! I traveled so many other airlines. Emirates is still the best. No where near them! I will give it 2 star!"
373,"✅ Trip Verified |  Frankfurt Terminal 2 checkin and security check was swift and friendly. Contract Lounge rather average. Flights uneventful, crew on the second leg was rather stressed. Why wake one up for breakfast three hours prior to arrival on a 6h night flight? Seats were cramped, slightly better on the CX aircraft. What was very annoying was the fact that the ex Cathay aircraft did not have the usual 4000+ choices entertainment system (which was even promoted after departure), but a different interface with about 35 random movies and shorts and no Audio programs. "
374,"✅ Trip Verified |  Flight was okay and Doha airport and city both are very nice, amazing place. Problem is customer service on the phone. They don't speak or understand English very well. When you ask for supervisor because you've called several times and they're not understanding, they give you a hard time and say the supervisor can't do anything and try to get you to not transfer. After insisting they put you on hold for 15+ minutes only for the supervisor to get on the line for a few minutes, and every time I called they hang up mid way through the call. They said an investigation would take 24-48 hours, it took 1 week."
375,✅ Trip Verified | Our flight was delayed 2.5 hours due to a technical difficulty and we were made to wait for the transfer buses for half of that. We were given a 45 QAR voucher which wasnt enough for a water and slice of pizza so we had to pay for the difference. On top of that the hostesses were constantly hounding us over having our feet in our shoes (which is a bad idea since feet start to smell inside shoes and disturbs other passengers). All in all I got the experience I would get in a budget local airline and I'd rather pay more using a different airline than to experience this again.
376,"✅ Trip Verified |  The seat was small. The staff was very nice. There was a family of adults in front of us. As the plane took off, the man put his seat in full recline position and did not move during the flight. I had to put my legs under the seat next to him thus preventing my daughter and my wife from sleeping. I tried to tell him several times no answers. When i realised the family father was next on the right i showed him politely. He looked down on me in a very protective way. The staff did nothing on this flight but on the second part of the flight on the second plane another guy got reminded to put his seat in standing position whereas he just moved down the seat a little bit for few minutes. Good point: the food is nice and the videos too."
377,"✅ Trip Verified |  Flight on time. Smooth cooperation with their partner Rwandair by whom I arrived with in Doha early morning coming from Kigali. Luggage transfer went smooth, arrived quickly in Hanoi. In Doha I had 12 hours layover; I was eventually denied a hotel stay but had lounge access to their decent Platinum lounge. Onboard, recognised as elite traveller and was well pampered by professional attendants. They secured me 3 seats in a row by applying seat-block for me as elite flier. The plane was not fully occupied as this is a new, additional flight on this route. IFE of high class and movies renewed frequently. Food onboard improving for QR: 3 offerings at dinner, of which I had two dishes of beef, which was excellent. Beers were of ridiculous poor quality, wines were fair, including a sparkling Spanish cava. The wineglasses are so small that they embarrass the passengers. They hold 5-8 cl only. The wineglasses on my previous flight, Rwandair, are 4 times larger. Amenity kit given though rather useless. A hot snack was offered before morning landing in Hanoi. Recommended, can't demand much more for economy class. But bring onboard your own slippers, and headset. Qatar Airways' tickets have become too expensive during Corona."
378,"✅ Trip Verified |  I flew with Qatar to HKT via DOH (return via BKK-DOH-AMS) using Economy class on the AMS to DOH segment and Business class on the DOH to HKT segment. New interior with plenty of legroom in economy and good service on the ground and in the air. Old business class on the Doha to Phuket segment but still very good with a very nice amenity kit and pyamas provided. Return via BKK, all segments in economy was also good, with a seamless transfer process in Doha. Will keep flying Qatar."
379,"✅ Trip Verified |  The aircraft was very old, the screen Tv was blurred and not working and my seat was uncomfortable. No wifi unfortunately. The cabin crew were nice, respectful and helpful."
380,"Not Verified | We had a flight from Tehran to Dallas USA. My customer service representative was super courteous. She explained the whole procedure in an excellent manner, she provided the right kind of wheelchair service for me and my mother, and in total her careful explanation of the procedures until I get to the destination helped to lower my anxiety from attending a long 18 hours trip."
381,"✅ Trip Verified | Exceptional service with this airline. Caring, warm, personable.  I mentioned to the crew that I don't drink alcohol. Not only did they prepare a glass of non-alcoholic champagne for me, they brought and showed me the bottle just to reassure me that the alcohol content was zero percent. Then after the main meal, they came round to tell each of us, ""The service isn't over!""  And many of the ground staff I interacted with were just as impressive. "
382,"✅ Trip Verified |  I am writing to express my utmost satisfaction and appreciation for the exceptional in-flight service I recently experienced during my travel with Qatar Airways. I was pleasantly surprised by the level of service and attention to detail provided throughout my journey from Auckland to Doha and back. I received a warm and friendly welcome and their professionalism and commitment to customer satisfaction made my travel experience memorable. I would like to extend my heartfelt gratitude to Eric and the rest of the team on the Auckland to Doha leg, as well as to Alexandra and the crew members on the Doha to Auckland leg. They went above and beyond. I must also commend the quality and taste of the special meal that I had ordered.  Qatar Airways' attention to dietary preferences and ability to provide a satisfying dining experience is commendable. "
383,"✅ Trip Verified |  Both flights were uneventful with the usual good service, but declining catering quality. There is no butter with the bread for breakfast. Despite most of the gates at Hamad vacant, another remote parking position of arriving aircraft with wait for the buses at scorching 38 degrees. Because of this, I had to run for my connecting flight. The old 788 on the 2nd leg of the journey was in a rather poor sate and not clean. It seems someone has poured red wine over the table, and it was still sticky. Overall a rather underwhelming experience for a carrier charging more than before the Pandemic."
384,"Not Verified |  Check in excessively slow. Food below average. Regular service and aircraft toilets were not very clean. Our tickets departing from Canberra were cancelled and no refunds were made. We had to spend additional money to get to Sydney. We also paid extra for departing from Canberra. It was time consuming and difficult to deal with customer service to get a new flight. My husband and I paid for tickets separately and he asked for them to be linked. I would have expected this to happen after both our flights were cancelled however this was not the case. This resulted in our seats being separated for our honeymoon. We had to arrive much earlier than necessary at the check-in counter so staff could assign us seats together. We had to spend additional time at the service desk on top of check-in to resolve this issue. In summary, we have spend extra funds, lost money and received a lower than expected experience. We'll definitely consider other airlines in the future."
385,"✅ Trip Verified |  I appreciate the good and warm services provided by every staff ground and cabin. They make this my journey comfortable and relaxing. The money is worth it, the food and beverages were good too. The flight time is right on schedule. Thanks Qatar Airways!"
386,"✅ Trip Verified |  Qatar is usually very good, but watch out. They switched us from suites to a very old, not so comfortable business class of a very dated design. No apologies, just you get what you get.  No room for anything. Skimpy travel kit didn’t have a toothbrush. Not what you expect from an airline that claims to be best business class. "
387,"✅ Trip Verified |  Great seats in business class qsuite and very well mannered crew. I would say that onboard services and staff are as good as it gets and ground service and staff are the complete opposite. Baggage was destroyed on my outbound flight and customer service has been useless in dealing with the issue and made no effort to resolve the issue before my inbound flight. The baggage allowance for business class is 40 kilos. The fee for extra baggage ranges from 10£/kilo up to 18£/kilos depending on the time you purchase it. They forgot one of my special diet meals on of my flights, providing me with  the breakfast on an overnight flight where 2 meals were offered (late dinner and breakfast). What made things worse was the Stewardess trying to convince me that because I ordered the special meal I only get breakfast! Then the supervisor came over to admit the mistake and apologise. Overall very disappointed with one of the alleged best airlines in the world. Service just does not match the level of product they are claiming to provide. Needless to say I won’t be using them again."
388,✅ Trip Verified |  Very frustrating experience with the airline. Paid during ticketing when booking my flight for extra legroom. However that did not get applied even though I have credit card receipt. I was Unable to select a different seat online via their app even though flight was not full. At airport was promised switch to exit row aisle. When I got to gate they put me in exit row center. I am 6’3 and for a 13 hour flight they could have been more accommodating. Poor customer experience. Inbound leg from Chicago to Doha did not have these problems.
389,"✅ Trip Verified | I took Qatar Airways on the Manila - Istanbul - Manila route via Doha, a total of 4 different flights and had a very good experience. Ground staff, lounge staff and on board crew always took extra the step to make my journey better. All flights departed and arrived on time. Food and Beverage options were excellent on board as well in the lounges. My only negative comment might be on boarding practices in Manila. There is a boarding card and passport check prior to entering boarding gate which is same as everywhere else. After this scanning the boarding card before boarding the aircraft which is also same but there is one more person only who checks the boarding card on the link bridge and finally the on board crew. I do not think it is necessary to perform 4 different checks. This also causes a long queue on the link bridge."
390,✅ Trip Verified |  Fast check in at Prague into A320. Good flight and service. However perhaps sending slightly bigger aircraft would be better. Very nice staff and service. Great food. At Hamad airport transfering with bus was too long
391,"✅ Trip Verified |  We picked Qatar for their good deal and nice timing. Furthermore we had good experience last time we flew. During flight from BKK-DOH on new A350 I has a problem with my seat. Could not recline properly. 1 hour after the plane had taken off the seatbelt sign was still on and toilets were still locked. My wife desperately needed to go to bathroom after holding it for an hour. When she went to toilet, staff told her to sit back for safety. In the end my wife had to go and politely force the staff to open the toilet because it was not possible to wait any longer."
392,"✅ Trip Verified |  Amazing service! We booked our return ticket from Manchester to Delhi via Oneworld (British Airways). However, mid-holidays, BA changed our booking and got us removed from our previously booked flight from Doha to Manchester. Despite multiple calls from me and my partner they could not resolve it and kept on promising us that it will be resolved in ""next 24hrs"". Lastly they told us that it will be sorted by BA airport staff at DEL airport. So we were hopeless to be stuck midway in a country/airport (Doha) which is neither the destination (Delhi, India) nor the home country (Manchester, UK). So with our last resort, we reached DEL (IGI airport) 6 hrs before with the hope to sort it out with the BA airport staff and stood in BA queue. We were asked to change queue to Qatar one. Upon talking to the Qatar airport staff, they told us that they are trying and also connected us to the BA airport manager who turned us away saying that there was nothing he could do. While we were explaining to him the whole issue and he was continuously telling us ""there was nothing he could do"", we could see the Qatar staff Senior Airport SVCS Agent  continuously on call and indicating/placating at us that she's trying. Disappointed, we turned to Qatar staff and their agent Aarti sorted us out on the ticket. As soon as she did so, we took her name and thanked her. What BA manager said that he is incapable of doing the Qatar agent did."
393,"✅ Trip Verified |  Plane was uncomfortable, and my food was inedible. Upon flying home we had to pay over 900 euros in excess baggage. We were not given the opportunity to swap our luggage to carryon as were were told the plane was leaving. We had approximately staff pressuring us to pay and when I asked to take out a backpack which weighed over 8 kgs they would not reduce the price.  Once we paid their manner changed and we were escorted to our terminal only to find we had 40 minutes left to board. We will never fly Qatar again. "
394,"Not Verified |  I flew on Qatar Airways 6 times in the last 24 days on the following routes: FRA-DOH-SLL (Business), SLL-DOH-AUH (Business), AUH-DOH-FRA (Economy). Every single flight was amazing and well-coordinated on the ground and in the air. The cabin crew were in my opinion some how much nicer and more professional than pre-corona. The food and selection of food have improved significantly and also many service steps have even increased (like the sauna service) in comparison to pre-Corona. I feel like this airline truly is the only airline that deserves the 5 stars it has! It is nice to see them keeping up to their standards and even improving every time I fly with them."
395,"✅ Trip Verified |  
A very pleasant flight from Perth to Doha on May 10, 2023 and from Doha to Berlin on May 11, 2023. Great onboard care on these two flights made this long flight a pleasure."
396,"✅ Trip Verified | This was an extremely pleasant flight. Boarding in Doha was very efficient but I didn’t like that they let Economy board first and at some point asked all the Business customers to go to another counter which caused a bit of a confusion. The plane was equipped with QR’s QSuite which was a great experience. Service was very friendly, efficient and attentive. There was a lovely glas of champagne or of something else as a welcome drink. The purser welcomed every customer in the QSuite section with their name and a quick informal chat which I found very pleasant because this practice seems to have been abandoned by a lot of other airlines. Then, the stewardess took our food and drinks orders and asked us when we would like to eat. She also explained the features of the QSuite seat. Food was tasty and of high quality. Everybody received an amenity kit (Dyptique) and pajamas. As this was an overnight flight, we soon settled in and I had a very good sleep in comfortable bedding. On arrival, our stewardess woke us and breakfast was served. Deboarding was organized and easy, starting with the premium guests. Altogether, this was a fantastic experience and I can’t wait for the next flight with them."
397,"✅ Trip Verified |  From the moment I settled into my seat the flight was enjoyable. The range of inflight entertainment was amazing, the food was tasty, and the portions were generous. The flight attendants were friendly and efficient. I didn't feel they were in a hurry to clear the meal trays, unlike some airlines. The plane was clean including the toilets. I particularly liked the moving map with the pilot's view camera, better than a window seat during take off and landing."
398,"✅ Trip Verified | It was the worst trip I made overseas! Booked ticket on Qatar website and on return the luggage from DEL didn't arrive at Doha. The rude staff did not allow me to board flight to DFW! After debating with them that the booking was done by Qatar Airways and any connecting flight was their responsibility, I was finally made to stay overnight. Next day reached DFW and again the flight to my destination was cancelled! They flew me to an airport 2.5 hr away and husband had to drive 5 hr to pick me up. No amount of phone support would help. Very rude staff at Doha making you feel as if it was my fault the luggage didn't arrive. They need better logistics with partner airlines. I trusted Middle East airlines over American but its a mistake. Time tested Delta and American are still dependable. A 25 hr journey took 45h."
399,✅ Trip Verified |  Old aircraft with old interior. Privacy screen between seats don't extend out enough. Staff on point as always! Food quality up to the regular standards.
400,✅ Trip Verified |  Service on point as always! Better seats in a Boeing 787. More comfortable for me. Well the privacy door is snice but seat comfy. Still don't understand why free wi-fi isn't included in business tickets.
401,"✅ Trip Verified |  Always good to travel business in a Boeing 787. Prefer this over the Q-suites they have om some flight. Yes the privacy door is nice, but the seats in a Boeing 787 is more comfortable. Service on point as always. Lunch was quite poor in selection and quality."
402,✅ Trip Verified | Qatar Airways has three daily flights between Johannesburg and Doha though QSuites was advertised it did not actually have it. The policy of allowing 2 checked it bags rather than by the kilo gives them a distinct advantage. On this flight the service was very good and since it was an A350 their business class layout of 1-2-1 gives single travelers the choice of sitting alone and having privacy the on board. WI-FI was good and the service was top notch wonderful crew
403,✅ Trip Verified |  Enjoyable flight with friendly and helpful crew. Delay in Nairobi airport meant I barely made my connection in Doha and my baggage was not transferred to my flight to Dublin. It was delivered to my home in a fairly remote rural location in 24 hours. I'll be using Qatar Airways again.
404,"✅ Trip Verified |  I am a frequent flyer with Qatar Airways normally flying business class but on this occasion I have flown economy. A very big thank you to Janet (Flight Manager QR 06 on Sunday 30th April) and her crew on flight from London Heathrow to Doha a great service. She was simply the best so was the crew who looked after me, nothing was to much for them. "
405,"Not Verified |  Very attentive, courteous and helpful staff. Good food, but the portions could be slightly bigger. My favourite airline as I have flown with many other airlines in the past but none of them beat the quality of service I receive from Qatar Airways. I am absolutely always excited when flying with them as I have never been dissatisfied."
406,"Not Verified |  I would like to say a big thank you to all the crew that worked in the flight from Doha back to Madrid, 24/04/2023, second flight connection from Thailand. I had travelling sickness, a really hard one after a big turbulence, and I was surprised of how everyone working on board helped me and treated me. They took care of me, asked for doctor and nurse on the plane, they gave me everything that I needed, they let me lay down for 3 hours because was impossible to stay at my seat and they understood and did everything. So Im really glad for it. After that they called the paramedics from Madrid Airport who took me at the exit of the flight and drove me to the hospital where I stayed for all night long. I'm fine now, at home, and for sure it's all on you, Qatar Crew. I really appreciated it."
407,"✅ Trip Verified |  I purchased two tickets to ensure I have comfort and room to spread out. Got through Atlanta fine, they gave me my ticket but there was an issue at the gate which was resolved. Arrived in Doha and everything went smoothly from there to KL. On the return flight I was delayed hours before they reprimanded me for purchasing two tickets, as that was against their regulations. My ticket and my trip were deleted from the app and had to be redone at the airport, with the trip never reappearing on my app nor the option to review them. Arriving in Doha, the ticket had to be redone a second time and I was forced to show them receipts for my purchases. Flights were enjoyable but I will never fly them again. "
408,"✅ Trip Verified | I got my tkt 11 months ago. Biz class from Doha to São Paulo. Selected window seat 8k. A month ago I checked my reservation and all correct. Today checking in, they had changed me to aisle seat 8G without any communication with me. Only window seat left is 11L. "
409,"Not Verified |  Flown with Qatar Airways to the UK a few times now and they are always consistently good. Economy will always be economy, but with Qatar it is at least reasonably comfortable. Pretty good leg room, seat comfort fine, IFE has a good selection and the food was of a good standard. Standout for me though was their punctuality. All flights left right on time and arrived bang on time. Boarding process is organised and the crew were welcoming."
410,"✅ Trip Verified |  I was traveling with Qatar Airways from Doha to Dhaka, Bangladesh on April 17th in Economy class. Earlier I traveled from DFW to DOH in Business class. Cabin crew who was serving us is Rania. Rania was such an outstanding cabin crew, she was very warm, welcoming, accommodating and went above and beyond to make the flight experience pleasant. While serving dinner, they ran out of my preferred meal, she made sure that her colleagues on the other isles had my preferred meal and she brought it to me. Although I traveled in Economy class from Doha to Dhaka, her genuine care and warm disposition made me feel like I was traveling in Business class. She definitely upheld the standard that Qatar airways promise it's clientele and boast about! Thank you Rania, and thank you Qatar airways!"
411,"✅ Trip Verified | The aircraft was changed at the last minute to an ancient one, with a seating configuration of 2-2-2 instead of 1-2-1 Q-Suites. Offering that kind of configuration for the same price as a Q-Suite is just robbery. Anyway, the crew was great and always willing to help. On the catering side, despite the flight leaving at 2am Qatar should in my opinion have a couple of full meals available for passenger who do not want to sleep right away. The only options were soup or salad or cheese. Given the age of the aircraft, the air was very dry and I could barely sleep.  In the future, I will avoid their ancient 777 at any cost!"
412,"✅ Trip Verified |  The incoming plane arrived one hour late, but despite that they managed to leave on time. The aircraft was new, and the service from the flight crew was great...nothing to fault. The meal quality was impeccable, and they have decent selection of non alcoholic drinks (I cannot drink for medical reasons). One of the best flights overall. But the experience was trashed by the arrival in Doha, as the aircraft got a parking space in the middle of nowhere, followed by a 45 minute bus ride to the terminal."
413,"✅ Trip Verified |  I love QR's Q Suites. This was the second sector of a flight from the UK. As usual service and in flight offerings were excellent - apart from one thing. Generally I have never worked out why QR pilots announce the start of descent about an hour before touch down when in fact the aircraft does not start descending until about 25 minutes beforehand. In this short overnight flight of less than 6 hours, that cuts sleep time. Specifically, this is the second time I have had QR flight attendants prior to departure take my breakfast requests and serving time, and then get it hopelessly wrong! This time I wished merely coffee, juice and two croissants with marmalade as late as possible. I was asked if this meant about two hours or one hour prior ro landing. I stated one hour. When I was wakened, I discovered it was two hours prior to landing. I then waited about 20 minutes before another FA tried to set up my table for a full breakfast. Asking her to look at the request sheet, there was no apology. Eventually I got an orange juice and a full bread basket with just one croissant. Asking for a second croissant, yet another full bread basket arrived. Only later when I had finished the croissants and juice did the coffee appear. When so much else is so good, this is surely a major error on an overnight flight. It certainly left me in a less than good mood"
414,"✅ Trip Verified |  I traveled with my family from Nagoya to Dublin via Tokyo Narita and Doha. Our experience was average overall. We flew on 787-8's, 777-300ER, and A350-1000. Seats were good quality and design, but narrow on the 777 especially (10 seats across) even though the leg-room was good. The newest of their aircraft was the best to fly on - the A350, with a roomy and airy feeling, with high ceiling. The in-flight experience was mostly good, but they could be more generous with drinks and snacks between meals. Children don't always eat at the designated times during the flight. The worst part of our experience was the structure of the ground service and connections. We had to re-check our bags in Tokyo for the domestic flights, security checks in-transit in Doha, buses for the Dublin flight in Doha, and QR don't issue boarding passes for the JAL domestic connection.  Overall, I might fly on this airline again but I don't see anything specific that stands out and would convince me to always choose them over a European airline in the future."
415,"✅ Trip Verified |  Qatar Airways is a good airline, not expensive, no big delays at the departure, good meals. The crew was nice, but not able to help me with the wi-fi on board. I paid around ten dollars for using the wi-fi on board and couldn't use it. It was impossible to connect, and no one could help me. "
416,"✅ Trip Verified |  I recently had the pleasure of flying with Qatar airways and was fortunate to have Claire as my cabin crew member. From the moment I boarded the plane, her warm and welcoming demeanor put me at ease. Throughout the flight, she was attentive to my needs and went out of her way to make sure I was comfortable. Her professionalism and dedication to her job were truly impressive. Overall, her exceptional service helped make my flight a pleasant and enjoyable experience. "
417,"✅ Trip Verified |  I had to travel home in March 2023 and it was a most unplanned trip occasioned by family bereavement. Alina and her colleague in Dublin Airport (20/03/2023) were extremely kind and helpful. Alina looked after me so well, she went over and above her call of duty to ensure that I boarded the flight on time as I was having an issue with my covid cert which was not downloading. Just know that I will never forget you! I have been telling everyone who cares to listen about you and Qatar Airways! I've been telling everyone to use Qatar for their travels - as for me, I am bought."
418,"✅ Trip Verified |  3 Legs with Qatar and 1 with codeshare Malaysian on tired B777. The service on board was okay, there were not many drink runs and the food was typical economy food, the seats on B777 are very uncomfortable, leg room was ok. Main issue was the aircrafts are looking tired and the sooner they get their A350 fleet in the air the better. The entertainment system was so so, not really impressed but flights on time and not an empty seat on any legs."
419,"✅ Trip Verified |  I have been taking Qatar Airways for 10 years for all my trips to Asia, and I have never regretted having taken this company. I travel 2 to 3 times a year, and always with my family, and I would never change this company for another. We have always been satisfied, both by its very attentive staff, and by its timetables, as well as by its services. I have the gold card, and I have a lot of advantages. Since COVID, prices have gone up, it's true, but I think that's true for all airlines. I urge you to take this company, and I'm sure you won't regret it. But I also and above all hope that Qatar Airways will not change either.  Je prends depuis 10 ans Qatar Airways pour tous mes voyages en Asie, et je n'ai jamais regretté d'avoir pris cette compagnie. Je voyage 02 à 03 fois/an, et toujours en famille et je changerais jamais cette compagnie pour une autre .on a toujours été satisfait, et par son personnels très attentifs, et par sa ponctuation horaires, ainsi que par ses services. J'ai la carte gold, et j'ai énormément d'avantages. Depuis le COVID, les prix ont augmenté, c'est vrai, mais je pense que c'est valable pour toutes les compagnies aériennes. Moi je vous conseille vivement de prendre cette compagnie, et je suis sûr que vous ne le regretterez pas. Mais j'espère aussi et surtout que Qatar Airways ne changeras pas non plus."
420,"✅ Trip Verified | Width of the seats is unacceptable. I can recommend business class, I advise against a longer economy class flight due to the seats. "
421,"✅ Trip Verified | I flew out from London to Bangkok and returned from Kuala Lumpur to London on a 'Multi-city' booking. This review refers to both legs which were in B777-300ER aircraft. I have previously flown Qatar business class, including their Q-suites, but this time flew economy on all sectors. I did have Sapphire lounge access but this is not the same as their business lounges which they reserve exclusively for their full fare paying business class passengers. The planes were full. I mean, literally every seat taken. Considering this, Qatar Airways were outstanding. I have occasionally flown with other airlines on full flights and it can be chaotic, even unpleasant. Not with Qatar whose staff took everything in their stride. The food was excellent for economy class. Would I fly economy again? For two roughly 7-hour legs, probably yes. Really, Qatar Airways make economy long haul bearable. Superb level of service."
422,"Not Verified |  Flew Barcelona to Goa via Doha. We booked seats but the plane class changed, meaning we did not have seats in place where we booked. The entertainment system was good with excellent choice. The food was the same for each leg of flight and was poor quality."
423,"✅ Trip Verified |  This company is really number one. Excellent food, kind staff, good seats, clean toilet  No complaining! They are the best and my favorite. "
424,"✅ Trip Verified |  Hussain, the manager at Qatar Airways - Sharjah airport exceeded my expectations with his exceptional service. His friendly demeanor and accommodating nature made my experience with Qatar Airways more memorable. He went above and beyond to ensure that my needs were met and that I had a comfortable and enjoyable flight. I would highly recommend Qatar Airways to anyone traveling and hope that they are lucky enough to have Hussain as their manager."
425,✅ Trip Verified |  I was travelling from Miami to India via Doha and from Miami to Doha flight no Q778. Qatar Airways is known for its exceptional hospitality. Cabin crew name Hisham was excellent on his job. Not only he endeavoured his duty by serving the customer but his generosity and courteous towards the passenger makes me overwhelmed. It was very long flight for me but i feel relaxed because of the crew like Hisham who were there to serve us. Thankyou so much.
426,"✅ Trip Verified |  We flew from KL back to Doha on 20 March on Business Class and the in-flight service was fantastic! Everyone taking care of us from the moment we stepped on the plane had a lovely personality and manner about them. They were all very helpful, had a great smile and provided good information about the business class suites and with selecting our drinks and food for the flight. We would like to extend a very special Thank You to the staff who really stood out with their customer service attitude and made our almost 8hour flight very pleasant. Well done Qatar Airways."
427,"✅ Trip Verified |  I found the meals to be poor, seat uncomfortable, and the selection of beverages less than advertised. My flight was late, and when we arrived in Doha there was no support from the ground crew. When I missed my flight due to them being late, no explanation, vouchers, or even acknowledgment of any kind."
428,"✅ Trip Verified |  Booked single business class flight from Ho Chi Minh to Manchester, an excellent flight on both legs with their old products. I was disappointed it was not q-suite as i wanted to try it out. Had a great sleep on both legs, crew were friendly and very attentive, especially on the 2nd leg of the flight. Came over on numerous occasions collecting items & asking if I required anything. Food was excellent and tasty, kept the champagne flowing & offering snacks. The business class lounge was excellent serving a la carte menu with full table service, would love to spend more time there. I would definitely fly qatar airways again, hopefully a Qsuite."
429,"✅ Trip Verified |  Thank you for the wonderful inflight experience we had during our flight from Zagreb to Dubai via Doha. This holiday I got to experience 3 popular middle Eastern Airways Etihad & Emirates includes. I must confess the openness and welcome my wife & I felt at Qatar Airways is unparallel to any other. Middle of the night when I went to use the washroom inflight crew with a long smile, simply asked if I need anything, probably some midnight snack or drink, Own me Over that was unexpected. I never saw them without a smile on their face during the entire flight of 6 hours. Specially I want to narrate this incident. I had some liquid items which I bought from Zagreb Airport, a Duty-free store. At Doha transit security when I explained the situation with proper receipts/bills, they were kind enough to call Qatar Airways staff who arranged special packaging and did all the security procedures to get that in the check-in baggage. All that they managed to do, when my flight had only 15/20 mins left for boarding.  We could be nothing more than, offering our gratitude and thank you for going above and beyond. "
430,✅ Trip Verified |  The flight from BNE to DOH in November 2022 was very pleasant in QSuite and with an amazing staff and great food. I was very happy. The flight from DOH to ZRH on the other hand was on a very old plane and staff didn't seem motivated. My Virgin Australia flight from MEL to BNE got cancelled and Qatar did give me the choice to go without that leg or cancel the entire flight. I had to organise the rebooking myself and they kept sending me e-mails about cancelled flights which every time I had to investigate to find out that there were no cancellations. The Customer service of Qatar ignored my complaint and did not respond.
431,"✅ Trip Verified |  The perks of flying First with QR is the lounges and onboard tranquility. The rest is nothing special. Even using my miles I would refrain to use them on 1st unless I had to forego them. Their excellent business class makes 1st class almost superfluous. The product is conservative, amazing space, and care level as the pax desires. QR markets their 1st class as a “relish the myriad of exclusive offerings”. Business class is similar (better?) and provides better value for the money. A single spoon of Pearl caviar doesn’t make it. The original can was displayed upon request. Sparkling wines in First are expensive, branded Rare and Alexandra (both ex. 2006), but Business has 2 fine champagnes, which are cheaper and good.  The interior of cabin is dull, conservative, with brownish un-inspirational colors. Access to Bar is fine but not only a 1st Class privilege. Tried to preselect food for weeks before flying but it does not work from my departing cities. Could not  access a menu in advance. Lounges, food, space, and service is better than business class. Welcome champagnes on board; given kit and a quality pyjamas. Champagnes served are truly expensive in contrast to the meagre, cheap, industrial sub-quality beers they could offer. Leffe was the least poor. On QR, I have never been able to get an IPA or porter beer. Food not much better than business class, a spoon of Pearl caviar and a deshelled, dry lobster hand does not make the justification nor significant difference.  Had hoped for some outstanding food, but it was close to ordinary. IFE fine big screen. Ground and Luggage: QR has ground handling problems. They refused to relabel my bags to final destination. Staff disregarded QR’s partnership with Rwandair, resulting me to lose my luggage transfer to final destination. Neither QR in Doha nor in BKK were willing to fix it. However, Rwandair fixed it eventually and opted to board me but leaving my bags 2 days behind in Doha before next flight to Kigali. Had to accept. Partnerships with Rwandair has problems of non-aligned systems, separate bookings, BPs not issued reversely, luggage transfer failures, no full lounge access reciprocality. BOOKING Very hard to come around vacant award seats in F, so I had to plan an entire journey around a leg found (BKK-DOH) to accommodate it. Award booking with QR took weeks to book, coordinate, manage, and process. Exacerbated by the fact that my QR booking had to fit into another QR award booking with a partner airline (Rwandair). "
432,"✅ Trip Verified | The best airline in the world, I appreciate the services, good food and the staff were helpful. I now suggest everyone to travel through Qatar Airways."
433,"✅ Trip Verified |  It was a very long flight from Sydney to Doha, cabin crew were very attentive and professional. As the flight was only during the night and everyone was trying to get as much sleep as possible, I was very disappointed that water has to be requested. Usually there is some water available in the galley without any asking but this was not the case.  And also the movies available had nothing controversial on the list."
434,"✅ Trip Verified |  My daughter left her trumpet on the plane. We contacted Qatar Airways in December and they replied after three weeks in January saying that they had the instrument and would return it. Since then, despite the fact that we have sent many emails requesting information / updates ... we have heard nothing. In terms of customer service they have been terrible. The Qatar Airways flight flight was ok, nothing special."
435,"✅ Trip Verified |  I booked Gatwick to Cape Town via Doha return. I was told that the first sector was a code share from LGW to Doha and would be operated by British Airways I reluctantly accepted this. I got told that on the return journey the Doha to LHR this sector was also going to operated by BA. At this point I told Flight Centre I wanted to cancel all the flights and get a full refund. My travel agent then came back with an offer to change the flight back to a Qatar Airways flight from Doha and to Gatwick which I accepted. We flew on LGW to Doha which was as expected a very average Club experience on an old style BA plane. Doha airport was a nightmare, badly signposted, heaving with people,  Wi Fi was rubbish a very poor experience. Doha to Cape Town in the Q suite is a very nice way to fly. Better than BA first class in many ways. It lived up to expectations and was good news. The day before our return to the UK, received an email from Qatar saying another change of plane and no Q Suite. Could not delay flying back due to commitments. The seat was hard, lumpy and uncomfortable and did not properly go into flat bed position. The staff on board were hugely apologetic but there was nothing they could do. A pretty poor flight to Doha, where we then found the main business class lounge closed and everyone packed into another lounge. The flight to Gatwick not a Q Suite but it was a reasonably modern plane with good service. I wrote to Qatar Airways saying I had not received what I had booked and paid for and got a very polite letter back saying they were not prepared to give me any compensation whatsoever. "
436,"✅ Trip Verified |  Our tickets from JFK to MLE were changed from Jan 31 to Feb 1, 2023. Luckily, I found out before the flight date. On the day of the flight, the flight was delayed for more than 3 hours, and we missed the connection from DOH to MLE. Qatar Airways said they are not responsible for the compensation. Extremely disappointing. We flew 4 times with the airline, the flights were all smooth."
437,"✅ Trip Verified |  I bought a round trip business class Lite ticket under the expectation that it would be Q-Suite. I selected my seats in Qatar Airways seat app, which showed the Q-Suite layout. At ATL  check-in I was told that there was an operational issue and the aircraft had changed with an old business class seat. This happened on my return from DOH to ATL leg. As for DOH to BLR and BLR to DOH, we did get a Q-Suite and it was as expected. "
438,✅ Trip Verified | Wow what an incredible experience with Qatar. I was lucky enough to experience the Q- Suites and I wasn't disappointed. From the moment I checked in I was made to feel special which made my trip even more memorable. I will most definitely use Qatar Airways again and thoroughly recommend their services. Thank you Qatar.
439,"✅ Trip Verified |  The first leg from DC to Doha was on the 777-200ER with 3-4-3 configuration in economy which is an awful set up.  My food was inedible but service as always was excellent. I flew Business Class on the Doha to Denpasar route on a Boeing 777-300ER. It was an excellent flight even if entertainment options were limited. Then they informed me they failed to load my baggage in Doha. It was a 10 hour layover and they couldn’t get my bag loaded?  They informed it arrived at Denpasar hours later and said they were waiting for the driver to deliver it. And then nothing, it is 8 hours later and no update or response. No luggage."
440,"✅ Trip Verified |  Take off was 2140 and my food was served approx 2330. Kids meals were awful, and my children wouldn’t touch it. The meal service finished approx 45 mins later, lights went off, only for the lights to come on 2 hours later to serve a pastry. So we are wide awake and another 2 hours to go in the flight. Finally landed in Doha exhausted. Thankfully the crew and service were more prompt on the next leg, but my food was awful. Kids were served egg wrap and as there were no meat choices when crew came to us I was served a veg dish which was awful. Doubtful I will choose to fly Qatar again."
441,"✅ Trip Verified |  Manila to Zurich, I checked in online and been given the boarding passes (from Manila to Doha + from Doha to Zurich) with both seati numbers displayed. Landed in Doha I had to wait 3hrs at the respective gate. On my boarding pass I had zone 4 which is I think the last zone. When scanning my boarding pass it showed ""seating issues"" and I had to see staff who said that Economy is overbooked. I was in shock and asked what that means for me. He replied ""flight is full you, you need to go to Customer Service"". And I asked politely why there is a seating number and why I was even been checked in if the flight is full? I asked if he could please check once everyone is on board if there is still capacity in any the plane, I stood there and asked if he could recheck. In the end there was one space left and I could fly, but I received my luggage only the day after."
442,"✅ Trip Verified |  The flight from Cochin to Doha is on codeshare partner Indigo which is a low cost airline. There was no online check in, no connecting boarding pass, no PTV, no warm food, just basic sandwiches, no alcohol. The flight is shown as operated by Indigo on the ticket but that may mean very little to a lot of travellers."
443,"✅ Trip Verified | Madrid - Doha - Sharjah (Round Trip) because of the stopover in Doha in which you can stay up to 4 days in Doha and pay 40€ per night in 5* hotel such as Marriott Marquis Doha. I didn't want to pay the 83€ for the Emergency seat, as it is too high for a 6:30 flights. The seat pitch in the economy seats on the B787 (MAD - DOH), B777 (DOH - MAD) and A320 (DOH -SHJ) is smaller,  a small difference but my knees could feel the difference. The food on the flight is good and of course was happy that on the long flights they offer free wine. In Doha after passport control,  I had to wait almost 1 hour because the flight was a bit late, the waiting place  was so full that there was no place to sit for many passengers. The Wi-Fi didn't work and there were no toilets in this boarding gate. "
444,"✅ Trip Verified |  I was flying from Düsseldorf to Malé via Doha on Qatar Airways. The service was very professional and at times excellent. The food was mostly decent, definitely above average for Economy. Finally, operations were very reliable. All flights were on time, and the boarding and deplaning processes were well-organized. On the Boeing 787-8 the legroom was awful and restrained by a large inflight entertainment box under the seat in front, the seat was quite hard, and the headrest could not be adjusted on the sides. This seat was probably among the most uncomfortable that I have experienced on a wide-body plane. Overall, I would fly Qatar Airways again if the price is right. But I would not pay a premium for this experience."
445,"✅ Trip Verified |  I was flying economy but upgraded to business, also had to come back home earlier, the customer service representative at Qatar Airways was helpful, so that worked out. I was disappointed as Qatar changed the planes at the last moment and I was really looking forward to traveling in Q Suite, but the journey due to in cabin service was Excellent. Cabin staff Ying and Komal were phenomenal, professional, helpful and super nice, could not ask for a better service. I would recommend to experience Qatar Airways as journey from check in, business lounge and in cabin service goes above and beyond."
446,✅ Trip Verified |  We had the most pleasant experience with the crew onboard this flight. They were very helpful and friendly. Akshaya was the most perfect host on this flight .We shall definitely recommend Qatar Airways because of our experience with this professional lady. Very well done.
447,✅ Trip Verified |  I flew Economy from Singapore to Dubai via Doha on Qatar Airways and I was absolutely impressed. Service is top level that it beats SQ service - something which is very hard. Legroom space and seat pitch is amazing in Economy and the F&B are better than SQ. 
448,"✅ Trip Verified |  First time I have flown with Qatar Airways and I’m blown away by the quality of the aircraft and service. The cabin crew were extremely attentive and friendly. Subbayal was looking after me, took the time to introduce himself, explain the menu and constantly check if I needed anything else. I will definitely be flying Qatar Airways again. "
449,"✅ Trip Verified |  The planes from Athens to Doha and back were extremely old A330-300. Seat space is limited, if you take a window seat there is a metal box in front of you. No wifi, no USB, LCD screen has limited brightness / contrast. Entertainment full of 2nd class movies and series. Doha airport lounge access is extremely expensive and restricted, which offered only 2 different dishes. Impossible to find a proper place to relax, only good option was the shower available. I tried to add the cheaper lounge before my flight but was not allowed because you have to do that 48 hours before the flight. Toilets are quite limited, I had to wait in line for 10 min for a toilet booth. Boarding was organized chaos in all 4 flights, especially the last one from Doha to Athens, where we had to had to use buses. Wait in line for a bus to arrive and delayed departure because of that. Check in was OK in Athens, very slow in Bangkok, had to wait 40 min in line. Food and service was fine in all flights but nothing spectacular, for example no sparkling water. Wifi was advertised in the flight from Doha to Bangkok but it worked only from Bangkok to Doha. In all, a pretty average to poor experience."
450,"✅ Trip Verified |  First leg was great, great crew, food and beverage good, travelling with 4 kids all happy. Second leg doh-cpt dreadful, no kids meals, ife rubbish plane old and dirty even though it was only 4.5 years old. Extremely turbulent flight but no reassurance from crew or pilot for nervous passengers. "
451,"✅ Trip Verified |  From arriving at the airport on our journey and throughout the cabin staff were run off there feet, and are a credit to the firm. Very pleasant and accommodating, nothing was too much trouble. Having read the baggage policies many times, and cutting our baggage to a minimum, I was appalled at how many people were over the limit on size, number and weight of the cabin luggage. The cabin staff are having to struggle on moving bags around to get everybody accommodated, they should not be lifting these overweight bulky items to a level higher than they are. Then having to pacify a complaining passenger whose bag was more than the accepted size because they had to move it further down the cabin. I would like to say a big thank you to all the cabin staff that delivered great care and devotion to all in my section D/E 31, They worked wonders."
452,"✅ Trip Verified |  Qsuites on the A350 on Qatar are incredible. The privacy, inflight entertainment, and the most importantly the service afforded by the flight attendants are second to none."
453,"✅ Trip Verified |  Excellent seats and service although the A380 does not have Q suite seats. I don't see how anyone surpasses Qatar's business class. The flight attendants, food, cleanliness of the aircraft were all unbeatable."
454,"✅ Trip Verified |  You have to watch a lot of advertising about Qatar during the flight. The seats were not comfortable, the flight attendants were friendly but overchallenged with the service. I had to wait more than half an hour to get a can of beer, they wouldn't give me enough water. My request for any snacks was friendly denied two times in a row. I cannot recommend this airline."
455,"✅ Trip Verified |  The customer service was exceptional from the check in, lounge. On boarding the staff were very attentive and looked after us throughout the flight. The food was good."
456,"✅ Trip Verified | I travelled Qatar Airways from JFK to Islamabad, 1st leg from JFK to Doha was operated by AA. The transit experience at Hamad international Airport was great, from disembarking the plane, going to the lounge and then boarding the plane again to Islamabad was pleasant and easy. The ground staff were very pleasant, professional and eager to help. Next step on board the flight was equally nice. Would especially like to mention the supervisor from Lebanon who introduced himself to all business class passengers and personally helped the staff. I didn’t eat during the flight as wanted to sleep, but I am sure it would have been a good experience. The best part as always is the Q Suite, it gives you comfort and privacy, I was tired after flying on a long transatlantic flight but still sleeping in Q suite for about 3 hours was worth it. Overall great experience!"
457,"✅ Trip Verified |  
I had a Qatar voucher. I made a booking for February 2023 but sustained an injury within hours, so I cancelled. Despite this cancellation being within the 24 hour free cancellation that they so proclaim on their booking site, they have deducted £350 from the refund. Nowhere in their terms and conditions did it say that they would do this. "
458,"✅ Trip Verified |  My experience on Qatar Airways was flawless from beginning to end. Check-in was a breeze, the service and amenities at the lounge in Doha was exceptional (staff were especially kind). In-flight was outstanding. Minimal number of cabin announcements which were efficiently delivered. Service was attentive without being intrusive. The food served was outstanding. The quantity offered personified the Arab hospitability custom of making sure you were never in want. I can't think of any flight experience where I was provided such comfort and lavished with such attention in such a non-intrusive manner. I was in an oasis of calm, quiet rest. It's going to be very hard to not route my future trips through Doha on Qatar Airways - thank you to the Qatar Airways team - truly exceptional."
459,"✅ Trip Verified | Where do I start. This was my first flight with Qatar, and it’s the best flight I have ever experienced. I flew business, and it was actually better the BA’s First class. From start to finish, the customer service was exceptional. The check in process was fantastic. I love the little seating area and fresh drink when you arrive. The lounge at Heathrow was fantastic – particularly the staff - who couldn’t do enough for you. It is without doubt the best food I’ve ever had on an aircraft (I’ve added photos so you can see), and again the best service. I really couldn’t fault anything. You clearly get what you pay for, and other airlines could learn a lot from Qatar. Thank you for looking after me. It was a pleasure flying with you."
460,"✅ Trip Verified |  They’re currently using elderly A330 on the Nairobi route and these aren’t very comfortable compared to the B787 or B777 they used to bring to Nairobi. Terrible seat pitch. Tiny, faded IFE screens and the dreaded metal box under the seats that takes up half your legroom. And not enough room for carry on luggage if the plane is full. My flight from Doha to Nairobi was packed to the rafters so they were randomly selecting passengers to give up their hand luggage so that it could be put in the hold so as not to overwhelm the overhead bins on board. I had my standard cabin-approved trolley bag which I was told needed to be checked in. I had to remove my electronics and valuables and stuff these in my laptop bag to carry on board. I was given a flimsy zip tie to secure my bag and off it went into the hold. On arrival in Nairobi, it was one of the last bags to make it to the luggage conveyor belt. The flight was a night flight, so I opted to get some sleep rather than wait for dinner. After managing to fall asleep, I was awoken twice to be asked if I wanted to have dinner, which I clearly did not. On the plus side, the flight was bang on time to the minute, only marred by the long wait for baggage on arrival. Nairobi is a busy route for QR (most of their flights are full) so I don’t know why they put such a mediocre airplane type on it. "
461,✅ Trip Verified |  I have flown them a few times and never been impressed and last week there was no choice of breakfast food served two hours into a six hour flight followed by a snack 90 minutes later. Small half cup of tea and one milk sachet. No drinks service separated. IFE nothing near competition and quite small seats. It took a long time for the crew to move with the food service. Warm to hot cabin conditions. Good value for money so that was a saving grace and check in and boarding well organised.
462,"✅ Trip Verified |  My first time flying with Qatar, and what a wonderful experience it was! Despite the long flight (21 hours in the air in each direction), every leg was excellent. Seats were comfortable and spacious - with excellent legroom. Even on relatively short 4 hour flights there were pillows and blankets on each seat. IFE was decent, with a wide selection of movies and programmes to choose from. The food was all of a high standard - a good selection (usually 3 choices) of meals, and each was tasty and filling. I was very impressed with the alcohol selection - a sparkling wine (rare in economy class), quality red and white wine, two beers, and a small selection of spirits. Most impressive of all was the service: the crew were friendly, attentive, and polite. Drink runs were regular, and staff were engaging and highly professional. On one leg with few passengers, the staff were wonderful - constantly checking up on us, offering more drinks, proactively offering to make a festive cocktail (in economy class!), and ensuring our comfortable. All flights were on-time, and Doha airport was a pleasure to transit through. I was very impressed with Qatar, and look forward to flying them again."
463,"✅ Trip Verified |  After being stranded in CDG Airport by Vietnam Airlines I was thankfully able to book a flight home to Sydney in economy to make a family wedding. The cost, 4.2k, I can understand it's a high price to pay for a last minute flight that I booked a little over 12 hours in advance, but it's insulting to have an empty seat on the flight next to me and several other empty seats on the flight.  I paid an extra 90 euros to get into the business class lounge for my 13 hour layover, no where when I selected this option, informed me that the ticket is for only 6 hours in the business lounge.  My seat on the A388 was horrible, I was in front of the bathroom. I couldn't eat on the plane. My seat didn't recline properly, and the seat in front reclined further than the other seats in its row. "
464,"✅ Trip Verified |  An outstanding experience. In my extensive years of flying this excelled. Especially the Bangkok to Doha sector A380. The food was of an extraordinary standard and my stewardess added to the overall journey experience with her exceptionally attentive, patient and kindly contribution. I will not forget that journey for a long time if ever, thank you Victoria and of course the supporting crew. The seat is of course wonderfully set up and appointed with all I required for the 7 hours. The flat bed gives unparalleled comfort and sleep whilst flying. The noise cancelling head phones and a huge range of entertainment suited my tastes. Again thank you team Qatar exceptional again."
465,"✅ Trip Verified | Check-in and security check at MUN airport swift and efficient as usual. Contract lounge decent. The upgrade from B788 to 789 with its new mini Qsuite a pleasant surprise. The new seat is more tight with a tiny footrest, which makes sleeping more difficult, but the sliding door provides more privacy. Service and catering on both flights at a high standard. The usual remote bus transfer in Doha. I can’t recall any airbridge arrival/departure (besides A380 flights) over the past 2 years. Reminds me of the old Doha Airport. Bus transfer took ages this time, because of a very remote position of aircraft and several long stops on the way. The usual stressful transit security check I have not seen at any other airport for years. Al Safa lounge as always a great place to relax and rewind. Flight from Doha to BKK on the glorious A380 uneventful and despite full in all classes, great standard of service."
466,"✅ Trip Verified | Awesome experience, Great staff, delicious food, and on time performance. I will definitely choose Qatar again. However I have two things to mention. First during boarding from a bus on a tarmac we were struck by hard rain without cover. Second, it would be useful to allow passengers to leave a sign (wake me up or leave me sleep) for staff to be woken up when food is being served."
467,"Not Verified | I booked my flight with a third party seller on June 20. In December 18 I paid almost US$ 200.00 to book the extra leg room seats, but the seats have not been reserved. The employee at the counter said it was a system failure and that there was nothing they could do. The employee gave me an aisle seat, although I think it was not fair. I also couldn’t find at their website one link to make a complaint without having to subscribe to an account in their Privilege Club, so again not really helpful and it felt like fishing. This is why I am writing a review here."
468,✅ Trip Verified | Very frustrated that when you book business class with Qatar Airways directly on their website that they outsource to Air Canada and they put me in premium economy for the third leg of my returning trip. I was then denied access to the Maple Leaf lounge because the ticket stated premium economy. Paid nearly $10 grand including taxes for round trip business class. It’s very disappointing to see Qatar ruins the experience with Air Canada who could care less about customer experience.
469,"✅ Trip Verified |  My flight was from Istanbul to karachi via Doha from Sabiha Gokcen airport Istanbul, we were two families total of 7 persons, while checking in for the boarding we had some issue with some missing documentation of my sister in law, this review is specifically for the staff of Qatar Airways boarding counter specially Mr Nazim who helped us and guided us through out to full fill the requirements. My whole family is really thankful to him for helping us out. Thank you Mr Nazim, keep up the good work! All the best."
470,"✅ Trip Verified |  Doha-Bangkok 29 Dec. 2022 on a B777-300ER. Flight on time upon two aircraft type changes. Smooth cooperation with their new partner Rwandair by whom I arrived with in Doha early morning coming from Kigali. The Platinum lounge that I chose in Doha, appears to be the “flagship” among three newer frequent flyer lounges in Doha for Oneworld silver, gold, and platinum card holders. It had a la carte dining, champagne, showers, tarmac view, sleeping areas. Seat prebooked provided and automatically changed to fit into new aircraft type. Due to New Year, flight was full, likely overbooked despite changed to larger aircraft in last Minute. Seat-block or upgrade was not possible. I was respected as frequent flier and given exit row without charges. Dinner details were announced on their homepage already 2-3 weeks prior to flight, what an impressive effort (“Preview Onboard Menu”); they provided 3 options, all found available. I chose Teriyaki chicken and later beef ragout with mashed potatoes, all good. I prefer this proper dinner and do not mind they skipped breakfast. A Spanish cava sparkling wine was offered as one of 3 wines onboard; beers industrial and watery: only Stella Artois and Budwiser. Food concept always with narrow options and slim concepts over the last 15 years. Conservative airline, lacks life, colours, and innovation, though quite predictable and faultless. FAs well-rested, groomed, but deprived of charm. IFE was good with individual quality monitors; quality headsets were provided to all; likewise blankets, pillows, and amenity kits. Aircraft and toilets were well kept. Despite I had a complex booking issued by an online travel agent, it was easy to handle and detail on airline’s homepage. Miles were credited separately to the different airlines' (QR and WB) frequent flier programs without issues. I did not see my luggage in Bangkok: it was transferred smoothly the entire route from Africa to Saigon. This, even it was partly mislabeled at its inscribed origin in Kigali to final destination in SE-Asia with Vietnam Airlines who is in the competing Skyteam alliance. Impressive work by QR who, together with the airport in Bangkok, saved the mistake done by Rwandair in Kigali. I very rarely have had any luggage issues with QR, maybe in 2 flights of 100 – and in these rare cases, they have done their best to assist me. "
471,"✅ Trip Verified |  We purchased our package in March of 2022, scheduled for November 2022. There were three changes to our flight. The first was in August 2022. They stated the flight number and time was changed. We agreed to the changes. The next change was September 2022, they stated the flight numbers changed again. The last change was right before we left in October 2022. This time they changed our plane. When we originally chose our flight and seats we knew what the aircraft was. When they changed the plane, we did not. We called and spoke with several agents who were not helpful at all. Once I was able to get someone, they could not tell me the name of the updated aircraft. They just kept saying you have extra leg room seats. From all of the aircrafts I saw, there was no way the seat number I originally paid for on this new plane was extra leg room seats and I was right. When we got to our layover city, I was told that the plane was full and my seats were no longer available. They couldn't upgrade me or give me my money back.  I paid for these seats and I was not upgraded and I had to reach out to after I got home to request a refund. We went on the flight got there and had an awesome time in Maldives. However, coming back was the same, they put two planes that were not full together again and our seats were not available and we had to ride back with no extra leg room on a 12 hour flight. I have filed a report with Qatar requesting my money back on 20th November.  I send email after email, call after call and no help. "
472,"✅ Trip Verified |  Flights and service were good as usual, with a high standard and service and catering. What is getting really bad is Doha airport. I departed from the dreaded bus gate area downstairs. It seems this becomes the norm now, since almost all my flights this year were bus transfers. It becomes more and more chaotic, but todays experience was really really bad. It was utter chaos with unorganized lines, frustrated and rude gate agents.  The shortage of buses added to the chaos. With this, Doha is miles away from becoming a world class airport."
473,"✅ Trip Verified | Quite good airline. However they sometimes miss-schedule the flights due to very heavy traffic in their own HQ airport - Hamad. Be careful if you have a short transiting time. The aircraft are normally big and well equipped. Inflight entertainment are also very good. Check-in times are fast and easy, you can check-in very early at HIA with Qatar airways. However the prices are expensive"
474,Not Verified | It took 45 minutes from the plane stopping to get to the terminal.  Then a long chaotic security line. Not impressed at all. Almost missed our connecting flight. 
475,"✅ Trip Verified |  Absolutely horrendous experience. The plane experienced a technical fault and our 0135 flight was cancelled. No fault with Qatar Airways, I realise this wasn’t their fault. However the subsequent quality of service was abysmal. Total pandemonium at the gate where having spent 2 hours on the plane with zero communication, we then queued at the gate for 5 hours and it was an absolute frenzy. Some people got their tickets changed, others told to go away. Most were told to go to the hotel and just wait for an update. By the time we left it was 8.35 am. Again no communication, no idea where they’re going and no one told us. "
476,"✅ Trip Verified | This is simply the best - from beginning to the end. The cabin is great with very spacious seats/beds. Extremely comfortable seats that turn into great beds that are made up by very helpful cabin personnel. The food was great and so was the selection. Especially the choices for breakfast were amazing. The restroom was spacious and very delicate. Service; as always on Qatar, excellent in all ways; smiling, correct and attentive. I don´t think there is anything better out there. Whether it is worth the price is a subjective thing. It was simply great."
477,"✅ Trip Verified | Great trip as always with Qatar. Seats are very comfortable, fully declining and easy to adjust. The seating arrangements are excellent offering both privacy or easy communication with your neighbour if not traveling alone. Great food, good selection - amazing how they manage. Crew, again as always, very attentive and smiling through the flight. You may argue that the boarding in Doha was a but chaotic (bus transport to plane) but we all got on board without any hassle. Luggage pick up in Oslo somewhat of a disaster (long waiting) but that is due to no fault of the airline. Highly recommended."
478,"✅ Trip Verified | From booking to landing, everything was smooth, easy, and convenient. The crew, whether on the ground or in the air were absolutely lovely and the offers of food, beverages and entertainment were stellar. The service was personalized and the air hostess would continually check in. The cabin was clean and the crew ensured the toilets were regularly checked. I have never been more comfortable on a 14 hour flight."
479,"✅ Trip Verified |  Seat 40K, window seat without a window, so off to a bad start. Cabin service was inconsistent and was twice ignored drinks service despite the rows ahead getting 2 drinks services. Crew not attentive; grumpy and rude. Booked as an overall British Airways ticket and QR didn't come close to expectations."
480,"✅ Trip Verified |  Very disappointed and unsatisfied with my experience. The plane was old and the amenities were outdated. The seats were ok but somewhat uncomfortable. My food was horrible, I was provided beef with mashed potatoes. The meat was very chewy, cold and the sauce was weird. The desert provided was nothing special. Breakfast was more of a lunch, had the choice of chicken or noodles, my noodles were cold and dry, the desert was a strawberry yogourt. The eye covers were really uncomfortable. The airline advertised free 1Hr onboard wifi but the wifi was not functional at all past the welcoming page."
481,"✅ Trip Verified | Lousy lounge in CPT International. Small, cramped and badly aired. Fortunately the booked Q Suite was provided on the return flight which is really superb. Cabin Crew were also on the ball and provided 1st Class Service. Catering was however a disaster. There was only one starter available and it was inedible: “Creamy Quinoa and Edamame Salad”. Completely tasteless! For the mains 2 Chicken Dishes were on offer. (So much for variety!). I chose the Creamy Chicken Roulade with a bizarre over sweet filling which was really quite horrible. Failed experimental recipe!"
482,"✅ Trip Verified |  I booked for the first time economy with Qatar Airways, knowing its a relatively short flight (5:40 min flight). I usually fly business class on longer distance flights with Qatar airways. Quality of service was impeccable and friendliness of staff as well. Same goes for cleanliness of cabin interior and toilet. I took about 10 flights this year with different airlines and Qatar Airways clearly stands out in quality, at check-in as in flight experience."
483,"Not Verified |  Overall excellent service and experience. Planes were clean, food was savoury, staff was very courteous, flights were on schedule. Highly recommend to anyone who wants an amazing experience, definitely the best airline IMHO."
484,"✅ Trip Verified |  The flight operations and service on board were very good and we were overall happy with that. The food was great and the flight crew very polite and friendly. The transit in Doha was generally ok, but the flight information was somewhat misleading (several flight numbers pointing to the sams flight, no information that the flight stops on route to a different final destination). Flight entertainment was ok, but the touchpads of the Oryx One systems were not working smoothly, in the B787 it was ok, but in the 737 it was barely usable, very disappointed by that. We were very disappointed by the Qatar Airways website and mobile app. How is it possible that a world class airline cannot set up properly maintained online services? The homepage and app crashed several times, didn't accept our discount vouchers that are available to new customers. The chat support is also very poor, as it took us over 1 hour to discuss a simple change of our booking. In general customer service is bad. Our bag was broken upon arrival and we couldn't even find a complaint form on the website, or some E-Mail address."
485,"✅ Trip Verified |  The flight to Singapore was okay at best, seats are close to each other. Food was good. In the flight back from Singapore we entered the aircraft on time, then we were informed that there are technical problems so we should leave the plane again. Afterwards we had to sit at the airport gate for four hours (still counting), no information were given to us, no water. The Singapore ground staff was not professional at all, they promised information that never came."
486,"✅ Trip Verified |  SIN to DOH on a Boeing 777. Older aircraft but very spacious and comfortable. Ordered Gluten Free Meal. Very delicious. Toilets and cleaned regularly Flight crew was fantastic. As for inflight entertainment, my favourite channel was the flight map. Although I prefer they cut the special effects and advertising and just show a plain and simple flight map. Loved their window seat at Economy. If you want to be first to enter the plane, make sure you sit at Zone 1. DOH to FRA on a B787. First thing I noticed was that the seat pitch was very narrow. Especially when the person in front leans their seat back. I feel very claustophobic. I will choose a B777 next time. I wanted to change my meal option from GFML to no special meal but the IOS app did not work. Even Android app and the website did not reflect the change I tried to make.  I was looking for ways to contact Qatar Airways about the error on their app but I can't find any form or email to report the error. My second Gluten Free Meal was a hard piece of bread, vegetarian meals are not healthy because they contain carbohydrates. "
487,"✅ Trip Verified | Unfortunately, I cannot recommend Qatar Airways. Flight canceled (happens often, Economics reasons), very late notification. Then lounge in Doha got canceled without noticing me (even though it was open). And then with a 7 hour delay in Doha QA was unable to offer an alternative which I would have paid for. Because I'm not a Silver Member? Disgusting. No Qatar for business trips if you want to meet deadlines. Bad."
488,"✅ Trip Verified |  A direct flight to SIN would be easier, but we love Qatar Airways (QA). However, on both legs they let us down.  On the 1st leg various dishes and beverages were not available. Service for a couple in the middle seats is bothersome. The staff does not manage to serve the both of us at the same time, despite our request. We have made a lot of flights with QA over the last years and this is most of the time an issue. Staff was not very attentive.  On the 2nd leg it was much much better. However they conducted an aircraft change without assigning seats or give the opportunity to select seats. Staff and service was the expected level: attentive and nice. One notices clearly they are cutting costs and that influences the 5 star experience. The great staff compensates. The transfer was smooth: a wonderful lounge, a good shower. Also important: QA flies ‘on time’. That said: we will certainly fly QA again."
489,✅ Trip Verified |  Aircraft unrefurbished. Tired and boring. Cabin crew excellent and service minded as always. But they forgot to load pj's for Business class.
490,✅ Trip Verified |  This was my first time taking the midnight departure from Doha to the USA. Qatar Airways Qsuites are very good but the WI-FI is not good. Over seven flights I have taken since July the menu had been repeated which is shocking. The entertainment was very good and the pajamas commemorating the World Cup are quite unique I plan on saving them. The flight attendants were superb.
491,"✅ Trip Verified |  Miami to Male via Doha. The flight to Male was nice and we received good service. However, on our return flight from Doha to Miami we paid a little extra to chose our seats and ended up sitting next to a man who was more than 2 meters tall in a group of three seats. My wife ended up moving to a row of 4 seats with only one other passenger. My wife hit the flight attendant call button twice and was never checked on. We were only offered water twice outside of meals despite constant video reminders to ""Stay hydrated."" We ended up loitering in the galley chugging fluids, mostly water. At Doha before entering the gate, there was an additional security checkpoint where we were forced to dump two liters of water and there were no fountains or water refill stations before boarding. "
492,"✅ Trip Verified |  Absolutely wonderful experience on all 3 flights with Qatar (Doha to Melbourne October 21 and Sydney-Doha-Montreal October 30/31) (4th was a code share with Air Canada. Amazing service pre-flight (both calls ahead of flight answered within 4 rings by a real person), on the ground and in the air. Seats were comfortable (enough so that on my return, and after 40+ years of regular flights to Asia and Africa I slept for the first time, and in each case for a long time). Had a window seat on the exit row each time, as pre-booked. Food was delicious - vegetarian or chicken choices were delicious, filling and fresh - unlike other airlines' meals, I did not feel heavy or greasy after the meal. I felt better rested and relaxed than I do when I fly to Australia from Toronto via the west coast (Vancouver, LA or Houston stops). Simply can't say enough great things about Qatar!"
493,Not Verified | We still had a voucher from our return flight during covid from Brussels to Colombo. We wanted to book a new flight but the voucher was valid until 2 days before we wanted to book a new flight. We've contacted Qatar and someone told us we would still be able to use this voucher but she had to check and we'd hear from Qatar within two days. We never heard from them again. We've called 10 times but nobody really helped us and everyone said something different. In the end we got an email address from the Qatar refund team but we've mailed already 3 times without a reply and one email was a fake one. We've always loved to fly with Qatar but this is terrible terrible customer service. And it seems we've now lost our 680 euros worth of flying.
494,"✅ Trip Verified | The work of the land crew during the check-in and customer support service is a total disaster. Very unprofessional approach and communications, they create rules on the way, they mess with documents, and they mess with your payment and reservation (for business class!) and then they struggle to resolve it. In the end, it costs you time, it costs you money and what is more important it costs you your emotional comfort and health. What is even sadder they don't care about it at all. I submitted my complaint right after the unfortunate choice of using their services and never heard back from them (it's been 5 months). Fait to admit the cabin service was decent but by the end, it just wasn't worth it. Please save your money and dignity, chose someone else, literally anyone would do better."
495,"✅ Trip Verified | The journey started on a rather bad note as the Air Canada Maple contract lounge is already closed for the evening FRA to DOH flight. So there will be no lounge access for the evening Qatar flight; something unheard of. When I approached the staff at the gate, they told me that they were not aware that the lounge closes at 16.45. Flight itself uneventful, with good service and catering, unfortunately no Qsuite. Arrival in Doha as almost always via a long bus transfer. Al Safa lounge as always impeccable. Flight to Bangkok in Qsuite, with again good service and catering. This time equipped with Qsuites."
496,"✅ Trip Verified |  FRA-DOH-SIN return. My first time onboard the ""best airline“ and I wasn’t disappointed. Qatar offers a high level of service and comfort from beginning to the end oft the journey. I was concerned about the chaotic situation at European airports this summer, but check-in and security at Frankfurt were fast and efficient. Transfer at Doha Hamad was very good too. QR’s onboard product is amazing with a professional crew, comfortable seats, good IFE and delicious meals. However meal service was a bit inconsistent: a welcome drink was only offered during the FRA-DOH flight, while only during the SIN-DOH flight there was no coffee service after the meal. And I want to mention that there is a difference between the aircraft types 777-300ER and A350-900. I definitely prefer the A350 because seats are wider, IFE has more content, the inflight map and the ambience / design is better. Overall a very good experience for a low price."
497,"✅ Trip Verified |  Excellent flight, very happy with the service we received right check in till disembarkation including the transit transportation in Doha. We had the shortest transit of 20 minutes. Special mention and thanks to Mr Tushar, Steward on QR028. He is the most efficient and kindest inflight staff we have ever met"
498,"✅ Trip Verified |  Wonderful flight staff, so helpful and caring, looked after all my need during the flight to Doha and Bangkok from Edinburgh, very clean and comfortable plane. Food amazing, high quality service, excellent entertainment on board and spoiled for choice. Lounge areas at all stops again excellent, staff amazing, food menu very high standard. Qatar Airways basically organise everything I could need and ensuring I had a wonderful flight."
499,"✅ Trip Verified |  Enjoyed flying with Qatar Airways. Most of the time the staff was excellent. Special mention for Miguel, he took care of us on QR274 on 22 October. This guy goes above and beyond. If you're lucky to have him taking care of your row, you're guaranteed a good flight. Also, Hyeon Jin on QR 273 on 28 October was very very hospitable. So much potential in this girl. Seats on the QSuite were very comfortable. Staff are lovely. All in all, a pretty good way to get from point A to point B. I do have 2 small issues with Qatar Airways, they seem to have a tendency for last minute equipment change (meaning you might have booked a QSuite flight only to be told later you're getting an older aircraft). But this could be deal breaker for us, they seem to have an inclination to 'take you out' of your chosen seat and place you in a less desirable seat (at least less desirable for you). This even happened after the boarding pass was issued. This has happened to us twice in 3 months, really hope it doesn't happen again."
500,"✅ Trip Verified |  Dallas Ft Worth to Colombo return via Doha Another very pleasant flying experience with my favorite airline. Basic economy ticket. Great cabin crew, food was great well presented and most importantly something you can eat. Cabin crew attention to safety was fantastic. Rest rooms were well maintained. When I visited the galley to get a drink it was well maintained. "
501,✅ Trip Verified |  There was an aircraft change and they separated three in our family into three different sections. The seating was a 2-2-2 configuration instead of a 1-2-1. The USB ports were out of order and The TVs in the middle from rows 5 to 7 did not work. My seat adjustment keys were worn out and erratic and the TV screen was non-touch screens or did not work.  I do not know why they used such an old aircraft with many controls not working for a day flight of 13 hours. The lounge in Doha was exceptional both during outward and inward journeys. The staff was extremely helpful and friendly. They have shown excellent professionalism. One silver lining is the crew aboard the aircraft was par excellence. They did a fantastic job as usual.
502,"✅ Trip Verified |  Superb airline with superb air hostesses, Can’t do enough and attend to every need, with quality service. On board meals and entertainment were great also. Just need to sort security times at Doha"
503,"✅ Trip Verified |  Staff could not board me on at Montreal due to an issue with my passport and it took forever to clear that. Boeing 777 was not in great shape and was quite old. Washrooms were not in order from the get go and my food was horrible and was not sufficient.  The infotainment system on this 777 was not great.  The only positive thing was the Customer Service, which was pretty good and also the Doha airport is really nice. I am heading back to Vancouver soon and lets see how that flight goes."
504,"✅ Trip Verified |  On 26 OCT flight Kuala Lumpur to Doha in codeshare and operated by Malaysia Airlines was delayed 1,5 hrs due to technical problems. Today's experience at Doha is the complete absence of professionalism. There should be people waiting for the passengers at the arrival gate, separating the ones with short or missed connection in groups divided by final destination and guiding them to the proper channel to rebook their flight. In today’s experience people were left alone in desperate search of the (now closed) connection gate and they were finally reaching the transfer desk. Here I spent Hours waiting in line in front of the eyes of staff who were bouncing people from 1 operator to the other, never taking any action. The decisions on who to serve and attend were based on who is angrier and shouting the loudest. Some people have been rebooked on the next day flight when there was another one after only 6 hours. At their further inquiring why they couldn’t board on the earlier flight they have been answered with a sorry and invited to line up again to get a 3rd boarding pass printed. "
505,"✅ Trip Verified |  The food they provide for a long haul flight is insufficient and the quality of my food was appalling. The scrambled egg was a solid chewy rock with no flavour. The second meal was a cold sausage roll stuffed with chicken which was not appetising. Wifi on outbound didn’t work at all. The super fast Wi-Fi which I paid for in the return did not work for more then half the journey. I paid £150 for exit row seats I got a worse seat than the non exit row. Nowhere to put your belongings, you have to hold the blanket and pillow on your lap for take off and landing. Seat 23a has the door blocking your legroom so you need to sit at an angle to get any leg room. Our outbound flight was an hour delayed and we weren’t communicated with much. There were very few toilets available and there was a queue which was in our exit row legroom. "
506,"✅ Trip Verified |  No words to appreciate e-Customer support, cabin comfort, meals served, cabin crew positive attitude. Latest aircraft and On-time performance. I got upgraded to Business from Doha without any request which was a surprise for me so I remain happy and grateful to Qatar. "
507,✅ Trip Verified |  Amazing airline overall. Inflight service and very friendly staff is all you need during your flight. Arriving experience to the very well organised airport not waiting for your luggage was the brilliant way to end my journey. Thank you Qatar Airways.
508,✅ Trip Verified |  We flew in Business Class from Zurich via Doha to Cebu on October 18. On both flights the service was excellent and the crew were very friendly and professional. The food has improved from previous flights. The flight from Zurich to Doha used an outdated aircraft from CX that did not meet QR standards. The light above the seat did not work and the information system was outdated. Boarding in Doha was once again chaotic. Business class passengers were not well informed and called while economy passengers were boarding. The bottle neck at the gate prevented this and no one of the gate staff took action. We were crammed into a bus with the rest of the passengers.
509,"✅ Trip Verified |  This is our second time flying with Qatar Airways. We flew LAX to DOH, stayed a few days and then onto CAI and back. From check in to in flight Qatar Airways makes it a truly wonderful experience. The check in at LAX was quick and friendly and don't even get me started on the experience of checking in at DOH; offered beverages, sit down and very attentive and friendly. The lounges are so relaxing, good food, drinks, the lounge at DOH has ""hotel"" rooms in it you can sleep in for a few hours. Service is top notch. Now for the flight. Warm greeting and welcome, Q Suites there are no words just comfortable, easy to sleep well in (I slept 10 hours). The amenity kit bags were colored for Breast Cancer awareness and the PJs for World Cup, awesome. The food was delicious as usual, flavorful, many choices, served at a good temperature and displayed nicely. They do have a new added light meal menu for world cup and it's like tailgate food; chips and guaq, potato ball, fish and chips, hamburger. I loved the idea, so fun and the execution was great. I hope they keep some of the items even after WC. World class experience that makes you look forward to flying for 16 hours!"
510,"✅ Trip Verified |  The crew on both routes ZRH to DOH and DOH to Cebu were very friendly, helpful and fulfilled every wish. Thank you. Qatar Airways used leased aircraft from Cathay Pacific on the flight from Zurich to Doha that was not up to the usual Qatar Airways standard. It was rather an old aircraft. The seat light did not work and the flight itinerary on the information system was outdated and showed little info."
511,"✅ Trip Verified |  Boarding in Doha was chaotic, the messages by the gate staff were unintelligible.  Business Class passengers were invited to board first but the bottle neck at the gate prevented this and no one of the gate staff took action to allow priority passengers to board first. There had been an  equipment change and the booked QSuite was not supplied. Instead we were seated in their old 2-2-2 configuration with dated an uncomfortable seats. I don't really understand why QR still have this outdated product in service. Cabin Crew was excellent but my food was not very good at all. The Chicken Burger was tasteless and the fries that came with it were soggy. WiFi was not available. I expect a lot more froma 5 star airline."
512,✅ Trip Verified | Mumbai to Budapest via Doha. Seeing Qatar Airways consistently wins awards I was eager to experience it after a 4 year absence. Unfortunately the experience fell short of my expectations. The in-flight entertainment was not available on the Doha to Budapest flight. The captain apologised for it and explained it was a technical problem. The vegetarian option was a frittata from Mumbai to Doha and it was OK (I award the meal 6 out of 10) but the white wine served was warm hence ruining it!! On the Doha to Budapest the food was very bland (4 out of 10). It was carrots and cauliflower in a milky sauce and what was surely a negligible amount of cheese of it was in fact present in the dish at all. It tasted exactly like boiled carrots and cauliflower. There were three trolleys in the back side of the plane hence going in and out if the lavatories was a challenge. Upon arrival at Doha Airport it took a full 20 minutes to open the plane doors. This is probably because we arrived in the morning but an airport that claims to be the world's best airport should get its act together on this front. The business class passengers who were only 5 or 6 passengers disembarked first hence prolonging the wait for those in economy by another 5 to 6 minutes. Despite that the flight was full disembarkation was via one door only (the front door). The bus taking us to the terminal was EXTREMELY cold. It was only 16 Degrees Celsius in Doha on that morning and the air conditioners were on full blast reducing the temperature inside the bus to 8 or 9 degrees Celsius. Because the size of busses for economy and business passengers are the same there was a traffic jam and the relatively short journey from the plane to the terminals in the freezing bus took 10 - 12 minutes. It feels like Qatar Airways treats its economy passengers as numbers on the accounting sheets else one would expect someone at Qatar Airways to at least instruct the bus drivers to switch off these dreadful air conditioners when it is cold outside.
513,"✅ Trip Verified |  I opted to have food at the Al Mourjan lounge before boarding, and to avoid it on the flight. This allowed me to enjoy the benefit of a good sleep, in the relative comfort of a business class flat bed. I opted for the last minute ""on the go breakfast"" before landing in Bangkok, proving the same inadequate level of F&B which I now associate with Qatar Airways: 3 or 4 pieces of fruit, a compote of yoghurt with some sugared jam, and a croissant. Harmless enough. Staff as always, very pleasant and willing to help at every opportunity, when required."
514,"✅ Trip Verified |  This was the return journey first leg. Inflight staff seemed better organised, but rather than risk a re-run of the chaotic F&B service on the inbound journey, I opted to sleep as soon as we had taken off, and not be disturbed for any F&B until or unless I decided I wanted it. This proved to be the correct strategy. I slept for the first 2 hours and then after waking, ordered the ""pulled beef"" burger, which was tolerable. Staff as always were friendly, and extremely eager to please. They expressed the desired level of concern at the abysmal check-in at Madrid operated by Iberia. Having checked-in online, but gone to the Business Class check-in desk the check in clerk questioned Thailand residency (my final destination) proof, (not required, but which I had in my passport, which he then disputed, until I explained it line by line). He then added luggage tags to 2 bags under my companion's name only, and omitted to put on priority tags. Qatar need to seriously monitor the service they are contracting to Iberia."
515,"✅ Trip Verified |  Excellent service by a friendly service minded cabin crew. Old plane upgraded with Qsuites. Still hard uncomfortable seats but nice with the privacy. Light meal after take-off but when ordering the burgers were already ""sold out"". Left with soggy fish and chips that went back to the galley."
516,"✅ Trip Verified |  Excellent once onboard. Nice friendly service, on the mark. The salmon was very overdone and dry.  Lounge review separately, Menzies Executive Lounge that is awful."
517,"✅ Trip Verified |  The first leg was in First on a gorgeous A380, with impeccable service and great food and drinks. Stay at the Al Safah lounge In Doha was great as always. My connecting flight to FRA was at 1 pm, a very quiet time at Doha airport. Despite almost all gates unoccupied, the flight departed from a remote location by bus. It was the usual long wait and chaos at the bus gates, with a hot bus, and overheated plane with cannot cope with open doors on the tarmac. Service and food was ok, but there is no more sandwich service in business class before arrival on this 6h flight. I was offered potato chips or muesli bars, which I declined. I had a seat in row one, and was unable to sleep due to the loud chit chatting of the staff in the galley. Overall, what Qatar is struggling with is consistency on the ground and in the air."
518,Not Verified |  Rome was less than expected in terms of customer service. This made our trip quite frustrating. Qatar airways staff and the airport in Hamad made up for this. I recommend flying Qatar Airways. The hostesses were professional and friendly. They treated us like royalty and made sure we were comfortable. Highly recommended.
519,"✅ Trip Verified |  This was my first flight with Qatar and it was the trip of a lifetime. I upgraded from Economy for a leg of the journey and from the very first minute the red carpet rolled out, the whole check-in and boarding process was done quickly, with ease and the attendants were all super friendly and very helpful. The seats were luxurious, supremely comfortable and made for a totally relaxed flight. The meals provided were the best I have ever had on any airline, truly 5 star cuisine, plenty of options and beautifully presented. I was delighted with the quality, service and price. Having travelled the globe on many different airlines, I cannot recommend Qatar highly enough, they truly are the World's Best Airline and will be my airline of choice from now on. Thankyou Qatar Airways for such a wonderful travelling experience."
520,"✅ Trip Verified |  Both sectors of this flight had Qsuites. Which added to the attentive service by the staff (nothing is too much trouble) plus the quality & availability of the food + drinks are the reason why Qatar Airways business class is the best in the sky. Check-in and boarding is supper efficient for business class passengers, offers of welcome drinks / food options / pyjamas etc from pleasant staff make it a pleasure to fly this airline. There is a reason why Qatar Airways is consistently voted the best in the world and I wish I could afford to fly premium class all the time as it really is worth the extra cost."
521,✅ Trip Verified |  Qatar Airways have promised me a refund but have failed to make the refund. They refuse to answer emails and hang up when I phone them
522,"✅ Trip Verified | First time travelling on Qatar in nearly 4 years because of the pandemic. Check-in in BKK a breeze, and certainly not the 3 hours suggested by the airline, especially after online check-in. But onboard service a major disappointment. Meal service was haphazard and chaotic. Was the last to be asked for my first course order, despite being in the middle of the cabin, and they had run out. I opted to forgo it. Instead they provided an ad hoc 1 prawn dish with a slice or two of avocado. The next course took nearly 1 hour to arrive, and I took one look at it when it did, and just ordered a cheese plate instead, finished it and went to sleep. No mattress service on this sector, despite it being night time. My travelling companion on the other side received an equally strange service level. I received my drink order of a glass of champagne, and he received his 40 minutes later. Dinner, such as it was, was completely uncoordinated. However good on paper, the a la carte dining concept does not work, and my suggestion is it should be abolished. The staff were very apologetic and, but seemed very inexperienced. That, and the quality of the food has disappeared since I last travelled and fell in love with Qatar Airways. Overall the staff were trying to solve the problems, but they seemed unable to manage what should be their normal operation. "
523,"✅ Trip Verified | Immediately changed into provided ""PJs"", and after take off, had the mattress applied to the seat, and went to sleep. Had pre-ordered breakfast prior to arrival, which I was advised would be about 2 hours before decent. Slept well, and awoke about 4 hours later. Was immediately offered breakfast, and assumed it was at the agreed time. A fruit platter with yoghurt and juice was produced. Having taken that, I realised it was 2 hours too early, and I should have slept until the hour before arrival. Cabin staff the usual friendly people, but the quality of food and miserly portion, made me think it would have been best to skip the F&B service, and sleep until descent, for the early (8 am) arrival in Madrid. Like all airlines, Qatar has suffered from the ill-effects of the pandemic, so they are cutting services, but not prices. Hugely disappointed, but hope they can return to the airline I much loved pre-pandemic."
524,"✅ Trip Verified |  Good experience overall. Food is good, service and comfort is good. The aircraft was clean, on time and they have very pretty containers for child meal, which we kept as gifts. I liked the DOHA airport as well. I used the onboard wifi on my way back. It was decent. I The speed was on a lower side but I wasn't trying to stream anything. The options in the movie selection were good. What i would recommend is to have better ""Flight Map"" options. Like some other airlines provide option to change view of what you see in flight map. Also the repeated commercial pages in flight map were annoying. Please leave that experience without ads. "
525,"✅ Trip Verified | After a 36 hour journey, I arrived at LAX to find that the flight showing confirmed on the Qatar app had no record of my booking. I spent 30 minutes on the phone with Qatar trying to get on the flight. Qatar told me I'd have to stay in LA for 4 days. While we were talking, the flight closed. I ended up paying cash for a ticket home on United. I have another flight with them in 4 weeks. A similar nightmare is unfolding. Rebook for a lower class of service, give up my premium seat on a 38 hour flight or pay cash for my own ticket from Reno to LAX that I already paid Qatar for. Be prepared to be stranded. Make sure you have enough cash to buy an alternative ticket home!"
526,✅ Trip Verified | Myself and my wife are Qatar Airways users for the past 10 years. The recent visit the cost was almost 3 times but it was not a big concern for us if not for the food that was served. The food was excellent a few years back but a disappointment this time. My salad was  not up to the mark at all. 
527,✅ Trip Verified | Doha to Montreal. Exceptional service provided right from boarding to disembarking. The Q-Suite is a must try experience with delectable cuisine and attentive service from wonderful cabin crew. A special thank you to them on this flight!
528,✅ Trip Verified |  It’s always amazing experience flying with Qatar Airways especially a long haul flight. Very comfortable and one of the top notch are the cabin cres services and very attentive. Seat are very comfortable Q-suites. Lots of privacy.
529,"✅ Trip Verified |  I have done the web-check in well before the travel and seats were also booked. While transiting through Doha, last minute ground staff said my seats were given to someone else and given me the last seat. I am very disappointed with this service and never expected Qatar airways to break their promise by providing this service."
530,"✅ Trip Verified | I flew a service from Islamabad to Gatwick (London) via Doha. It was a night departure from Islamabad. The Ground staff were very nice and helpful. Check-in was a smooth process, I had exceeded the baggage allowance by a small margin. No fuss created. Flight lifted off on time. The A330 is a bit outdated but good enough for the 3 hr flight to Doha. Arrival was on-time and we were off into HIA’s Main Concourse. Transit was smooth. I did some shopping from QDF and had dinner from Burgerie (Food Court - South) HIA is normally busy in the early mornings due to most long-haul flights being scheduled around the same time (US/UK/EU/China/South Korea/AUS/NZ) But it didn’t cause any problems apart from extra waiting times at the Food court. As soon as I was done I came to see the “Final Call” 40 mins before departure for QR329 to London. Which meant I had to hurry up. As soon as I got to the Gate they called Zone 1 and I was first to board. I got comfortable in my seat. Pushback for this flight was on time. However the passenger next to me was quite disturbing in the flight. She persistently kept a sleeping angle which directly meant less space for me which was very uncomfortable on the night flight. I did not take any meals on this flight as I was full. Although I did hydrate myself regularly. After a couple of shows and a few hours of sleep we started descent into Gatwick and we landed at around 0630AM. De boarding was efficient and we were clear of all arrival procedures within 15 min and I was on my way on the 166 mile drive home. I won’t be using Gatwick again because of its location. And the disturbing passenger had no effect on the excellent hospitality of Qatar Airways. I hope to fly them soon again."
531,"✅ Trip Verified |  The online wi-fi and entertainment system is limited and old (many airlines offer a wifi service which includes free wifi, live TV, numerous movies and series allowing you to watch them on your own device instead of outdated seat screens). The choice of food is very limited and the menu revolves around south asian food. I believe the menu should be more diversified and neutral. passengers should not waste 10 mins of their time watching  advertisement after take-off and before each movie/series. The cabin was clean. The cabin crew was professional. The overall experience is not bad but far from the best in the World. "
532,"✅ Trip Verified | New York to Kilimanjaro via Doha. Qatar cancelled one of our legs and rebooked us on a similar American Airlines flight. We had previously purchased upgraded seats on the Qatar leg of the flight, and despite their cancellation, nobody at Qatar customer service has refunded us. I've called multiple times and emailed customer service 3 weeks ago with no response. "
533,"✅ Trip Verified |  I flew from Toronto to Montreal to catch the Qatar Airway flight to Doha. In Toronto I was told that the boarding pass will be given in Montreal. When we arrived in Montreal there was no one to receive us at the gate and we were stopped at the gate that goes to the international boarding. After much discussing with security they opened the door to let us in to the departure check in counters. Qatar Airways staff were not aware that passengers from Toronto were stranded, but they check us in quickly and we went for boarding. The flight to Doha service was terrible, the food was very poor and we were served the second meal 8hrs after our first meal, with no snack between. The next flight to Goa was the same type of service. On the return flight though from Goa to Montreal was much better. service was better."
534,"Not Verified |  I was very impressed with every aspect of my flights and I will fly again on Qatar, rather than my usual airline out of Australia. The service, food ,cleanliness and aircraft were excellent. The QSuites were luxurious and so comfortable for sleeping. I am a solo flyer, and not so young any more. I felt safe and cared for the entire trip. I also used the Al Maha transit assistance which was brilliant."
535,"✅ Trip Verified | Doha to Jakarta. I don’t understand why in Doha the airplanes have to be parked so far away from the terminal. The communication of the ground staff with the bus drivers was not efficient and clear. Extremely friendly crew, very attentive to Privilege customer and very helpful with a fragile piece of luggage."
536,"✅ Trip Verified |  Great service at the Business/Privilege check-in counter and very helpful with fragile item. Boarding started 10min. late, reason unknown. Crew very helpful and friendly again."
537,"✅ Trip Verified |  Overall very well managed flight with friendly staff. There was a medical incident (passenger lost consciousness and was administered oxygen), which the crew managed well. It doesn’t need 3 crew members to assist someone in that state (I’m saying this as a first responder myself)."
538,✅ Trip Verified |  The service on Qatar Airways is excellent. I have flown with them several times and they have never let me down. They are consistent in maintaining high quality standards. Their cabin crew are the best. They treat all passengers with polite humility and they make you feel welcome on their aircraft. The aircraft itself is very comfortable and clean. They really deserve their award as best airline. I look forward to flying with them again.
539,"✅ Trip Verified | We've traveled from Johannesburg to Istanbul in April 2022 and again from Johannesburg to Bangkok in May 2022. In both occasions we purchased pre paid seats. We have a specific place where we sit on the plane. Both cases we purchase business class seats. When we checked-in, in Johannesburg OR Thambo we were informed that our purchased seats were no longer available. This happened on both our flights, for Istanbul and Bangkok. We informed Qatar Airways about our disappointment and find it unacceptable to pay for seats and don't get. They said that they would refund us for the seats that we did not receive. We informed them in May, when we were back in the country. It has been 6 months now and still haven't received our refund. I tried several times calling Doha headquarters, but no one can help me. They keep saying I should contact Customer Support. Then I got a reply in 28 August 2022 and said that I should re-do the online account application, which I did the same day. I informed Customer Care that I did the application again, but since the I haven't received anything from Qatar Customer Care Service. I called Qatar Headquarters again in Doha, but yet again they can't help me. Just said I should send an email to tell us at Qatar Airways. For a 5 Star Airline they have the worst Customer Service. They are fast to sell you their product but they have no after service. They trick you to pay for seats, but in the end you do not get it."
540,"✅ Trip Verified |  London to Melbourne via Doha, our flight was late leaving London and as a consequence missed our connecting flight. 2hr time layover, Qatar did not hold the flight for us. As a consequence we were stuck in Doha airport for 20 hours and then had a 15 hr economy flight. They made us wait 4-5 hours for a hotel. I will never fly with them again."
541,Not Verified |  Excellent is word when it come to fly for 15 hr journey from Doha to Miami. Jolina was there on the flight and she really took good care of me as i was on my veg diet. She make sure i am having my special meal on time and if i need anything else she was happy to help me with the smile.
542,"✅ Trip Verified |  Ground Staff at Heathrow were very efficient. 10 min Check-in process with COVID-19 documents checked within the line so you are ready when at the actual counter. Boarding process was also very smooth. Even though Heathrow's facilities do not facilitate a smooth boarding process. The flight took off on time, Seats were very comfortable and massive amounts of legroom. The IFE's screens were responsive and easy to use - Meals were a lot better thanks to the new Qcuisine services (I flew Emirates the week before and it was a lot worse). Landed in Doha on-time where I took the opportunity of grabbing myself a dinner and shopping from Qatar Duty Free, (10% off for QTR customers) - The flight to Islamabad was also boarded on time, not as smooth but that is more to be blamed on fellow passengers who do not listen to instructions or even try following them. The flight was quite short. About 2 hours on a new 777. I was sleeping most of the time. Upon arrival in Pakistan the Ground Staff were also quite helpful (Not Pakistani, the Qatari staff) assisting to all passenger concerns in baggage claim. I will be flying Qatar again next week to Gatwick via Doha - Qatar has always been excellent in the 50+ flights I have taken with them. Never fail to impress me. Thanks to Qatar Airways. And all cabin staff on QR4 (04/09) & QR614 (05/09)"
543,"✅ Trip Verified |  I am a Platinum Member of QMiles and Emerald on the One World Alliance and have flown a lot on Qatar Airways. This year their catering service has been declining steadily and they need to sort this out, on this flight they had lobster thermidor, lamb chops and a weird vegetarian option , and by the fourth row in business class they had run out of the lobster. Our aircraft was a 12 year old 777-200LR these planes were meant to serve the DOH to AKL route which I flew on back in 2017 and the proposed Doha to Santiago de Chile route which never materialized, the plane was recently refurbished with QSuites but the WI-FI was very very patchy, The cabin crew tried their best but the plane was very full and were under a lot of stress. The snacks they offered were comparable to a less than two hour flight on a a domestic US route, a bar of chocolate or a pack of chips, the catering is deteriorating."
544,"✅ Trip Verified |  Check in was a breeze and then a long walk to the lounge. Once there it’s like dining in a private club, service was first rate and the cook to order menu was truly fantastic, due to the late departure I choose to eat in the lounge and sleep for most of the flight. Warm welcome on board and shown to my qsuite which I definitely prefer over their other products. Was given a welcome drink and pre ordered my breakfast with a request to be woken up 2.5 hours prior to landing. Breakfast was good but I have had better. Service is friendly and effective this is still one of the top products out there."
545,"✅ Trip Verified |  Flights to BRU-DOH-BKK all well, seats, check-ins. Travel back BKK-DOH-BRU was a terrible experience BKK-DOH an A330 which was overdue its age of retirement, impossible to make my seat screen to function, small leg space. The only good thing about this flight was the served sack served before landing. And the staff is always okay on Qatar flights. The transfer in Doha 2 times transfer by bus, very unpleasant. DOH-BRU on one of the terrible Boeing 787's too many people crammed in too small spaces, uncomfortable seats, and no leg space."
546,"✅ Trip Verified |  I flew on Qatar Airways on April 27th, 2022 from Seattle, USA to Doha, Qatar. After a 2 1/2 hour layover, I was to fly from Doha to my final destination of Amman. The flight from Seattle had a problem that prevented it from flying. We taxied back to the gate, and sat on the airplane for almost three hours while they fixed the problem. Finally arriving in Doha, nobody was at the gate to inform me where to go, or what to do.  I got in line for Qatar Airways customer service. Customer service didn't offer me a hotel, so I spent the night in the airport. I wasn't booked on the first flight out in the morning, but they rebooked me on a later flight. My hotel reservation was non refundable. I wrote Qatar customer service asking to be repaid for my costs. They didn't offer me any cash compensation. "
547,"Not Verified |  Only my second time using Qatar, first was in 2008. It is still good, but they have places to improve. First leg was great, and ground staff very accommodating to my need for an exit seat due to my height, really appreciated that. Seats are very comfortable and recline a surprising amount. I never am able to sleep on flights but I fell asleep straight away. Loads of great movies to watch, food was good, staff excellent. My second leg was not good, but only for one reason the food/staff. I requested a specific meal due to allergies, but it was not on the list or assigned to my seat. When they came round with the trolley I told her I requested a special meal, she almost didn't understand or know what to do, she said she'd talk to someone ... 20mins went by, no one spoke to me, so I flagged someone down, she'd forgotten. Then all of a sudden 4 of then scramble around and took them a further 25mins to put half a luke warm meal together, a bread roll and two cups of fruit. The attendant either was new or had no clue what she was doing. Even when I asked for a beer she started listing every other drink until I asked 2 more times for a beer until she understood. . I am flying with Qatar in 3 weeks time, hopefully this won't happen again. It is a great airline, but still some room for improvement."
548,"✅ Trip Verified |  Booked trip for honeymoon and purchased extra leg room exit seats. Our seats were switched to middle rows and not together. Qatar has no customer service, phone support says you have to talk to them at the airport, when you talk to them at the airport they say you have to talk to them at the gate, when you talk to them at the gate they say they cant help because you have to do it at the check in counter. Then they say they can only help you if you send an email complaint. I did that and 2 months later still no response. At this point just trying to get the money back from the ticket upgrades that they did not honor. "
549,"✅ Trip Verified |  Todays flight they ran out of meal choice and my screen continuously glitched even after hostess reset it. They didn’t have immigration forms onboard, which caused bottle neck in the airport. Previous flights they ran out of drinks after first round and were flustered running out of food so compensated with chocolates and chip packets."
550,"✅ Trip Verified |  Flew Bangkok-Doha 11 Sept. 2022 on the flagship of the skies, the A380. Check-In smooth. Lounge in Bangkok downgraded to become the 3rd party Miracle Lounge, which at a first glance appear nice but de facto is fairly useless and sterile. No bar, no soft chairs, outdoor area closed off, food is lousy, no music, no wines, no personal service nor attention. Boarding smooth and from jetbridge. Onboard, got an excellent, priority seat on upper deck which rendered a premium feeling. Got a lot of attention from FAs who recognised my gold-card status, treated me with respect, pleasure, provided options and recommendations on food and drinks, and went beyond their mandate to please me. I brought own wine-glasses to avoid drinking from plastic mugs – this is the faith of travelling economy. Wines and food was good. Its much better to depart early evenings more than after midnight as you are served proper dinner. Good IFE. Annoying safety video with Barcelona footballers has now gone on for 5 years without being replenished. Eternal charity calls on Educate a Child is inappropriate. Departure delayed 1 hour due to heavy downpour in Bangkok, causing ½ hour late arrival, which is acceptable. Luggage well-handled and arrived to final destination with their partner airline, Rwandair, without any issues. Lounge in Doha, Silverlounge, was acceptable, due to attentive staff and tarmac view. Ticket were not that expensive."
551,"✅ Trip Verified |  The lie-flat seat on Business Class made for a good night's sleep. The cabin crew were prompt and attentive with service and this was consistent throughout all legs of the journey, where snacks, water and other beverages were provided in addition to meal service. The amenity kit supplied by Diptyque Paris. Alcohol and beverage selection on Business class was generous. The IFE was very up-to-date with many of the latest movies from all around the world, no lagging or dead screens. Prices were reasonable and we were glad that none of our flights were subject to unreasonable delays and all of them arrived on time. I found  Doha Airport incredibly crowded. The lounges were full during peak transit time, and then magically empty out once outgoing planes have departed. Nevertheless, still a very decent option at such a price point. Certainly can consider flying with Qatar Airways again."
552,"✅ Trip Verified | Hyderabad to Atlanta via Doha. I traveled with my 86 year old mother. Qatar Airways staff made it extremely comfortable both for my mom and me. The staff were  courteous and caring, making our travel a breeze. I felt compelled to give a high rating for the flight comfort and staff's effort to make it even better. Unfortunately, the website was not user friendly to post the review there. Flight also arrived about 20 minutes earlier than the estimated time. Take-off and landing were very smooth. This is the 3rd time I am flying with Qatar Airways. They always made my travel very comfortable. Look forward to taking another Qatar flight real soon. Good luck to them and their staff!"
553,"✅ Trip Verified |  Morning departure from Charles de Gaulle the plane offered QSuites, the WiFi was working but barely. The service was lower than the normal Qatar Airways high standard but my food was awful. My Salmon was clearly farmed and my lobster was raw the only edible thing was the berries. How could they get it so wrong?"
554,"Not Verified | New York to Bucharest via Doha. On August 27, this year, I flew with Qatar from New York to Doha. It happened that during the flight, it was my husband's birthday, so I dared to ask a stewardess, if possible, at a certain time, to bring me two glasses of anything, so that I could wish my husband a HAPPY BIRTHDAY. The surprise was so big, both for me and for my husband, because I sent an improvised mini cake and two prosecco glasses."
555,"✅ Trip Verified | The entire trip was enjoyable. Boarding in Nigeria was hitch-free. Cabin crew attitude was excellent all through the flight. The layover at Doha, although long, was calm due to the airport aesthetics. Same can be said about the return leg of the journey. Overall, Qatar Airways is an excellent airline."
556,✅ Trip Verified |  I find Qatar Airways as pleasant as before this COVID-19 and since international travel is getting on the way of resuming its old speed still Qatar airways is fulfilling all the expectation.
557,"✅ Trip Verified |  Starting from the check-in at Tunis Airport Ms Nesrine welcomed me and my family with a big smile and she was very helpful asking for the travel documents. In 3 minutes, the check-in ended after registering our 8 luggages.  In the first flight, it was very comfortable and secure, the hostess were very kind. In Doha airport, the problem where we can take a rest of 10 hours.  The second flight were perfect too with a very good service."
558,✅ Trip Verified |  Qatar Airways business class is truly a flying experience. Very good crew and the head crew Michelle and her team Ashwini Bhise were excellent. I am a frequent flyer both in Qatar and Emirates but Qatar stand out in quality of service. the Transfer desk at Doha is very professional and dedicated team.
559,"✅ Trip Verified |  I would like to thank the Hamad International Airport and Hamad Medical Corporation about my medical health. I had a bleeding from varicose veins of right leg, immediately they took action and transferred me to the Hamad Medical Corporation with my sister and took care of the situation and they made sure I was stable and I could walk without pain. Thank you to all the staff at Hamad International Airport and all the doctors and nurses at Hamad Medical Corporation. Dr Abdul Jaleel Palakkunnummal Muhammed a specialist who took care of the situation."
560,"✅ Trip Verified | Vienna to Jakarta via Doha. Overall I had two very good long-haul flights with Qatar Airways. On both flights, the seats were comfortable, esp. they had enough leg space for me (175 cm tall), and both had a power socket available just below the seat. I reclined on the second flight only, and it felt like a standard, good recline angle to me. The service started a bit late on both flights well past an hour of flight. The food was rather mediocre this time, but I appreciated real cutlery and a good selection of drinks. Boarding and disembarking weren't that great because both times (actually four times) it was done with a rather crowded bus. On the second flight boarding early meant spending more time in a hot bus waiting for the remaining passengers to arrive. I haven't used an entertainment system, but I was impressed with the screen size and quality on the first flight. Sadly WiFi was available only on the second flight when I didn't really need it. I tried it because one hour of complimentary free access was advertised, but it didn't work for me. I could barely log in and after I still had no actual internet connectivity. This time I discovered that the Qatar app allows you to track the luggage, which given all the mess happening right now with lost luggage around the world was quite comforting to see that the luggage was actually loaded onto the plane. Sadly, the app is a bit quirky to use as the luggage tracking is not available straight from the booking and requires providing a booking number. Also on the second flight, my booking was not visible at all. It just disappeared."
561,"✅ Trip Verified | We got on a 4 year old Boeing 777-300 equipped with QSuites fully booked the seats are comfortable and operated properly and the WI-FI worked but Turkey does not allow WI-FI in it’s airspace so a good three hours was without internet, IFE was very good, the lamb chops were the worst I have had but the rest of the food was good. Service was barely acceptable but I will give them some slack with so many passengers but them letting children run riot in business class was unacceptable."
562,"✅ Trip Verified |  Delayed just under 3 hours taking off from Heathrow with no info. Missed my connecting flight with no support from Qatar Airways. I then get to my destination and no luggage, no response to my complaint, no reaction, no apology and zero sense of urgency. An utterly appalling experience."
563,"✅ Trip Verified | Islamabad to Manchester via Doha. Once again Qatar don’t fail to amaze me. Quality service from calling privilege direct number to change flight location and date, to check-in and Crew. Excellent manners and Qsuite clean and comfortable. First time since March 2020 travelled for work with Qatar and with loyalty shown to customers in extending tier levels since covid, this demonstrates customers aren't just a number. Well done Qatar."
564,✅ Trip Verified |  No doubt named the best airlines for consecutive years. The services are excellent and the cabin crew are very well mannered and friendly. Every time I travel to Asia it’s my first airline option to choose. Business class seats are good.
565,"✅ Trip Verified |  I enjoyed my flight to Nairobi on August 13 but returning to San Diego (the second leg) was disappointing. The crew for the leg from Doha to Dallas was underwhelming.  I did not get the cabin attendants name but she was inattentive and rude. I called for her via the light and each time I waited over 45 minutes and still had to get up w/ a 2 year old and go find her to get milk for him. The other guy working our side of the plane was the same. He walked by me multiple times while I had the call light on and did not acknowledge me. I do want to shout out a Qatar employee (I wish I got her name) but she was by the baggage claim in Dallas and she was so helpful. I was traveling by myself with a 2 year old and she helped to get my luggage and roll it to the re check bag area. I am so grateful for her. Also another attendant on my Nairobi to Doha leg, he was so helpful. Helped me with me bags and even had an airport attendant carry my bags and get me a ride to security. That was the service I was expecting on the Doha to Dallas leg."
566,"✅ Trip Verified |  Aircraft change meant that although I was still on an A350 this one was without the Qsuite which was a shame but seems to more common problem with Qatar. The family that was expecting a quad had more problems as one of the kids didn’t like sitting apart from the parents, which is one of the benefits of the product. Flight was really good with service by Gabriel first rate. Dine on demand is really good however as the flight lands at 9:30 in the morning a breakfast option would have been good instead of all being based around dinner. Selection of food good, flight comfortable, even managed fours of sleep."
567,Not Verified |  Onboard everything is great with Qatar Airways. Fabulous service and offerings. Thoughtful and lovely crew. The issue was partly not the blame of Qatar. Checking in at Barajas I had all the correct paperwork including the PCR test done the day before. They decided they didn’t like the document and that I had to have a last minute pcr at the airport. Luckily all ok but the result wasn’t enough and had to email it and it had to be read on a computer before I could board. All papers checked again at Doha resulting in flight being 2 hours delayed. I think it’s the Hong Kong arrivals that pushed It. On the flight extremely impressed. They switch aircraft type a lot which worked on my favour. I like the backward facing seat actually.
568,"✅ Trip Verified |  Qatar Airways uses the Boeing 777-300 ER on its Philadelphia route. The planes are not as modern and spacious as the A50s which used to be on this route. The planes are modern and clean with excellent inflight entertainment, professional staff and reasonable food. The inflight magazines, the fresheners and menus have disappeared due to the pandemic. But the food portions, although smaller, are reasonably tasty and the staff still keep the lavatories clean with good overall service.  Overall, good and professional airline with a respectable inflight product despite the pandemic related cost cutting."
569,✅ Trip Verified |  Cancelled my original flight (12h) booked me on a flight that I could not take (due to connecting flight) and when requested a flight of equivalent duration was told was not possible. The flight I was given had a 22h duration. Flights with less time were only offering Business Class. When I went to the airport and complained the assistant agreed that an 8.5 h layover is a bit too much and indeed very easily booked me on the morning flight from Doha to Athens on economy saving 8.5h of waiting. 
570,"Not Verified |  Cairo-Doha-Dallas The first flight was amazing. Even though it was only three hours long, the plane had screens on the seats, had a delicious meal service and snacks available if you ask the crew. They also came around with drinks multiple times and provided blankets and pillows. The second flight was equally amazing. It was 16 hours but it was very comfortable. They gave us 2 meals and 2 snacks and if you wanted more there were more snacks readily available. The screens had lots of movies, tv shows, games, and sporting events on them. There were also lots of drinks. Along with pillows and blankets they gave an amenity kit which had an eye mask, socks, ear plugs, and a tooth brush with toothpaste. The crew was really kind on both flights and asked if we wanted drinks multiple times. The wifi on both flights was the super wifi which was great if you payed for it (10 usd for the entire flight)."
571,"Not Verified |  My flight was from Beirut to Doha, when we reached here the bags where at belt number six but on the screen you can see so many flights on the belt! Anyways most of the passenger waited for more than 2 hours om the belt for the missing bags. Then we went to the office to apply a report. They checked the tag of the bag and everything related to the bag and they couldn't know where is it. The guy said it shows that its loaded but we cant find where it is. And they gave me a phone numbers to call but most of the times its busy. And when they answer they say will call you after one hour and no one called me and I still don't know where is my bag. "
572,"✅ Trip Verified |  I am very disappointed about my baggage. My trip was from Toronto to Uganda on July 4 . When we got in Uganda four of our luggage didn't arrive with us. I had to come back to the airport which is far and inconvenient transportation several days. I got my 3 bags in 12 days which is the day before the wedding. One of my bag is still missing. Today as of August 22 2022 I am already back from my vacation however I still didn't get my last bag and I didn't get an answer for that. I tried to contact the airlines they just keep giving me different numbers and told me to contact them by WhatsApp, but its all helpless. "
573,"✅ Trip Verified |  On my journey to Male from Doha I was bumped to a 1.30am flight. It was a 2 2 configuration on an old plane. A gentleman was next to me, he laid down went to sleep. I could only get to the toilet if I woke him. The entertainment was poor and my food was poor. On my return journey from Doha to Manchester I was put in seat 6F a Boeing 787-8. Seat 6F was just in front of economy with a curtain and next to the toilet. The rest of the business class were separated from me by a walk way. All the economy passengers streamed pass making comments. The steward couldn’t care less. The toilet was in constant use by business and economy. My food was poor again, mind you eating next to the toilet didn’t help. Sorry Qatar very disappointed."
574,"✅ Trip Verified |  I and my son boarded Qatar Airways from Entebbe via Doha to Madrid. The services that we received on board the flight from Entebbe to Doha were terrible. The staff assigned to serve our section skipped us every time food, drinks, snacks were being served. This was quite embarrassing as I raised my hand when he skipped us so as to get served. When we were almost getting to Doha I raised up my hand and another staff responded. I explained to him the ordeal, he looked so apologetic and offered to serve us anything of our choice. My next flight from Doha to Madrid was the best despite that we lost our luggage for after 4 days."
575,"✅ Trip Verified |  I and my son travelled from Mumbai to LA via Doha (Mum to Doha & then Doha to LA) on 6th Aug'22. This was a personal trip. While I have been to US several times over last 17 years - for business as well as personal trips, it was a first trip to US for my son. My son will be pursuing MS at USC in LA and hence he needed extra luggage allowance. My past experience with Qatar is the primary reason I booked our flights with Qatar, though it was not the cheapest option. I wanted to make sure that, even if I had to cancel my travel plan at last minute, my son will have hurdle free journey. However, I was happy that I chose Qatar Airways. Every stage - flight booking, seat & meal selection, check-in, in-flight exp, meals & snacks, in-flight entertainment, baggage handling - was a pleasant experience. Qatar provided extra luggage allowance as student allowance to my son. Qatar also provided full-flight complimentary wi-fi to him as a student offer. We are vegetarians. Almost all airlines have vegetarian meal option but a handful provide good quality and tasty veg meals. Qatar veg meal was excellent. So was their choice of snacks and beverages. Staff was polite and friendly though we were in Economy. I have noticed a stark difference in airline staff behavior when they deal with Business versus Economy class passengers. Even in Economy, their staff was cordial and caring. There were several passengers with variety of queries ranging from meal options to why satellite-based wi-fi was not working at certain times. Staff was answering and helping passengers with genuine interest. A couple of suggestions : 1) Qatar should consider waiving off seat selection fees for middle seats. I had to pay for it as I wanted to make sure I travel together with my son 2) I am not sure if Qatar provides confirmation notification about successful luggage transfer in connecting flights. If they don't then they must consider providing this notification as it will serve as a huge relief for the passengers that their luggage is not left behind. Some other airlines do provide such notifications either via their app or SMS."
576,"✅ Trip Verified |  One day before boarding I checked on their web site and it stated QR947 will have Qsuites which was not true actually it was one of the ex Cathay Pacific aircraft they bought to cover the shortage of equipment they are suffering from the A350 groundings. They did not have WiFI, the service was alright and don’t get me started with the catering it was inedible neither the appetizer nor the main course or the dreadful crumble dessert which has so much sugar to mask it’s shortcomings, the main course which was a prime rib was so over cooked and dry, the tapas was poor ingredients. The IFE was outdated that I had to revert to my iPad."
577,"Not Verified |  Our initial flight was cancelled and we were rebooked 24 hours later. We did get put up in a hotel but had to stand by the customer service desk for 4 hours for the transfer. The flight we were transferred to was a 3 stop Qantas/BA flight - we had originally paid extra for the 1 stop flight. The new flight time was 37 hours and on top of that it took 3.5 hours to check in at Manchester for a 45 minute flight to London. We have since submitted a request for compensation for additional costs which includes the extra we paid for exit row seats on our Qatar flight which we never got. Trying to get updates on the compensation request is impossible, you just get another automated message if you email, the customer service phone number team says it’s not their department and they can’t help, the online chat team says it’s not their problem, they can’t help and tell you to wait - when you ask for an escalation point they shut down the chat. It’s now 5 weeks since the initial submission and no update at all."
578,"✅ Trip Verified |  Booked biz class and paid for seat reservations. No problem on fist leg but on checking in online noticed reserved window seat changed for one on the middle on the 2nd leg from Doha, no choice offered due to plane type change. Went to check in 5 hours early as could not get through to them, got the last window seat. So applied for a refund of the 2900 baht as they had not given me another window seat when they could have or offered me a choice. First they said I would get the refund in 28 days, then after a few weeks said no as the seat I did get was similar to the one I paid to reserve. Don't waste money reserving seats as they can change it and you do not get what you paid for. "
579,"✅ Trip Verified |  They cancelled my initial connecting flight to JFK from DOH and insulted me more than assisted me. The representatives were very dismissive and one man even told me it was foolish to have boarded the flight in Nairobi to DOH, despite being told there that this was the best course of action. I asked about my ticketing options and after a very long wait I was ticketed for a flight to Amman where I would catch my transfer to JFK. I just had to wait for 5 hours, which I did. I asked for a meal voucher and was given the minimum voucher. I was able to eat a burger at Burger King and that cashier, Apple, was the nicest person to me of this whole experience. I went to the gate and my flight to Amman was delayed, meaning that I would miss my connection to NY. I went to the gate representative and asked for assistance. A manager came to meet me and said he would help me get the flight to JFK. He said the flight was fully booked but I would be on it. I was then brought to the quiet room and assured that they would come for me once I was ticketed. I slept for 2 hours and went back to the desk asking for an update. They said the flight to JFK was delayed and they would need to find another alternative. I asked if I will be upgraded for my trouble, but this was not possible."
580,"✅ Trip Verified |  I had a horrible service due to poor handling of my delayed baggage delivery to my destination. The airline failed to deliver my baggage with delays of 5 days and counting. The staff were uncommunicative, and didn’t show any care in trying to track and expedite my baggage. I am disappointed and completely frustrated with Qatar Airways service."
581,"✅ Trip Verified |  Worst service and communication I've ever had to deal with. Was 2 days of utter hell. Arrived at Warsaw 3 hours early for check in, to find the flight was delayed 3 hours. The app never had my flights on it and constantly had to keep adding it. Doha a flight was changed with no communication again and changed seats without communication and at check in it was an ""oh sorry you just have to sit there"". On the website it shows in case of a delay there is a claim process which apparently their staff don't know about and are trying everything in their power not to process. Bottom line is that they are an extremely incompetent airline."
582,"✅ Trip Verified | I have been a strong supporter and promoter of Qatar Airways up until this past return flight that my wife and I took from Doha to Athens (28th June 2022) and return (27th July 2022). The outbound flight crew were awful and the cabin service was poor, the crew appeared tired and 'hassled' and were not at all friendly. They did not appear to be fully trained as the usual and past cabin crew have always been, the food was really poor and tasteless. We took advantage of an upgrade offer (QR3900) for our return journey to Doha hoping to enjoy a better quality service upon our return. It proved to be anything but. Firstly the Business Class Lounge catering to Qatar Airways Business Class passengers was closed? We went to other lounges but they were full and would not accept us, eventually we found a lounge that did offer us seats in their reception area. The snack food was truly below par, so too was the extremely poor selection of beverages. We boarded on time and the crew were definitely better and friendlier than our outbound flight, the menu appeared OK but when the food was served it was not up to the Airlines usual standard. I had only a mouthful and could not eat the rest, the chicken that was served to my wife was overcooked and extremely tough. So from a clear '10' that we would rate on all of our previous flights with Qatar Airways our rating on this recent experience would be 4/10."
583,"✅ Trip Verified |  Qatar Airways had amazing customer service from start to finish. I’ve never experienced anything like it. Qatar Airways took care of me extremely efficiently, thoroughly, and respectfully. Not to mention they will give you a full refund if you cancel your flight 3 hrs before no matter what (I never buy the insurance so I assume I would never get $ back but they were just like yeah full refund no questions asked). This has been a breath of fresh air, thank you."
584,"✅ Trip Verified |  Cabin crew were amazing. In-flight service is the best I've had so far. Food was good and cutleries clean and neatly wrapped. Aircraft looked really new and clean. Seating was quite comfortable. Overall, I had a pleasant experience flying Qatar airways and would gladly choose to fly them again"
585,✅ Trip Verified |  The Qatar airways experience was fantastic. The stewards / stewardesses were exceptional eg Aman from Doha to London & Aarti from London to Doha as well as the others (can't remember their names). The food was phenomenal and the service was par excellence. Already booked from Durban to Istanbul in Oct for my 40th wedding anniversary. No wonder they have been voted best airline numerous times. Nothing was too much of a problem for the stewards & meals were served only when required. No carts being pushed around. Also minimal noise. The Q suites were brilliant.
586,"✅ Trip Verified |  We encountered a problem with the booking of our tickets which was overlooked until just before we were to fly. Initially, BA worked with us on the checkin which was great but the Qatar Airways staff at the Boarding Gate and check-in at Heathrow (London to Doha) were most exceptional. They understood the situation (the booking was mistakenly done in my wife's maiden name which not her current passport)- although we also her maiden name passport when traveling as it has her visa in it. The pressure and stress of traveling was taken away in an instance and we ended up having the rest of our journey stress free. In addition, the Qatar Airways staff at the Doha Airport smoothed our journey even more. On both legs of our Qatar Airways flights our 2 young children were taken care of immediately upon boarding the plane."
587,"✅ Trip Verified |  London to Doha was delayed at Heathrow. Finally boarded the flight and sat there for more than an hour before being told there were issues with the plane. Later deplaned and told another plane was being prepared. As we were trying to leave, we got told to go back to our seats and that they might have fixed the issue. More time has passed and we were finally told it was going to take off. By the time we had left Heathrow, it was delayed 5 hours. This meant I had missed my connecting flight to Sydney. On the plane, the entertainment system at my seat didn't work. The touch screen failed and I had to move to the adjacent seat that was empty and use that screen. Food was okay, inflight service was good. Upon landing in Doha had my boarding pass taken from me and given a new one. I was not given any sort of compensation to use a lounge, got told to speak with the transfer desk. The flight from Doha to Perth which I was being redirected to was delayed by 2+ hours. When I got to Perth, to my shock horror, I was put on Jetstar Airways instead of a partner plane like Qantas. The Jetstar plane was also delayed by 2hrs. I was supposed to arrive in Sydney at 6pm on a Friday, I arrived instead at 8am on Saturday. I was only offered statutory compensation after I have still yet to receive. I not received a refund on the upgraded seats I paid for but was not able to use because of the delays. "
588,"✅ Trip Verified |  I pre-booked the 16A for the seat for A350-900 with Qatar. I arrived counter in Rome and I was Informed the seat is taken by someone else and there’s no other seats available for the row of 16. The staff couldn’t solve my issues. I checked again with transit desk, none of them bother to look at my email but rather just telling me “sorry but all the extra legged seats are all reserved” Not to mentioned the supervisor kept saying “reserved is reserved”. That’s why I was trying to show the email to the staffs but they don’t care. I believe the confirmation email I received is valid to prove the seat is reserved for me. In this case, obviously it’s double-booked However, none of the we staff  managed to solve my issue. "
589,"✅ Trip Verified |  I had flight from Istanbul to Goa, but one day before flight company changed time of flight and in the end plane also was late and I lost my next two flights. I was at first in this kind of situation, didn't know how to get next flights and what's is with luggage. In this chaos between offices and departments in airport I lost my baggage tags. There were two suitcases. Qatar provided next flight, but with delay 20 hours which I spent in airport without any complaining and compensation. During my awaiting time they found just one of my suitcases and told me to fill application about lost luggage in final destination for second one and promised that it will be delivered during 2-3 days Any worries from my side I get used to trust people especially company with so high renting. I filled application for lost luggage after my arriving to Goa, but they didn't provide PIR code. More then 2 weeks they found nothing. "
590,"✅ Trip Verified |  This is first time I have flown with Qatar Airways. I have friends who have flown with them several times and they have always rated them well. New planes, comfortable seats, good leg room (for a 6 foot tall person), entertainment system and screen excellent, and the food tasty and at the right portion size. Cabin was fabulous lit with light purples and blues. Crew were efficient and courteous. Took off on time arrived early at both Hamad International and Edinburgh. Having done various routes from SIN to EDI over the 17 years, must say this was best flight. "
591,"✅ Trip Verified |  I had a two-part flight from Paris to Doha and then Doha to Tehran. The flight from Paris had almost one and half hour delay for which we had no clear explanation. With this delay, I arrived at the boarding for the Doha-Tehran flight 10 minutes before departure time, but staff did not let us board and gave us a ticket for 7 hours later. So we have to wait more than 7 hours in Doha so we can take our second flight. No apology or compensation was offered (apart from a free meal) and the only thing we can do is to send emails to Qatar Airways and go through a probably long and tiring path to register our complaint. "
592,✅ Trip Verified |  I was chosen for an Involuntary Downgrade to Economy class from business class for Doha to Phuket flight on July 8 because J class was oversold. Today I received email that I will be reimbursed 125$.
593,"✅ Trip Verified |  I missed my luggage at my final destination, Istanbul (SAW) airport due to my luggage mistakenly behind on the arrival date, 20 June 2022. The airline didn't manage to deliver my luggage until my return date, on 24 June 2022 and didn't contact or inform to me any update until I follow up or push them again and again.  I was unable to get any reimbursement for my unexpected cost on buying extra clothing or expenses. My luggage was found at Istanbul (SAW) airport at the end due to their update but couldn't manage to send it back to my hand yet. "
594,"✅ Trip Verified |  Fantastic experience with Economy class on Qatar SFO-MAA-SFO in June/July 2022. A350-1000 is one of the most modern planes in operation. The seats were very comfortable despite their thin appearance. There was no tailbone pain during the 15 hour trip from SFO to DOH. There was enough leg room in the first row after business class - Row 16. The best seats on this plane are 31A and 31K as there are no seats in front of them and you get a window too. The next best seats are 17C and 17H, those are aisle seats with no seats in front. Qatar' economy food was pretty good and sufficient. The AVML choices are offered in the standard menu so no need to order special meals. The quality of food was surprisingly good in all segments. Not too oily, spicy. Doha airport gets too crowded in the central area, which is the only downside in the whole trip. The service onboard was pretty good with the crew being quite responsive to your needs. Will not hesitate to fly Qatar again in future."
595,"✅ Trip Verified |  My flight to Istanbul via Doha was affected by the retiming of flight QR947 SIN-DOH from 2115 to 1035 on 2 June of almost 11 hours earlier departure timing from Singapore to Doha. The resulted in an extremely long layover of 17 hrs 45 mins instead of a planned and bearable 7 hrs 25 mins. It was during the course of downloading the QR App that we noted that the flight timing differs from the timing originally booked. We called Customer Service Hotline immediately to understand the situation and our options. However, we were only told to contact Qatar Airways Customer Care via portal/email. We lodged our concerns to seek alternative arrangements and or suitable recovery efforts at Doha Airport. To-date we have not heard from QR office despite 2 email reminders. Upon landing at Doha Airport, we approached Qatar Airways Transit Desk to listen to what recovery arrangements have been made for affected passengers. We requested for a ‘Flight disruption letter’ to facilitate any possible travel insurance claim. The Manager told us that no flight disruption letter will be issued from Doha as the flight disruption had taken place outbound from Singapore. However, this was inconsistent with what passengers were told when the same request was made at the QR check-in counter in Singapore ie. to be provided at DOHA. In relation to our request for accommodation / lounge access, the Manager explained that due to COVID reasons, no accommodation nor lounge access could be arranged for affected passengers. Giving the benefit of the doubt to Qatar Airways, the least one would expect is for the airline to mitigate the inconvenience caused through other measures. Instead, other than meal vouchers, none was forthcoming. We also note that some affected passengers were able to have lounge access or sleep pods at their own expense."
596,"✅ Trip Verified |  I booked a flight for October 2022 from Dubai to Chicago via Doha and Boston in Q-Suite. Qatar changed my flight several times and now I am flying Dubai-Doha-Montreal-Chicago, not in Q-Suite. The annoying part was, that my ticket requested me to pay for my seat assignment. Of course I expected Qatar airways that if they change my flight, they also change my seat to the new route/plane for the fee, which I had paid for the original itinerary. With every change Qatar made, I had to call customer service, explain my entire problem and have endless discussions about why I do not pay again for a new seat assignment, if Qatar is the one to change my flights. It was nerve wrecking, time consuming and straightforward unpleasant and annoying. As nice as their Qsuite may be, the changes are horrible. And even though I am already on my way to Platinum status, this was my last booking with them, as I am fed up with an unreliable company. "
597,"✅ Trip Verified |  The first leg of my journey was from Melbourne to Doha night time flight and I was hoping I’d get a few hours of sleep to help with the jet lag. The lounges at Melbourne were great, food was good and very friendly staff. After a relaxing wait I went to board and I was lucky and fortunate enough to be upgraded to business class (much to my shock and surprise) I was speechless. Once I had boarded the plane I was amazed at my surroundings, I’ve never experienced anything like this. The Air hostess was so good, friendly and really made my experience extremely pleasant. Everything about this leg of the flight was perfect - I slept in absolute comfort, the seats reclined so I could lay down, the service was incredible, the menu had a variety of choices and the entertainment was excellent. Quite simply, Qatar airways have a customer for life and they are the best airline I have ever used, I cannot recommend highly enough. Thank you so much Qatar Airways for making my journey one of the best experiences I’ve ever had in my life and I’m still smiling today."
598,"✅ Trip Verified |  Check in at Bangkok airport was swift and efficient, despite a folly booked A380. It was disappointing that Qatar seems not to re-open its flagship lounge at BKK airport after more than 2 years of closure. Does not make sense to use a very mediocre Miracle lounge since number of flights are back to pre Covid, and airfares about 40% higher in comparison to pre Covid times. Flight was uneventful, food was nothing to shout about. Champagne was uncoiled, red wine was ice cold. I was glad that my flight from Doha was from B2 gate and not the usual bus station like E area. I could not be more wrong. They used an empty airbridge gate and used buses from there. The worst part was to sit in an very hot aircraft with an open door on the tarmac with a very weak aircondition. Generally, Doha Airport has lost its advantage over other airports and is the weakest part of the overall experience while flying Qatar. The flight to Warsaw was good, with better service and food in comparison to my first leg of the journey. There are no more amenity kits for Doha to Europe flights. When I asked about it, I was told that there are no more kits for flights below 6h. Both of my flights were 5.5h; but the BKK to Doha sector had a lovely amenity kit. Overall ok flights, but Qatar lacks consistency, and the ground services in Doha are getting worse. I was lucky enough to have good seats on this trip; not Qsuites, but not the dreaded 2-2-2 configuration."
599,"✅ Trip Verified |  I fly with Qatar Airways every month. Credit where credit is due they are by far the best airline in the world. Staff are excellent, tentative onboard and at checkin. The seating is very spacious, food is of a high standard and inflight entertainment excellent. You can’t ask for anymore from an airline. I’m in the T4 frequent flyer lounge at Heathrow and WOW Thank you"
600,"✅ Trip Verified |  The fare was through the roof but we had no choice as no other airline serves the route except Etihad and their connection times are ridiculous. The flight was on an older A350 and the age was clearly showing, the cabin staff seemed stressed and the food was limited for choice. No QSuites just the old configuration the airline is stretched because of lack of equipment. "
601,"✅ Trip Verified |  Manila-Doha in business class, Doha-London Heathrow Economy QR 9 on A380 (4/7/22) My first time flying economy in so many years and I thought I’d leave the Doha to Heathrow as it was. I was able to upgrade my Manila to Doha flight but not the Heathrow leg. Business class from LHR-Doha-Manila were all in the comfort of Q Suite. Business class on Qatar Airways is beyond expectation and the crew were all excellent until I flew on their economy. I felt that one of the crew was quite rude and obnoxious and tried to tell me off for taking a video and demanded that I’d delete it. "
602,✅ Trip Verified |  We traveled as a family from US to India and back. I have to acknowledge that we had a pleasant trip both ways. The customer care was beyond excellent and the cabin crew were the most respectful and friendly staff we have ever met in all these years of our air travel. The food was absolutely incredible and the choices were simply amazing. The Hamad international airport is simply awesome and the best we have ever seen! We did not even feel that we had a 15 hour flight - it was that comfortable and relaxing! The one minus point was the crammed aircrafts from US to Doha and Doha to India (Boeing 777-300ER). It was very congested and crowded.
603,"Not Verified |  Comfortable flight though the rising ticket price makes this route is extremely expensive. The check in in Jakarta was really smooth and fast because I was doing online check in before. The flight got delayed for 1 hour but still managed to arrived in Doha on time. The food is good compared to other gulf carriers, I'm amazed that even in economy class they provide some options for the passengers. Free alcohol is provided during the flight. the entertainment system is also okay. the only critics is the seat in this type of aircraft is somehow really tight for a a long flight, when there's IFE box underneath the seat it makes your space for legs even tighter. The crew was also fine."
604,✅ Trip Verified |  The flight crew were so professional and respectful. I have flown for the last 10 years but that was the smoothest flight I've ever experienced. The pilots were just top notch. The descent was so smooth. Touch was even better. Kudos to them all.
605,"Not Verified |  Frankfurt to Brisbane, transferring in Doha, Qatar. (30/06/2022) Due to a delayed arrival in Doha our bags did nor arrive at our end-destination Brisbane airport. Since we have arrived in Brisbane, we have tried to contact the airline in every possible way. Still, we have not been able to reach them after one week of lost luggage. We have not received one single update since our luggage got lost, although the baggage service assured us it would take maximum 72h until our luggage will be sent to us. Also claiming our lost luggage directly at Brisbane airport baggage service and filling out all the necessary paperwork has not helped us in any way. Now that 1 week has gone by without a single mail from Qatar to update us, our patience is at its end. "
606,"✅ Trip Verified |  I found the seating on their B777-300ER to be extremely uncomfortable (17 inch wide seats crammed in a 3-4-3 configuration) with worn out seat cushioning and cramped leg space with the most unfriendly, inattentive, and careless cabin crew I have experienced. Another disappointment occurred when they tried to cancel my wife's business class ticket without notification. When I called, I was lied to and told that the flight had been cancelled due to operational issues, but when I asked them how come our coach tickets on the same flight were not cancelled, they could not explain. They cancelled and re-booked my wife's ticket in excess of 6 times requiring me to spend hours upon hours on the phone with their Customer Service Center in Doha. This went on and on for 5 days until I was finally able to rescue my wife's original itinerary for the alleged flight that had been cancelled (QR 726) but was now somehow reinstated.  And even when they tried to make amends and promised lounge club passes for my family upon arrival in Doha, upon arrival there were no club passes nor any entries in the PNR record locator.  To say that my experience was underwhelming is an understatement."
607,✅ Trip Verified |  Almost everything is perfect. Flight from Bangkok to Doha was delayed for 2 hours but on chekin we were offered food vouchers. Great experience over all. Definitely will choose again to fly with Qatar Airways.
608,"✅ Trip Verified |  Flew Philadelphia to the Maldives with a layover in Doha roundtrip in business class. The flights meant to be with QSuites, but due to last minute equipment changes, 3 of those flights did not have QSuites. Still, the service, food and seats were enjoyable. I was pleased the final flight from DOH-PHL was equipped with Q Suites. Really nice product. However we boarded late, sat on the plane for over 2 hours prior to takeoff due to a “cargo issue”. My flight attendant was forgetful and failed to bring half my meal, the coffee or cheese plate I requested, pajamas. The flight attendant on my husband’s side was great though. Our bags never made it out of Doha. The agent promised my bag would be delivered to my home the following day. However the bag never showed up. I sent a message through Twitter and was directed to contact the baggage dept via WhatsApp. Still no response 28 hours later. I went back to Twitter and was then directed to contact baggage dept through the “live chat” which is a joke. 27 hours later and still no response. Back to Twitter and was told “these things take time”.  So nobody will tell me where my luggage is, how to submit for reimbursement, can’t get a response from any of the relevant channels, can’t speak to a live person. "
609,"✅ Trip Verified |  Our flight from Amsterdam (1-July) was 3 hours delayed due to staff shortages in Amsterdam  airport security. Upon arriving in Doha on the 2-July, we had to quickly transfer to our connecting Perth flight. We were assured that our baggage would make the flight . When we arrived in Perth, our baggage was not there. We made a claim with the baggage handling service (Menzies). They said they would email us the next day - this never happened. We made a similar claim with Qatar but their lack of response with dealing with our missing baggage has been terrible. After 3 days Qatar has not been able to locate our baggage or supply the last known location. The baggage department does not answer the phone, their email, or their WhatsApp chat function. We have no idea whether we’ll ever see our baggage again."
610,"✅ Trip Verified |  Our flight was delayed from Kuala Lumpur so we had to transit for more than 24 hours in Doha. The airline did not inform us we had to apply for visa and so we wasted almost two hours trying to apply online. They gave us a three star hotel to stay in and bus for airport transfers during our unwanted stay in Doha. Cabin service were ok. I was travelling with family (my husband, daughter and I), but only two of us was in business class due to limited seats availability. We couldn’t enter the Al Mourjan lounge as a family. "
611,"✅ Trip Verified |  The flight itself was fine however dealing with our baggage which they lost has been absolutely terrible. When we arrived at our final destination our checked baggage (along with 25+ other passengers) was missing. After 3 days Qatar has not been able to locate our baggage or supply the last known location. The baggage department does not answer the phone, their email, or their WhatsApp chat function. When I got ahold of someone in the reservations department they told me “these things take time.”  We are extremely disappointed with the service from Qatar."
612,"✅ Trip Verified |  Staff were slow in response but friendly. The frustrating thing is that no one checked the hand luggage sizes. They were well over 7Kg and some customers had more bags then the one. The overhead lockers were very full. This meant I had to store my cabin bag (weight 5Kg) 8 rows away. Almost impossible to get to once we had landed and people were standing up. If you are going to police the weight of luggage, be consistent."
613,"✅ Trip Verified |  Very poor experience, delayed flight and missing baggage. I was told I’d be contacted but was not. I was given a number to call no one answered. Baggage is still missing for more than 72 hrs nobody has bothered to call and provide any form of reassurance. "
614,✅ Trip Verified |  My husband and I are flying back from Turkey tonight via Doha and Qatar Airways have seated us at totally different seats/sides of the aircraft. We checked in at Bodrum and had a connecting flight so we were issued with two tickets each. I did not check the seats when we got our tickets. The first short 4 hour flight was fine. We sat together and had a good flight. But once we boarded the long haul flight we were told to sit in different areas. 
615,"✅ Trip Verified |  My flight was delayed from Malaga airport traveling to Doha, they put me on a different connecting flight from Doha to IKA with over 8 hours of layover. When I arrived to Doha, the customer service didn’t offer me anything for this inconvenience. This is while the layover was from 12am until 8am, the worse time to stay awake specially with a shock of not knowing and being prepared. I have to mention that the flight and flight attendants were amazing but the airport staff were rude, not helpful and made me and so many other wait at the counter with no response for 40 min at a time while refusing to respond to our concern. I had requested a gluten free meal that I didn’t receive!  I’m sorry that such a good aircraft has such a poor customer service."
616,"✅ Trip Verified |  Breakfast was not served until 10 am so asked for a cup of tea at about 9 am to be told, no because service starts in 10 mins. 1 hour later still waiting. However the worst part was the layover in Doha. We are Qantas Gold members and were not allowed in the Business Lounge, we got the runaround and were eventually directed to a below quality lounge with inadequate bathroom facilities. "
617,"✅ Trip Verified |  Doha to London. This was my first experience of the Q-suite and sitting facing the back of the plane, the seat and amenities have been well reviewed by others my comments on this is that the quality of the seat is excellent the blanket is the good entertainment system is as good as others have found it and the in-flight service is up to their superb reputation. Regrettably the meal I chose did not match the presentation. "
618,"✅ Trip Verified |  After a somewhat disappointing experience in the Bangkok airport miracle lounge which Qatar Airways is using as their own lounge is closed. the experience on the A380 was really good. The A380 seat is excellent, the plane is quiet, and the service and presentation of food is at least as good as most five star restaurants can give you. I was given pyjamas to use on the flight, they were comfortable. The A380 has a very impressive lounge with very few people using it at the time I went which meant that the air stewardess who was on duty could take time to chat. The service was supremely good, dining was à la carte, so you could order what you want when you want it, presentation of the food was very nice indeed, the actual quality of the food was the only thing that let them down."
619,"✅ Trip Verified |  Flew CPH-DOH-SGN 22-23/6 on newer B787-800s. Award ticket. All flights on time, all luggage handled perfectly, labelled priority, and arrived quickly. Can't fault the trip anything and have to score it 10/10. Check-in in CPH quick and pleasant, done within Minutes, which gave me almost 4 hours in lounges as the many counters opens 4 hours prior to departure. I was given plenty of seat options as flights were full/about to be full. The Eventyr Lounge that they use is nice and improving, the view is gorgeous. Smooth boardings and deboardings, all on jet-bridges. I oppose the by far too early gate calls, 80 Minutes before departure in CPH, despite gate is only 3 Minutes away from lounge. Lounge in DOH has changed to the new Silver Lounge at B-gates. Its roomy and nice though 1-2 steps below the level of the Al Mourjan lounge – on the other hand it provides tarmac views as the only of its kind in Doha. Onboard, a breeze of service, FA attention, and recognition of status level. 3 hot meals offered from CPH, I tried 2 of them, they were quite good. Drinks rounds and offerings were plenty, incl sparkling wine on both flights. Last flight there were 2 hot breakfast option, I craved for a 3rd option and they managed to deliver it to perfection after only 20 Minutes additional waiting. Impressive on a full flight. Managed to sleep 3 hours on the last flight in an exit row seat with meters ahead of me for leg stretching. IFE was top notch with 150+ movies, the best I have had on any economy flight. Headsets provided, however, I used my own. Full ratings, and recommended, despite the airline is very conservative, but also predictable and reliable"
620,"✅ Trip Verified |  I bought 2 return tickets on Kiwi.com from Brisbane to Warsaw via Doha. We were supposed to have 2.5h layover in Doha going from Australia to Poland and 1h on our way back.  We were very happy that we found such connection. One month later, on  15th February we received a notification that our itinerary had changed, and the layover time extended by 18 hours and 20 minutes. Few days later, we received another e-mail informing us that our layover in Doha was extended to 20 hours 35 minutes. They did not offer a hotel room or anything,  as a compensation they offered us a meal voucher."
621,"✅ Trip Verified |  I want to give kudos to the Qatar Airways team for their assistance on my flight from Brussels Airport. The train from ZYA to BRU was part of the travel itinerary, where the train arrived later than expected. Qatar Airways check-in desk re-opened again and allowed me to proceed with the process. The horrifying passport controls with a very long queue were the main challenge. The flight was supposed to depart at 4:35 pm, and I only managed to went through the immigration at 4:28 pm. Qatar Airways personnel was waiting for me, and my 250 meters dash began with assistance from the ground team in Brussels airport. I made it to the gate and aircraft at 4:33 pm and the flight departed on time. Kudos to the ground team in Brussel and the Customer Service assistance."
622,"✅ Trip Verified | 2 flights, First flight No. CX9203 (Codeshare Cathay Pacific & Qatar Airways), from Hong Kong  to Doha on an  A350-900. It was very comfortable and very quiet, and the plane was modern and luxurious, the cabin crew was very good, but my food was not good. Second flight from Doha to Amman on a Boeing 787-8 . It was very comfortable, and the cabin crew was excellent and very friendly, and very helpful (amazing crew), again my food was not good."
623,"✅ Trip Verified | Check in went ok, boarding was well organised on the first flight in Brisbane but not in Doha. The Boeing 777-300 has a 3-4-3 layout in economy and it was full.  Qatar have a mask policy - however this mask policy was not implemented or enforced. It was mentioned once but staff did not remind passengers they should wear masks. As a result many passengers did not wear masks at all. In Doha the plane had to be reached via a bus.  On the first flight the crew was not very friendly. Food was delicious. "
624,"✅ Trip Verified | QR is our favorite airline and each step of travel is pleasant due to the amazing flight attendants. They were so accommodating and pleasant. They looked after all passengers with great attention and professionalism. We noticed on this flight a decline in the onboard service. No men's and women's sleeper suit were available. We found that our food in business class had dropped and was not up to standard. The main courses were arranged very poorly. No hint of fine dining, rather food in a canteen. The two desserts were very modest."
625,"✅ Trip Verified |  I started flying Qatar Airways last year. I have taken 5 round trips in the last ten months. I fly out of Atlanta. The first two times they used A350-900 non-Qsuite aircraft, both trips were great. From in-flight service to food, everything was top-notch. Then from my 3rd trip and on, they used the older 777 300ERs, they do not have the same seats, and the entertainment system and the screens are very slow to respond. The worst part is when you try to lay down; your feet are always dangling and not even with your body. It feels more like a long recliner than a lie-flat seat.  They offer newer 777s and some even with Q suites on shorter routes, I enjoyed when I flew from Doha to Istanbul or to Dhaka. Why not use these newer aircraft for the long haul flights such as Atlanta to Doha or Doha to Atlanta, where people really need their rest, considering these are 14-hour flights. Their catering service from Atlanta has gone down drastically in the past few months. "
626,"✅ Trip Verified |  My flights were on time. We were well received on board and warm welcome from Farangis and Karanveer, the service was great. The flight attendants were pleasant and efficient. The First class Lounge in Doha is very comfortable. Services start from the airport where you do check in in firs class private section, then to separate immigration section, then to luxury and big lounge where you can eat and relax, and end with very nice and luxury seats and services."
627,"✅ Trip Verified |  I flew from Amsterdam to Phuket (return Bangkok to Amsterdam) via Doha in Business Class. All in all a very satisfactory experience. Ground crew in Amsterdam did a wonderful job despite long queues at the security check. At BKK business class passengers could use the fast track through security and immigration. From check in to lounge in 20 minutes. I had 2 flights in the marvellous qsuite. It provides maximum privacy. The other flights were also very good as all seats provided privacy, sleeping comfort and aisle access. The cabin crew provided excellent service on all flights. It's was truly a premier experience."
628,"✅ Trip Verified |  Frankfurt to Doha provided a comfortable and service oriented flight. The only downsize was the poor quality of food in Economy. Transfer in Doha was easy, due to the Al Maha transfer service an lounge access due to my Platinum status with Qatar. There was a pleasant surprise at the gate, as I got an upgrade due to an overbooked flight. I love the herringbone configuration and the bar on the A380. service and food was impeccable on this flight. I would have given full rating, but can’t because of the  poor meal on the Frankfurt to Doha sector."
629,"✅ Trip Verified |  After departure they told us that they were out of Taitinger champagne, the main course I wanted was not available, she said you could have ordered your preferred meal before you flight. My diner was nothing specials, very small starter, main course was chicken with rice. After diner we didn’t see anyone until half hour before arrival. I bought wifi for $10 and that’s not a bad price but I expect free wifi in business class. At Doha we went to the lounge, we had to give our names and had to go in line until they call us to enter the dining area. On time we left to the gate to board our flight to Bangkok, at the gate they told us that there was a delay for half hour. Finally it took 1 hour and 45 minutes before we could board the plane without any announcements at the gate. Luckily the service on our flight to Bangkok was better."
630,"✅ Trip Verified |  Got a bit of a fright at check-in when staff told me I was booked to fly home from Hanoi but I was standing in HCMC airport. Originally booked from Hanoi but i changed departure point two days after i made the booking. I was sent a new e-ticket which confirmed from HCMC and seat number. Upon making the change agent was pretty clear that i should re-issue my ticket via an issue button on the website. Tried this over and over - error message every time. Called them and told problem fixed but I noticed several times that the issue ticket button re-appeared. Emailed Qatar as was concerned by this, they dodged my question. At check in desk was told to call Doha. Got cut off three times whilst being transferred . Fourth call, agent told me to log onto web and click “issue ticket” button, it didn’t work. Agent sorted it manually."
631,"✅ Trip Verified |  Booked a flight for my wife in Feb 2020 with QR using my Avios points. Then in April 2020, QR canceled the flight. When I attempted to rebook in April 2022, I am advised that my Avios points have been forfeited (208,000). Customer Service do not reply for 5 weeks and then refer me to the Privilege Club (of which I have been a member for 15 years). The Privilege Club refer me to the QR COVID policy on cancellation and then back to Customer Service. Whether a policy written by QR after the purchase of the ticket actually entitles QR to cancel my points is in my view moot. QR canceled the booking, then forfeited my points and gave me no notice of pending forfeiture (in Feb 2022). They restricted me to a two year window to rebook in circumstances where rebooking was infeasible due to COVID related travel restrictions. My point is why give a loyal customer the run around? It would cost virtually nothing in financial terms to restore the forfeited points and would retain my loyalty.  The is a critical review of Customer Service for an airline that in most other ways is excellent."
632,"✅ Trip Verified | I travel internationally several times a year but this was my first time taking Qatar Airways. I was impressed by the cleanliness of the two aircrafts used on this trip, the professionalism of the crew. The crew attended to all my needs in a pleasant manner. All these conditions made my long trip enjoyable. I will definitely take Qatar Airways whenever possible and I am already recommending it to family and friends. Keep it up, Qatar Airways!"
633,"✅ Trip Verified |  The customer service by all the staff was amazing. In particular I would like to mention Sophia who was so accommodating, patient and pleasant while dealing with the passengers. Each person is made to feel special. Would also like to mention Jaswinder, another lovely young lady flight attendant for the same reasons. When you see good service in-cabin it shows the quality of the management too."
634,"✅ Trip Verified |  What an experience flying with Qatar Airways, everything was handled so professionally and efficiently. Well done to both the airport staff and the air crew for making this without doubt the best flight experience in my 30+ years of international travel. The business class seat was fantastic with a great select of entertainment and cabin crew were very friendly. The star of the show for me was the quality and choice of food onboard, 5 star dining. I did markdown the Wi-Fi as I struggled to connect, I'm sure the staff would have sorted this had I asked. It wasn't an issue I was just happy to relax and enjoy the experience. I’ve had some dreadful business class experiences this year travelling to the USA with two different airlines, this has reinstated my faith that there are airlines who actually care about their passengers. Well done Qatar Airways."
635,"✅ Trip Verified |  I had the most amazing experience with Qatar Airways. I landed in Doha from Toronto and the Qatar staff made sure that the passengers knew where they needed to go and helped navigate the airport. The lounge was exceptionally clean, convenient and quiet. I flew on QR 534. Manasvi and Sharan, the flight attendants did an amazing job taking care of me on the flight. My experience flying with them for 3 hours was way better than the experience with Air Canada for 13 hours. Manasvi and Sharan both made me feel very comfortable and showed that they cared. Thank you!!"
636,"Not Verified |  Got best seat with my infant. Food was ok, They should give a little attention to the food. Today here give review about the wonderful service I got from the cabin Crew, Usman From Flight QR 723. The best I ever got from a cabin crew in flying life. Very helpful man, not only to us. He was very nice to all the passenger as well. I'm very delighted by his service, made me want to fly with only with Qatar Airways again, and also recommendation to my family and friend to fly with them."
637,"✅ Trip Verified |  The airline facilities were fantastic. It was my first time flying business in the Qsuite with Qatar Airways as I was travelling from australia to Europe. When waiting to board the flight there was no priority lane for business class passengers. Once I had boarded, I would have appreciated a better welcome and more information regarding the services on board. Unfortunately I was mostly ignored by staff when I got into my seat except when I had the do not disturb sign on. I was awakened as the air steward who he needed to know my meal preference. It was a 14 hour flight. I do not understand the urgency from the staff. It defeats the purpose of even having a do not disturb sign.  I was not offered any bedding on the flight. "
638,"Not Verified |  The first stretch of Bangkok Doha I had a one seater Q suite. Normally when I fly with my wife we ​​have a double Q suite (3E/3F) Now I had 1A. Flying in Qatar's Q suite is considered the best option to fly in Business class. When you then add the service level that the Cabin staff provides, I have a hard time finding anything to complain about. To be able to decide for yourself when you want to eat, I also find absolutely perfect on longer flights. All people are different I want to eat as early in the trip as possible while my wife wants to get her meal later. The section Doha - Stockholm was a more common type of seat configuration 1-2-1 The same nice cabin staff. Have flown a lot during my professional life (am now retired), have not found in recent years any airline that provides such a good flight (travel) experience as a whole as Qatar. They may not be the cheapest option but clearly an option not to be underestimated. Qatar Airways has always lined up if we have had any problems with my travel (both private and business travel). Already planning for our next trip and Qatar is definitely our main option for this trip as well."
639,"Not Verified |  Have now flown with Qatar Airways on several occasions, with positive experiences every time. They are efficient, friendly, helpful and always looking after the customer needs. Great service, people, food, facilities and customer care. Unreservedly recommended."
640,"✅ Trip Verified |  The flight was initially delayed due to issues at the airport. However, time were made up in the air and we landed as planned. The crew was extremely helpful throughout the night with water and drinks. Although we ate late the food has been incredible tasty. Thank you Qatar Airways for this memorable experience. I can now see why you are rated as the number 1 airline in the world. "
641,"✅ Trip Verified |  Best airline I have flown, the staff were so accommodating, obviously the food is different but very well presented and nice too. Thank you for being so considerate with me being disabled, the staff were fantastic, I will definitely be using your airline again as well as referring to friends and family."
642,"Not Verified |  It was my first time on Qatar Airways and in Business Class and I must say I have been very impressed. The Q-Suites are all what a traveller can dream of and the service has been amazing on every segment of my flights (Montreal-Cape Town via Doha and back). Food and drinks are available at all time and flight attendants are attentive to all your needs - there's not much more you can ask for. To boot, I had access to VIP lounges in every airport, so it was a very pleasant experience overall and I highly recommend Qatar Airways to every traveller, especially for long flights."
643,"✅ Trip Verified |  It was my first time that I flew with Qatar Airways and my experience was seamless and very good. The check in process took some time due to the extra requirements demanded by the destination however the check in agent was a lovely and nice lady. The boarding process was organized despite some impatient passengers. The ground agents directed passengers to the rights lines with their boarding zone number. I was travelling in Business class on both legs on a standby ticket. The first from Montreal to Doha and longest leg featured the Qsuite which is impressive and amazing. The suite is spacious and comfortable. The second leg to Phuket was the normal pod which is similar to different airlines but still good. The cabin crew on both legs were polite and friendly. I really appreciated how they going the extra mile with their service skills to passengers. The meals were tasty and there's a lot of options of meals, snacks and drinks. The washrooms were spacious and kept clean. The entertainment had a big selection of movies, shows and games. Qatar Airways is superior compare to European or North American airlines and a good choice for an airline."
644,"✅ Trip Verified |  Business class LHR-BKK, QR832 DOH-BKK, May 16 paid over 60 UK pounds for window seat reservation, changed to 10G middle quad seat without notification. Maybe different plane but why not change to another window seat when they were available. Did get window seat at check-in, seat controls were not working! I should get a refund on the cancelled seat reservation. Shambolic boarding especially at DOH with everyone waiting on the loading gangway for over 30 minutes. Food was the worst I have had on an airline, they seem to think lacto vegetarian is low calories vegetarian, the vegan option was inedible stodge. Staff were very nice."
645,"✅ Trip Verified | I have been choosing and flying with Qatar Airways at least 2-3 times a year and it has always been a great experience flying with them. Just a little bit disappointed with this specific flight, QR932 to Manila."
646,"✅ Trip Verified | Flights were on time and uneventful. But I’ve noticed that Qatar is unable to keep its quality edge over its competitors. It started at BKK airport where they use an inferior contract Lounge since they closed their own lounge indefinitely. The food on board was very mediocre to say the least. There is no more butter for the bread and the main courses were underwhelming in terms of quality and quantity. The beer I had was served at room temperature. The transfer in Doha was the usual chaos at the basement level. The staff wasn’t very friendly and the bus arrived at the aircraft while the aircraft was still being cleaned. We had to wait in a bus  for 30 min before being allowed to board. This wasn’t the first time I’ve experienced this communication chaos using the bus. All in all, I am not willing to pay a premium for flying Qatar anymore. The decline in service, the last minute changes in type of aircraft does not justify the fares it is charging, which is, especially in Premium well above pre Covid times. "
647,✅ Trip Verified |  New York to Kathmandu via Doha. Best airline and excellent service. Awesome food and great airline crew. I would highly recommend. Will surely fly again and will refer to friends and family.
648,✅ Trip Verified |  Excellent inflight service from Montreal to Doha and return. All of the cabin staff were very courteous and helpful. Overall an excellent travel. Thank you.
649,"✅ Trip Verified |  Due to not having PCR Test earlier on, we cannot get on our flight. We rushed for our test and it's scheduled to be out in 4 hours at Heathrow Terminal 5 London. We had no choice but to postpone to our next flight. After the test, we approached the Qatar Airways ticketing team and he cannot help us because we bought our ticket through the travel agent in our country. Some time later, we approached a different guy who was so helpful. I would like to appreciate Mr Inam (senior ticketing agent at Heathrow Terminal 5). He helped us thoroughly for more than one hour. Called to Doha, checked the time of our next flight and helped us to do the check in without any queue, and so on without additional charged apart from a fee for a different class of seat we got. We are so relieved and eventually we got on our next flight. He was extremely helpful. We are glad to meet the right guy Qatar Airways has placed on that particular moment."
650,"✅ Trip Verified |  I would recommend Qatar Airways to everyone firstly because they are willing to assist when needed and try to give you alternative options in order to satisfy you and help, secondly their cabin crew were amazing especially for long flights they give you the best services in-flight. Qatar Airways give you the maximum support regardless of your cabin class, I like Hamad international Airport, the seats were comfy. Hope they keep their excellent services high and meet the customer’s expectations ."
651,"✅ Trip Verified |  Sydney to Doha in February 2022. After being told I would be seated in an empty row by ground staff, I found that the row was not empty at all. I requested a paid upgrade to business at this point, and the staff refused. The staff were just so indifferent. My seat was the one right before the toilet, so that was gross in itself and getting any kind of rest on this  flight proved impossible. My food was quite gross, and was massively downgraded after it being quite acceptable previously. I had only traveled economy with Qatar before, and found it to be pleasant enough, but the quality on this flight had massively dropped."
652,"✅ Trip Verified |  Flew into AMS from LHR with my Older disabled Mum on BA flight, Due to staff issues, AMS was in total mess with 3-4 hours security lines, If we were to collect our luggage and check them in with Qatar Airways, we would have missed our flight to BKK. Had to fly onwards with Qatar Airways without our luggage. A lady called Lauren whom I believe to be the Assistant Station Manager at AMS airport, went out of her way in assisting us - providing personal assistant and making sure that our luggage were rushed to us in BKK the following day. Also A gentleman called Nabeel, a Premium supervisor at Al Safwa lounge also assisted us and made sure that our luggage were received well. People like Lauren & Nabeel are rare assets, QR should be proud & Lucky of having. Thanks to those amazing guys & the great others at the DOH airport & onboard who once again made flying Qatar Airways such an amazing experience as we have always know it to be."
653,"✅ Trip Verified |  Thiruvananthapuram to Doha was a wonderful journey with Qatar Airways. Service was beyond the expectation, even though i was a traveller from economy but it was a first class service."
654,"✅ Trip Verified |  Best ever experience, the cabin crew and service are exceptional. Everything super clean, food was OK. Previously I flew in Business Class so I have some comparison - generally best value for the money."
655,"✅ Trip Verified |  Staff are very helpful, friendly and efficient. Even the regular seats have plenty of leg room. Despite the delay in takeoff which caused missing my next flight the staff faced this issue with utmost accountability and apologetically so that I could enjoy the rest of my travel."
656,"✅ Trip Verified |  It was a very pleasant experience, starting from the Check in right up to the baggage collection. There was an issue with my boarding pass, which also was handled in the best possible and pleasant manner."
657,"✅ Trip Verified |  I travel in many airlines but the customer service of Qatar airways always stays at the top. The crew goes out of the way to help make the flight the least stressful.  I wanted to change the phone sim to switch to the US network. I did not have the pin to open up the sim tray. I requested the flight attendant, Mr. Rohit for a pin. He removed his lapel badge and handed it to me so that I could use the pin to open the sim tray. He could have just turned down my request. I was truly impressed by his readiness to help with a smile especially after a long transatlantic flight! Qatar airways can be proud of their outstanding crew!"
658,✅ Trip Verified |  I love the new seats by Qatar Airways ergonomical and comfortable for long haul. But I would like to give a special mention to the stewardess who attended me. I sat on seat 51C. She was Thai nationality  and her attentiveness and her service is beyond 5 star. She makes everything possible to make our trip back home memorable. So helpful and always with a smile from beginning to end of the journey. 
659,"✅ Trip Verified |  The service was good and the flight attendant was excellent. If memory serves, her name is Eman. She was an amazing flight attendant and she helped me a lot with my aunt, because my aunt needed some extra assistance and Eman was the one who helped her. Her service left a great impression on us which reflected on Qatar Airways in the end and made it as one of the best airways in the world."
660,"✅ Trip Verified |  I checked my suitcase in 2 hours early. Then the flight departed an hour late. Boarding staff kept us all standing around until 15 minutes before the flight was supposed to take off before boarding us. After take off it took staff 2.5 hours to offer me a drink. When we arrived an hour late at Doha, staff rushed us through to the British Airways connecting flight. I still queried how my baggage was going to be rushed to meet the connecting flight and was told it was being taken care of. I arrived this morning in London Gatwick to no suitcase.  I am on my knees praying my bag is found. There were several other people also with missing luggage. Very upsetting."
661,✅ Trip Verified |  B777 1-2-1 Q-Suite configuration. Cabin was comfortable but ageing. Inflight entertainment was not as good as previous system. Food was delicious and healthy. Cabin crew were very professional and attentive. Good product but the Q-Suite seems a little cramped. The lay-flat bed was comfortable but for taller people your feet are touching the inside when fully flat. Q-Suite provided privacy and comfort. Double bed configuration was great for family flying. They have removed aircraft cameras from the in-flight entertainment.
662,"✅ Trip Verified |  We chose to fly with Qatar Airways to the Maldives with our two young sons (5 and 8 years old). When we arrived at Heathrow we were informed our flight had only just departed Doha due to technical difficulties, which meant a 7 hour delay at the airport with 2 young children. We were offered a £40 voucher for the whole family for food and refreshments. We effectively lost a day of our holiday. When we booked our tickets, we ensured we selected flights which had a brief (< 2 hour) stopover in Doha and we paid a premium compared to options with a far longer stopover. Shortly before our holiday we received a notification of a change of flights which meant we now had a 6 hour stopover in Doha for the return journey - something we had wanted to avoid with our 2 young children. I contacted Qatar by telephone (no easy task) to request an alternative flight but this was not possible and no explanation was given for the change. On arrival in Doha, the Qatar Airways transfer staff were unhelpful and not interested in providing us with any lounge access to allow our children to rest (we were in Doha airport from 10pm to 4am local time). We tried numerous lounges at Hamad International Aiport and were willing to pay for access but nobody was able to help us.  We tried to reserve premium seats on some of the flights via the Qatar app, but each time we were unable to complete the additional payment. I contacted Qatar by telephone to reserve our seats but was told I was not able to do this because I booked through an agent (Expedia). I contacted Expedia and was told I needed to contact the airline to reserve ‘preferred’ seats. I contacted Qatar once more and spoke to a different associate who advised me that I could indeed reserve these seats after all. This whole process was convoluted and time consuming and a demonstration of the poor customer interface and lack of staff training. This was our first experience with Qatar Airways and will be our last. "
663,"✅ Trip Verified |  The change in aircraft, makes flying with Qatar unpredictable. I booked a Qsuite, but there was a change in aircraft type, and I ended up with a rather mediocre type of seat. My flight from Warsaw to Doha was ok in terms of food, but the service was not what I was used to. The inflight manager did not greet me as a business class passenger and Platinum member. There was no candle and no salt and pepper dispenser for my lunch. Also, no amenity kit for Warsaw to Doha flights. The Doha to Bangkok flight was better, with a caring inflight supervisor and better service. Unfortunately, I booked a seat close to the galley. The crew was rather lively throughout the night, which kept me awake. Considering that Qatar airfares are already well beyond pre-Covid times, and the fact that cost cutting measures are still in place (e.g. the apparently permanent closure of the lovely flagship lounge at BKK airport), makes me think twice before I book Qatar again."
664,"✅ Trip Verified |  The seats were comfy and the service during boarding was really good. However the moment the aircraft was in the air the service slowed down, and one needed to buzz them for service. I'm not sure what all the staff did back there."
665,"✅ Trip Verified |  The flight from Cairo to Doha was delayed 2.5 hours. The agent didn't inform me that they're going to re-book the second fright from Doha to Chicago to later time, making my layover 20 hours instead of 2:45. The agent at the boarding gate at Cairo assured us that we'll get accommodation taken care of once we arrive in Doha. In Doha, the customer service in the Transfer area was far from professional. They kept us waiting for 2-3 hours in the transfer area, and refused giving us any rooms claiming that Egypt is red listed due to COVID.  They refused to give us access to lounges to get some rest before our 15 hour flight. They said they're not responsible for what the agents said in Cairo, and they didn't witness the conversation.  3 meal vouchers were added to the boarding pass, two of them worth 30QR, and the third worth 60QR. "
666,✅ Trip Verified |  I have a excellent experience in this flight. The crew are very accommodating and friendly (Eloisa and Mohamad). Also thanks to Eloisa for referring me the mariner lounge.I have great time staying at Doha airport while waiting for my connecting flight.
667,"✅ Trip Verified |  Qatar Airways always deliver superb service. The service is the best, the food is amazing, and the new Qsuite is the best ever. I will highly recommend this airline."
668,"✅ Trip Verified |  I had a little problem at the check-in counter in Barcelona that was solved thanks to the attention and the comprehension of the ground crew. The pilots were great, nor only we took off on time but we also landed a bit in advance. The meals were worthy of 4* restaurant and the selected wine was perfect (as a French citizen, it makes the difference). The cabin crew assigned to my seat were great in dealing with my vagal uneasiness, they gave me a 5* service while I was feeling so unwell. I am looking forward to flying with them again soon. "
669,"✅ Trip Verified |  Overall experience was very disappointing. Both my flights to and from were delayed and made me miss my connecting flights. They gave my seat to another passenger on my connecting from Doha to Dubai, and the customer service counter was very unfriendly. I had to wait 7 hrs for the next flight, and all they gave was a food voucher for a food court."
670,✅ Trip Verified |  Every time I fly with Qatar Airways the service and quality of product just seems to get better and better. This flight from Sydney to Doha was no exception. The aircraft was immaculate and the staff (in particular Nisha who looked after me) were incredible. the food is exceptional and the service is to match. I cannot recommend this airline highly enough.
671,✅ Trip Verified |  High quality service and great dining options always make for an enjoyable flight. QR42 to Doha was no exception in this regard. I would highly recommend Qatar Airways who set the benchmark for premium service in business class.
672,"✅ Trip Verified | Qatar Airways set the standard for service and comfort with their Q Suite product. There is nothing like it in business class and faced with the long flight to Australia, there really isn't another choice. In addition to this the service is exceptional - the stewardess on QR904 made the journey so pleasant and looked after me (and the other passengers) with great attention and professionalism."
673,"✅ Trip Verified |  I am a frequent traveller and have had an opportunity to travel via multiple air lines, My tour on 12th March, 2022 with Qatar Air Ways flight QR070, was first one but was very best. I was first class treatment in an economy class cabin. The hospitality and co-operation from cabin crew was extra ordinary. Food was delicious, air craft was well maintained and facilities were impressive. The crew members were professional, organized and helpful."
674,"✅ Trip Verified |  I had a complaint, I initially contacted them via Twitter but, all I got was the same message back every time asking for details (which I gave, more than once) and they just followed up again, by asking the same questions. I booked 2 x Business Class tickets for my wife and I, Hong Kong to London via Doha) on January 22nd.  Hong Kong to London was successful but then Qatar Airways cancelled the return journey. The return was London to Hong Kong via Doha on March 29th. I called Qatar Customer Services Team to see what options we had to change the routing of the cancelled flight and / or get a refund and my call was handled by a lady who was poorly informed re any options, and was quite rude and eventually when I questioned her she hung up on me.  I requested a refund but no refund has been received. "
675,"✅ Trip Verified | London to Doha. This was my return portion of my trip so my flight was a BA flight number and I truly enjoyed the A380 experience. Even though the product was dated as it is the only aircraft type that Qatar Airways has first class on, but even business class is the old product but it doesn’t mean it is not good - it is better than most of the competition. The Wi-Fi was very slow and I did not use the entertainment system. The food was the best tasting and presentation I have ever had on any flight I have taken since I started flying in the early 1970s especially the scallops and ossobuco. The Caviar was more on the cheaper Sevruga type and the strawberry pie was masked with too much sugar to give your taste buds a chance to see it’s quality but to put an item on the menu as “Qatari grown chicken“ does not do any positive advertising for the country because it does not show these chicken are free range or organic fed or even antibiotic free - that issue has to be addressed sooner rather than later. The cabin staff were excellent."
676,"✅ Trip Verified |  Qatar Airways and British Airways flights between Doha and London are codeshared between the two airlines so I always book the the flights under BA codes even if I fly with QR because of the generous BA baggage policy. I wanted to take the opportunity to fly one the A380 as the were slowly taking to the skies. The first class on the Qatar Airways A380 is dated but very spacious and the washrooms are huge, the entertainment system was tripping throughout the flight, the cabin crew were very friendly. The caviar was good and the halibut was tasty but the portion was small. I also took the Asian snack close to London but it was bland and I just couldn’t eat it."
677,"✅ Trip Verified | My flights between JFK and Doha have been excellent service except for the rock hard bed. Surely a padded mattress could be available. Between Doha and Sydney on much older planes. My return flight from Sydney to JFK no lounges open in Sydney Airport and a $70 voucher to use but only two fast food places were open, the lounge in Doha full but a great shower available. Boarding had passengers herded into a small area with not sufficient seats and no boarding until the last passenger went through security. "
678,"Not Verified |  Excellent service by Ms Khusboo On Sunday 3rd flight Doha to Kolkata was delayed but it’s ok I had enjoyed my time at the airport. I have a privileges membership so I requested window seat & meal preferences but unfortunately, both request is not available and I understand. But Once I checked in on the flight Ms Khusboo support me with my handbag. My seat screen was not working and she offered me another seat. I highly appreciated kind of hospitality she followed up with small request highly appreciated."
679,"✅ Trip Verified |  Like many airlines QR charge for seat selection and lounge access. Yet having changed the first outward plane from the original booking 4 months earlier, my seat was changed from 2K to 10K. Although QR had my phone and email, at no time did the airline attempt to contact me. At the airport I refused to sit in the second cabin. It was only thanks to a member of the ground staff who persuaded someone in 3K to change with me. The lounge at BKK was not the Qatar Airways lounge but the miserable Miracle lounge. The flights themselves were vastly better with one exception. The seats are extremely comfortable and sleeping is relatively easy. The 777 and A350 had the Q suites. I enjoy these on the 777 but the cabin feels quite cramped on the A350. Meals were excellent but the movie selection was boring and seemed geared more to children. The one exception was departing EDI. With the cabin crew arriving late, we had to stand in line for about 25 minutes before boarding started. The three wheelchair passengers were naturally allowed priority. A few minutes later business class was boarded but with the wheelchairs  still at the end of the airbridge we had to wait another 20 minutes or so before they could be boarded. I looked forward to a hot towel and a glass of rose champagne. Quickly other passengers were being served while no FA bothered to take my coat. I finally had to ask to be served, being the last in the cabin to receive any attention. This was another disgrace as with glasses being quickly collected as the aircraft having started to taxi to the runway, I managed only three mouthfuls. I have taken QR several times on this route and used to enjoy it. Business class on all flights was full but that is no excuse for the problems."
680,✅ Trip Verified |  I believe Qatar Airways is the best airways with affordable price however they sell tickets with shorter layover and may change the flight layover time. They do offer cancellation options but that’s just the game.  I always try to fly on Qatar Airways but if it’s uncertain I will think twice before I buy it’s tickets again.
681,"✅ Trip Verified |  A last minute downgrade of aircraft. Almost all my Qsuite bookings over the last few years changed due to aircraft change to inferior business class seats.  On the ground in Doha all 4 flights used buses to and from the aircraft. It is not a big deal for arriving in Doha, but the departure area for remote aircraft is like always crowded, often no seats, shouting and screaming of gate staff, since no loudspeaker announcements.  I noticed this time a decline in onboard services, I requested not to eat, just to keep my glass of water full. This did not happen. On the 5hr flight from Doha to Warsaw, there was no set of earplugs in the kit, just socks and eyeshades. Catering was as usual very good, and they finally got rid of that bad safety video, which I had to endure for so many years. As a longtime Qatar Diamond to tier member, I have been a huge fan of the carrier, but I am concerned about the declining standards."
682,"✅ Trip Verified |  This is the first time that we have flown Qatar Airways in a premium class and what a treat. The first flight was business but was so comfortable with such excellent service, attentive staff and delicious food that it was like many other airlines first class. The short second flight was first class and I wished that it could have been just a little longer. The transfer at Doha was straightforward and although we arrived in Muscat very early in the morning, we did not feel the usual burden of travelling at all. It was definitely part of the holiday and we are looking forward to travelling to other destinations with Qatar Airways."
683,"✅ Trip Verified |  I wish to express our heartfelt appreciations to the excellent caring and professional service of Qatar Airways. On our recent flight on QR 853 on Wednesday 23 March from Kuala Lumpur to Doha enroute to Washington DC My wife was feeling quite unwell coupled with the late night departure. She tripped as she entered the aircraft. The stewardess caught hold of her and prevent her from falling and kindly walked her to her seat. Throughout the flight the cabin crew check on her! On arrival at Doha for our next flight via QR 707 to Dulles, a wheelchair was waiting for my wife at the ramp & she was wheeled to an electrical Vehicle that took us to the boarding Gate for our connecting flight The attention and care by the cabin crew and the ground staff was beyond what any passenger would expect. May I offer my deepest gratitude and appreciations to Qatar Airways and the staff that assisted us during the flight, Qatar Air have our votes for being the most efficient airline. "
684,"Not Verified |  I have flown with Qatar Airways many times the past year but this time it was my sons first flight abroad. The air hostesses really made sure that he being a toddler, was catered for and always checked up on him. He enjoyed every meal and treat that was given and the variety of movies kept him busy. I feel that being a silver member that my wife and son should receive the same access given to me."
685,"✅ Trip Verified | Q-Suite Quads. While initially impressive, of two minds. Foot well narrow for a taller person. As suspected, a little awkward if you cannot fully fill up the space (we were an adult family group of ""3""). On super long run DOH-IAD, middle aged man placed his elderly father in last seat of Quad then took the window seat nearby and closed the door and went to sleep. Dad became a tad agitated during the night, banging the walls and slamming the retractable ""wall"" up and down. I took care of my elderly parents so I understand. As cordial as we were, he was probably unnerved by the ""strangers"" around him. After checking on him, immediately notified an attendant and purser to wake the son so they could change seats. Eventually settled down but not particularly restful. Catering hit or miss (but premium wine cellar). Qatari farmed chicken ""leg"" (didn't specify that on booking menu) main truly disgusting full of bones and gristle. Turkish Airlines Business catering superior and consistently good. Flight attendants genuinely lovely and warm and enjoyed conversing with them though a few perfunctory and one of us always inadvertently got skipped for breakfast. They always tried to make up for it by preparing a nice plate from what was available but thought the service would be more polished. Would consider flying again if the price were competitive but all agreed, a tad overrated and and underwhelming experience (especially since they are constantly touting all the awards and accolades). Al Safwa First Lounge at Doha-Hamad Airport an oasis with stunning contemporary architecture and design."
686,"✅ Trip Verified |  Flew SIN-DOH and DOH-CPH on a new A350-900 and Boeing 787-9, respectively. The flights were on time and aircrafts were new. Qantas lounge in Singapore is good but close early. Referred to SATS lounge which is 2 steps down but still OK. In Doha, The Al Mourjan lounge did the morning job, and I got a nice shower. Boarding in SIN by jetbridge and later in Doha by queuing up and scrambling in bus to the remote aircraft. Was given a full 3-seats section on both flights to allow for stretching out. No dinners nor lunch was served onboard, only a sugarish mini-snack. Drinks offering is meagre, though a sparkling wine is offered in economy. Teas were good. Breakfast sessions prior to landing was good, I had a curry fish with rice. IFE top notch and easy to use. IFE world class, user-friendly, large monitors, touch-screens, plenty of new and old movie offerings, and headsets were provided. These days there is ample space in economy class while business appear almost full. FAs are plenty, they pay attention, though not overly generous with provisions. Recommend."
687,✅ Trip Verified |  The airplane was amazing. The food is the best food I ever had in an airplane. The service is amazing and the staff is excellent. The night bag was not really rich.
688,"Not Verified |  We just flew from Milan to Brisbane Australia and back, and we would like to thank the company and all the crew of our flights for the excellent service provided. It was the first time for us with Qatar Airways, and we were delighted by the comfort of the plane and the care given by the crew, which is not ordinary compared to the other major airlines I flown with before. We will be more than happy to travel again with them in the next future."
689,"✅ Trip Verified |  Excellent seats. Quite comfortable, substantial recline. Adjustable headrest had a decent range of travel. Food was excellent. Crew were cheerful and very polite. Service was great. In flight entertainment was satisfactory, the screens were a great size, movie selection was decent. Left a bit late from Johannesburg, however it was not a Qatar Airways problem but instead there was a gate availability issue. In spite of a tight connection in Doha, we made our flight due to being expedited through security and guided by Qatar Airways personnel toward our gate. Arrived in Chicago ahead of schedule. Very satisfying flight experience."
690,Not Verified |  The airline has very great staff and it is cheap because I went with economy and the seat comfort was so cozy. The ground service was very fast and the food was so tasty. I was very happy with Qatar Airways.
691,"✅ Trip Verified |  What an amazing airline. I was travelling with my family back home to Canada from Pakistan. Qatar Airways made sure that we have the most pleasant experience with them. My kids were provided with little stuffs toys and coloring books. I was provided with a pack of essentials stuff for my Infant like diaper, wipes, baby powder, baby lotion. Moreover, they even gave me baby food for my Infant which I forgot to request in advance. Service was amazing. Flight attendant are wonderful. Entertainment system is awesome. Food is Delicious. I would definitely rate this the airline 10/10."
692,"✅ Trip Verified |  At checkin the staff said that we had upgraded to Business class for the DOH-MLE route and hadn't paid, so if we were to continue, we would be charged accordingly. This was not the case. When I quizzed how I could possibly have upgraded without paying, they agreed I couldn't have. A very helpful member of staff re-issued our tickets in economy after phoning reservations and after over an hour stood at checkin. No fault of his and he was a credit to the company. On board I felt the staff were efficient but never over-friendly and it was an hour and a half before we were even offered a drink. The whole experience was mediocre at best."
693,"✅ Trip Verified |  Qatar Airways has always gone above and beyond in service but this time I was traveling with my pet. They handled the paperwork for at customs for me. I was given updates during the flight and even during my layover in the lounge, she was cared for - crate cleaned out, fresh water, treats given and she played. The process was smooth at my destination and my flight attendants even came to check on her in baggage claim. The flight attendants give excellent service and have great attention to detail. This is my favorite airline and each step of travel is pleasant due to amazing staff in every area of the journey."
694,"✅ Trip Verified |  I wanted to pay and upgrade my seat to one with extra legroom for Doha to Seattle leg, I asked in Chennai Airport and they said they couldn't do it and asked me to do it in Doha airport. At Doha airport they told me it was too late and it cannot be done. "
695,"✅ Trip Verified |  Flew 1st March 2022 on brand new aircrafts, B787-9 and A350-1000, respectively. Flights on time. Ticket purchase, upgrade by miles (2nd leg), ground services, ticket changes went smooth. I had to change a simple economy ticket 4 times. Only once I was charged additional (minimal charge). Check-in in CPH easy and quick getting all 3 boarding passes at once. This, despite I faced steep documentation requirements for final destination beyond Singapore to Papua New Guinea. Their cooperation with partner Air Niugini was perfectly coordinated and a relief. QR respect their elite members on ground as well as on board – for this trip there were no let-downs or real issues – their call centre was excellent, decisional, and cooperative. Lounge experiences: QR uses now the Eventyr Lounge in CPH which is a great improvement compared to the lounges they earlier used. Further, it is situated in non-Schengen area 3 Minutes from boarding gate. The Eventyr lounge is good, likely the best in Copenhagen - but it is still below world class. The best is the views, service, showers, and draught beer presence. Hot food only provides 1 dish while cold sandwiches are more diverse. No champagne and poor wines. They should open the balcony area to reduce greenhouse heating effect of the panorama windows which dominates the entire lounge. In Doha, the Al Mourjan Lounge is back to previous (pre-Corona) standards – lack of beer options are the biggest shortcoming. Good showers and very good relax/working options. CPH-DOH: I was given an exit seat but opted to take the only full seat section available next to the toilets so I could spread out with my things. Free WiFi for 1 hour granted, it worked well. Stewardess(es) were of high quality. Food good and are improving compared to just a few months ago. Sparkling wine (cava) offered in economy. The 2 wines were good. The new beers to replace the Heineken do not really provide improvements as they are also very dull, industrial lagers (Budwiser and Stella Artois). Arrived in Doha well pampered and in a splendid mood. DOH-SIN (night-flight) in business: Embarking in Doha at a remote gate by busses is a bad first impression for a business class ride. The Q-suites in business class are in my view completely overrated. These micro-cabins deprive passengers contact, air and view. Window access poor from those seats forward directed. If one sits backwards oriented, the window access is perfect but the direction is awkward to me. Seats and beds were excellent. The IFE is world class with updated movies, huge selection options, and the best I have ever encountered. Huge soft touch monitors. Smooth travel, reliable airline, flights on time. FAs excellent, 2 kinds: well-trained caretakers and less trained food-bringers. High class dining though without true dinner. The food was good but just “light, cold dinner snacks”. Cold lobster bites dont quite make it. Breakfast better, but merely neatly looking and served than actually tasty. Coffee and tea truly homemade and of high class. Drinks were World-class: 2 champagnes and 6 wines offered – all expensive and of high quality. Bollinger 2006 rose champagne was very tasty and sparkling one of the best I have had for long. One quality beer, Leffe Blonde, was outstanding. Pyjamas and Amenity kit given out."
696,"✅ Trip Verified |  I flew business class from JFK to Doha and first class on to Cairo, Egypt and the cabin service was excellent on both legs.  Upon my arrival in Cairo I found out that my luggage did not arrive with me. After taking quite a bit of time to file the lost luggage paperwork, I was informed that I would have to return to the airport (one hour taxi ride each way) to pick it up myself. Luckily, the suitcase arrived the next day and I had built in an extra day for sightseeing prior to the start of my tour. It took $100 and 5 hours round trip to retrieve my suitcase. I saved the receipts and submitted them to Qatar for reimbursement - and they will not reimburse me because I didn't buy anything. Apparently if I had bought clothing when I was dead tired after close to 24 hours of travel, they might have reimbursed me.  But they didn't tell me this up front. They let me go through the entire process a few times before deciding not to reimburse me. So despite paying for a first class ticket, I had to lose a sightseeing day."
697,"✅ Trip Verified |  I used Qatar Airways to fly from Cairo to Houston, the service was great, the flight attendants were very friendly. the plane was the newest model. My overall experience was good from the check in to landing. The crew very nice, the seats are comfortable, good food. I fly economy class and to date this has been my most comfortable flight. I will look for Qatar Airways  flights in the future!"
698,"✅ Trip Verified |  Qatar Airways is the best in the world and I received the best quality service from them. The cabin crew is the number one. If you want to be treated like a friend and cared like a friend, choose Qatar airways."
699,"Not Verified |  I was thoroughly pleased with my flight. I really was surprised and had never had such a pleasant experience on an aircraft. Business class was fabulous, great staff, lounge, food, everything was perfect. I have flown to India via other airlines and have always been fairly disappointed. I try and fly business when i do super long haul trips for comfort and to arrive well rested and with less jet lag. Qatar Airways business class is a step above the rest as far as I'm concerned. "
700,"✅ Trip Verified |  My congratulations to the Qatar Airways staff for maintaining excellence in their service. I would also like to express my appreciation to the Johannesburg Qatar Airways check in staff who handled the check in very well and very professionally. Once all required documents were submitted, I was checked in within a few minutes. I wish to express my gratitude tp the airline crew on both flights for their professionalism, and excellent service and for the excellent meals provided. Everything went well in terms of safe take offs and safe landings. I received my suitcases in Istanbul. I highly recommend Qatar Airways to anyone who would like affordability with excellence."
701,✅ Trip Verified |  We were looked after with great care and courtesy from check-in to disembarkation. The staff were delightful and the food was superb. The seats were very spacious and comfortable. We will fly with Qatar Airways again.
702,"Not Verified |  Staff on both flights were amazing and helpful, food was very impressive as well, would fly with Qatar again. Left on time and arrived as per the scheduling, flawless flight."
703,"✅ Trip Verified |  We had fantastic flights from Helsinki to Doha to Singapore. The pilot came out to say ""Hi"" to our son and gave a pin which made his trip. The ground staff was good and knowledgeable. The cabin crew and service was excellent. Top notch service on both of our flights. The food was good too and airplane was nice. Airline of the year 2021 well deserved."
704,"✅ Trip Verified |  Flight was supposed to depart at 17:45 on February 5th from Zanzibar to Doha but  it actually departed at 23:30. Around 17:30 after Zone 1 was boarded, we see everyone coming back to the terminal. No one told us why, we were asked to take our seats in the terminal again. After approximately 30 minutes we are asked to go to boarding again. After boarding was complete, the pilot made an announcement telling us that he cannot start engine number 2 and that technicians were on the way. He then proceeded to ask us to get off the plane because they needed to completely shut down and reboot the plane and that it would be very uncomfortable for us to be inside the aircraft when that was taking place. He also mentioned that it would be a lot more comfortable for us in the terminal as we would have refreshments and be able to use the facilities. And so we offboarded and onto the terminal.  In the upcoming 4 hours we waited without any information, no update given to us, no one from Qatar was at the gates or in any way present. There was an announcement saying that we will get an update in 30 minutes but that update never came. We asked the airport staff several times and we were told that the staff is on the plane fixing it and that we will get an update. No update came. There was only one shop that only accepted cash for payment.  No update about our flight or the connecting flight that we had missed (QR 0161) or about what to do next. We were ignored and the situation was mishandled. No person from QA or airport staff asked us if we needed anything or offered a glass of water or any piece of information.  We understand and prefer to be offboarded from a faulty aircraft for our own safety, but they were not capable to offer water for 6 hours. "
705,✅ Trip Verified |  Everything I found on this flight was amazing and I was really surprised and impressed the Qatar Airways offered their services during flight. I have no doubt in saying Qatar Airways is the best airline in the world. Qatar will always be my first choice.
706,"✅ Trip Verified |  To check in I found the economy class queue was clearing much quicker, they said the business lounge was closed and gave me $70 voucher that no shop in the Sydney airport food court accepted, then they send me on a wild goose chase to find their business lounge in Qatar as no one knew where it was located and was sent on multiple occasions to the wrong lounge. The quality of my food was disgusting with limited options for vegetarians. "
707,"✅ Trip Verified |  Seats are  small. 13 hour flight Montreal to Doha had smaller seats than 45 minute flight Doha to Dubai on the same aircraft A350. That makes no sense. My food was terrible on all flights. Service was mechanical, no friendliness or effort to do more. "
708,"✅ Trip Verified |  Qatar Airways remains, in my opinion, the best airline in the world for service, delivery and value for money. Whilst the A330 fleet is getting a little old, the on board service remains 5-Star - always warm, always personal and never intrusive. The whole experience from check-in, to lounge, to flight and arrival is exceptional. This is the airline others should compare themselves too as it sets a benchmark for consistent quality, reliability and service in the skies."
709,"✅ Trip Verified |  It was a very good experience by flying Qatar Airways. Perfect check in, on time, comfortable seats, on board entertainment and good food served in a very short time"
710,"✅ Trip Verified |  
My experience was at best average, and a disappointment after having such high expectations. I purchased extra legroom in the emergency exit row. When I reached my seat during boarding there was the pillow, blanket, amenity kit, and headphones on my seat. I set them down next to my seat on the floor, as there was no where else where I could have access to them while seated. For take off procedures the flight attendant grabbed all of the items and put them into the overhead storage bin away from my seat. When I was able to get up, I could not even locate all of the items. My food was average at best and staff took so long to collect the used meal trays that passengers were bringing their trays to the staff workstation. My one beef with the entertainment system was that they played the same airline/airport commercial every time you watched a new show. When time my flight arrived in Doha we had to exit using stairs and board a shuttle to reach the terminal. And with all of the other COVID rules on masks and cleaning, why would you pack in passengers on a shuttle bus until it is very full. I sent a fairly comprehensive email to Qatar Airways that highlighted my disappointment, received an automated reply from the airline nearly two weeks ago acknowledging receipt of my email but I have heard nothing back since. Perhaps it is the highly rated business class product that is generating the rave reviews. But as for us coach passengers, I don’t understand how this airline could be number one. "
711,"✅ Trip Verified |  We want to give a huge thanks to Sofia who was the air hostess of our flight QR21 from Manchester to Doha. Her service was outstanding and she went the extra mile and was very attentive and accommodating. People like Sofia make Qatar Airways different from other airlines. We found that our food in business class in Doha to Colombo, Colombo to Doha and Doha to Manchester was not up to standard."
712,"✅ Trip Verified | Totally professional in every way - Qatar Airways ""did not put a foot wrong"" throughout. Check-in at LHR were not in the slightest perturbed by the need to call Australia for authorisation due to the transit through Brisbane - they took it all in their stride as if it was a completely normal action they had to perform all day long. On board, the staff were all smartly-dressed and carried out their duties in a calm, professional manner. Their service was attentive and discreet, not overbearing and intrusive. The food was excellent and far superior to my expectations. As a final bonus, their fares were the lowest available for the route concerned. I would certainly fly with Qatar again in preference to a competing carrier."
713,"✅ Trip Verified |  Our flights from Cairo to Doha and then onto Miami had outstanding service in the airport and on our flights. The airport was world class - clean, quiet, great shopping, very comfortable lounge (Al Safwa lounge) and informative information desks and personnel. The flights were a wonderful experience - the business class cabins were spacious and serviced by very helpful staff. We were taken care of by Jetiya and Jurgita, who were both attentive and an absolute pleasure. Looking forward to flying with Qatar soon again. "
714,"✅ Trip Verified |  I flew from Doha to Medina, a 2 hr 30 min flight. I arrived at the airport 2 hours before the flight, smooth check-in process. It was a morning flight, the busiest time at HIA in the Departure area due to transit passengers from across the world. Boarding began on time, and pushback was also on time. The aircraft was a bit dated but it was comfortable and the IFE was as usual.  Food was great, and the crew service was the best. Landed at Medina Airport on time. I had booked a return flight for 5 days later. Unfortunately due to some circumstances I had to fly to Riyadh and I couldn’t make my return flight. I canceled via the app and rebooked from Riyadh. It was a prompt refund service and I received my refund ASAP. Overall great service. "
715,"✅ Trip Verified |  We flew on 23rd November out of Adelaide with Qatar and the experience was absolutely wonderful. The staff were so helpful, we had loads of space, brilliant onboard entertainment and enjoyed the whole flight. Food was really good, and excellent choices, when I had my nighttime nip of whiskey they gave me a large measure and made a special trip to see if I wanted another drink. The plane was fairly quiet so after take of the staff assisted all in spreading out and getting a row each to make it comfortable. I will only fly Qatar now out of Adelaide. I personally would like to thank Qatar Airways for continuing to support Australia even when our national carrier stopped all international flights, it was the only real option to fly out of Adelaide."
716,"✅ Trip Verified |  Flight from Warsaw to Doha uneventful; reasonably comfortable seat on the herringbone configuration of the Boeing 787-8. Catering and service top notch. The only negative point was the awful and childish safety video. Transfer in Doha uneventful. The nightmare started at the =bus gate, which is =chaotic and stressful. Not enough seats, overcrowded, no social distancing. The rude and clearly incompetent gate agent shouted at his staff and contributed to the already stressful atmosphere. Priority boarding is a joke at the bus gates, as priority guests are allowed to enter the plane last. The plane was an oldish A332 with the very old narrow business class seats. Due to the uncomfortable seat, no sleep for me. Service was disappointing. I asked for just a glass of water and no food after takeoff and had to ask again 2 hours later because they forgot about it. I really like to fly Qatar and I usually receive good service as a Platinum guest. But the inconsistency of seating comfort due to aircraft change and service onboard makes the trips rather unpredictable."
717,"✅ Trip Verified |  Boarding was messy and delayed with no apologies. The staff don't seem too interested to be in that plane, I was ignored multiple times and each time the male attendant came to our seats he'd directly address to the male passengers next to me. My food was also not great, ran out of options and I'm left with vegetarian food. For a 9hr flight we were served 1 meal and a snack."
718,"✅ Trip Verified |  Qatar cancelled my flight on 29th Jan, so I had to re-book it. Due to the failure of their online system I wasn't able to do it, so I wrote them a message. My message was ignored for 4 days so I had no other option that to call them, after waiting 30min for someone to pick up the phone, finally my call got answered and flights re-booked for 5th Feb. In the meantime I asked 3 times if the seats that I paid for will be assigned on this new flight and it was confirmed 3 times that they will. I checked my booking online and no seats were assigned. Had to call again and spend another hour to try to sort out situation. She said she is unable to do anything other than give us other seats, I asked for if she can check other flight etc. She wasn't willing to do anything. I had to cancel flights, find another airline and spend extra to solve the problem."
719,"✅ Trip Verified | Qatar Airways generous COVID policy made this flight. Air Canada's ridiculousness almost caused me to miss my connecting flight to Qatar, but the stress that could have caused me was completely alleviated by Qatar's staff assuring me that any cancellation prior to take off would receive a full refund directly to the method of payment. This generous policy during COVID times really made me very thankful and they deserve praise for it. That bumps up the review overall though, because the in air experience is not great. The on ground experience is perfect, with great boarding, great staff support, great call support, great privilege club benefits and so on. But in the air, I was greeted with an oldish plane and subpar seating. The seats were somehow smaller than even I've become accustomed to in recent years. The entertainment system was alright but slightly laggy, and the headphones provided were awful. The food was of acceptable quality, though the lunch provided between the two meals was subpar (it was a boring, bland roll.) The wifi is only 10 dollars but privilege club members get one hour for free. I believe students get it for free in general but I wasn't able to get that to work. The wifi was pretty great quality, easily able to support youtube streaming. Connectivity was good as long as you were over land and not water, obviously. Qatar could do quite a bit to improve their seating and entertainment. But in other customer service they were brilliant for this flight."
720,"✅ Trip Verified |  I was booked to fly from London to Singapore via Doha but never got on the plane. 5 days before my flight, I started experiencing Covid symptoms and lateral flow tests showed faint positive results. Tried changing my flight under Manage trips on Qatar's site but with the same result; various options are displayed on the calendar but I selected one, the page would indicate 'There are no flights matching your search.' I phoned Qatar's UK helpline more than 15 times over several days and downloaded the Rebtel app to call its Doha line. The UK line went dead after I selected the option to speak to customer service and I remained on hold for more than an hour when calling its overseas hotline. I reached out on Twitter multiple times and all I got was an automated response telling me to call the helpline when I'd already made it clear I'd tried numerous times before and failed to get through. I did not show up for my flight and have not heard from Qatar.  In this era of Covid where travel plans are subject to change due to a volatile situation, travellers need assurance that they can change their flights. "
721,"✅ Trip Verified |  Lost our luggage. Can't get through to anyone for help. My wife and I checked in 4 bags at the same time in Beirut, one of them never made it to Doha.  Reported right away, but it seems nothing is being done to track it down or contact us. Very disappointing and unacceptable - we need that luggage. "
722,"✅ Trip Verified |  Heathrow check had to queue for approx 1.5hrs to check in luggage. Staff was allowing people to jump the queue not realizing that people in queue were all on the same flight. My in flight food was horrible. The cabin staff seemed like she would prefer to be anywhere but on that flight. Inbound  we had checked in online and saved two seats with email confirmation of our choice of seats. When we got to the check in at Male, we were allocated different seats at the back of the plane. When I showed them the email, they didn't understand how I managed to have that email and dismissed the email. The food on the inbound flight was better. We think we will avoid Qatar if we can in the future."
723,"✅ Trip Verified |  I booked my Business Class ticket to Baku and received the ticket/email on the same day. On the day of travel, I received a phone call telling me that the flight is overbooked and if I can take the next morning flight at 7:30am. I told the Representative that this is not possible as I have Business Commitments early morning next day of travel, then he confirmed that no change will be processed. Upon arrival to the airport hours before departure, I was informed that Business Class is fully booked and there is no seat for me, so I will be downgraded to Economy Class. I objected on tat and he asked me to wait till he tries with other passengers. After more than 45 minutes, he returned back saying it is impossible to be seated in Business Class. I was forced to downgrade to Economy Class and raised a complaint for compensation, but  they offered me $125 which is not even equivalent to the time I will waste to fill the amount of documents they asked for compensation."
724,"✅ Trip Verified | The flight from Brussels to Doha was done with a 787 without Q suites. Service was outstanding however the meal - a breakfast - was rather limited for a 6 hour flight. Ample choice of very good wines including both regular as rosé Champagne. The amenity bag is also on the small size. There was constantly service of drinks during the flight . In Doha airport the passengers were brought to the airport by coaches - separately for business. I was happy to be able to eat something at the very luxurious business lounge at Doha airport very good service, good food and very good drinks. The short flight to Dubai was on a 777 with Q suites - a small tasteful meal was served."
725,✅ Trip Verified | The flight from Dubai to Doha was done in a 350 with Q suites - a small but decent meal was served with a smile from Doha to Brussels in a 787 without the Q suites. I was happy that despite an early departure a lunch was offered instead of a breakfast - there was decent choice including lobster and nice fish. Great wines even including a Meursault and Champagnes both regular as rosé. Exceptional friendly service with attention to details.
726,"✅ Trip Verified |  I am now enjoying the flight from Casablanca to Moscow via Doha. Everything is over expectations! On of the best airlines, in my opinion. Appreciate the professional service and staff."
727,"✅ Trip Verified |  Manchester check in not good, disorganised shambles. To travel premium you expect less time to queue this was not the case at Manchester, 45 mins to check in. Flight then delayed after passengers hit the gate area, no social distancing, no queue control between passengers.  Onboard Qsuite is ok, lacks the little touches of other Middle East carriers such as Emirates; dine on demand was a no for me, drinks glasses are collected but I was not asked if a refill On arrival in Doha it was a dash to the lounge to grab a shower, but refused entry to the business lounge as the flight was due for boarding in 20 minutes. So off we go to the gate, 1 hour later still sat there and flight again late. Crew ask what you want for breakfast at this stage it’s was 8 hours away. I asked can I order after take off, no was the answer as limited food on board. Arrive in Cape Town to be meet at the gate  sorry u have no bags, go to lost luggage and fill out a form. 1st 2 days of the break trying to find out where the bags are, had to go buy essentials and clothes. After 36 hours bags arrived, no compensation. Day 6 we receive a schedule change for the departure is pushed back a day, day 9 another email to say the flight has been cancelled due to operational reasons and we apologise for any inconvenience caused. You can benefit from the flexible re-booking policy and change your travel date or destination free of charge within the same booking class (fare difference will apply), or request a refund for the value of your ticket to the original form of payment with no penalties or refund fees. Only problem as Qatar has already changed the flights no changes according to the system can be done, so it’s refund number 2 with Qatar and rebook with BA."
728,"✅ Trip Verified |  This flight had a good hard product backed by poor service. There were a bunch of male flight attendants who did not care about their customers. The choice of menu items were not available, and the flight attendants were late to respond. They were more interested to sit and chat amongst themselves. The business class seats were fantastic with maximum privacy and excellent comfort though. Doha airport business lounge was also exceptional as it has always been. Overall experience was good except for the food availability during flight and poor service provided by flight attendants."
729,"Not Verified | Abu Dhabi to Brussels via Doha. It was such a perfect flight, crew was super helpful and flight was really on a high level of professionalism in terms of service. I didn’t even feel the time! My wife felt exceptional comfort, in fact we both had one of the best flights in our life."
730,"✅ Trip Verified |  Overwhelmed by Qatar Airways in flight service in Business class from Chicago to Doha QR 724. Awesome experience. I would like to thank all the crew members (Lee, Tanaya, Ravi, Wioleta, Chutimon and Preet) for making it unforgettable and memorable flight. "
731,"✅ Trip Verified |  Amazing experience, new comfortable aircraft, professional staff, great food and beverages served. Very comfy seats. Convenient transfers in Doha Airport."
732,"✅ Trip Verified |  Without a doubt, Qatar Airways is 5 stars. Cabin crew is professional, caring and attentive. Airport is organised, clear signage and fantastic restaurants and Lounges. My only comment is to improve delayed flight information. Fantastic 5 star Airline."
733,"✅ Trip Verified | This review is with respect to the second leg of my journey from Doha to Munich. Considering an international 3hr 20  mins flight, Qatar Airways should have provided a better aircraft than the A320. The flight was packed with less seating space and difficulty in managing the cabin baggage. I had pre-booked a vegetarian oriental meal, the cottage cheese was quite hard and amount of rice was bare minimum. "
734,"✅ Trip Verified |  I recently flew London Karachi route via Qatar Airways, and the service I received was exceptional. From check in to boarding, the staff were friendly and helpful. During the flight, I was well looked after. My earphones were not working properly, and they replaced them twice to ensure my in flight entertainment ran smoothly. I would like to give a shout out to the cabin crew who did a wonderful job with the level of service they provided."
735,✅ Trip Verified |  Check in fine. Boarding awful with not enough seating. Early snack a dry egg sandwich but full bar service. IFE poor and hard to navigate. Not a spot on regional rivals. My breakfast meal was cold and soggy. But more drinks served. Cabin crew fine. Toilet was a wet mess throughout. Cabin very cold but nice blanket and pillow. Some good things but nothing special. Never had been in all my economy experiences with Qatar. 
736,"✅ Trip Verified |  Q-suites are not my thing. Even though the screen towards the Isle is nice my seat was so uncomfortable and rock hard and my feet squeezed in tight little wedge in front when you put your seat bed position. Asked when the would turn on the WiFi and the answer was ""it's a new aircraft so there is no WiFi"". It wasn't installed on a brand new aircraft. But as always the service is impeccable. Also miss the shoe box they forgot when they built the Q-suites!"
737,✅ Trip Verified |  My flight from Sydney to Doha was delayed for 16 hours because of technical problems.  The staff said I'd get my accommodation and transport fees covered but I have got nothing. I had to spend an extra night of layover in Doha and I got no hotel arrangement even though Sydney staff said I would. I would not have taken the delayed flight if I knew U had to suffer an overnight at Doha airport. 
738,"✅ Trip Verified | Travel through Qatar has been very smooth and it was extra special during these times. Very clean airport and aircraft, super courteous staff. Good food and nice choices of meals. The Qatar app is an added bonus. I really like the baggage notifications that reassures the status of your baggage."
739,"✅ Trip Verified |  Due to typhoon, my flight from Hong Kong has to be delayed to the next day. They right away informed me via app notification, email, and a phone call (following day business hour). It really put my mind at ease. They changed to an aircraft fitted with Q suite, which is like flying first class. Due to the delay, business class cabin was quite full, but it didn't affect the high level of service. Welcome drinks, pyjama sets, toiletry bag and all. Due to the pandemic, there was no magazines or any reading materials. However, there were printed menu and wine list. Crew wear a face mask. Food was served course by course in generous portion, there was no signs of any cost cutting. Inflight wifi was fast and steady too, only cost USD10 for the entire flight. Qsuite is one of the very best business class seats in the current market. The door gives you an excellent level of privacy. Comfortable large seat with sufficient storage space and comfortable for sleeping position. Throughout the flight crew presence is good, very pro active, they always come around and see if anyone needs a drink or so. A truly wonderful 9 hours just flew by, a very smooth landing. Plane was parked on tarmac, we had to be bussed to the gate. Biz customers get their own bus. Connecting in Doha is a bliss, with security procedures simplified. Fantastic huge Al Mourjan lounge with nice shower facilities and plenty to eat and get a rest. Next flight was on their new 787, fitted with new seats that also come with individual doors! Once again, meal was delicious and plenty, same excellent service all the way to Vienna. It really was one of the top best flight experiences I've ever had, especially after having stayed put for 18 months. It was a wonderful way to come back to traveling again."
740,"✅ Trip Verified | We were so impressed with the Q-Suite seats on this aircraft. The flight crew was very polished, professional and polite. The food was not just food it was a cuisine of absolutely delicious choices. From take off to landing we hardly knew we were flying. Qatar Airlines will now be my “go to” airlines when traveling abroad. I’ve already been looking at my next trip using this airline. Two thumbs up!"
741,"✅ Trip Verified |  Excellent service, customer centred, professionalism exhibited by the cabin crew, great wine and food selection. Clean and we'll maintained carrier, smooth and comfortable cruise, all working super wifi."
742,"✅ Trip Verified |  The food on this flight was really poor. Lunch was a tough veal chop in gravy, desert a ""gooey chocolate and cherry cake with whipped cream but it was served hard, cold and with a miserly speck of cream.  The Qsuite is great of course, but Air France inflight dining is far superior. In flight entertainment is ok, but I  don't like movie vision and audio being censored. "
743,"✅ Trip Verified |  Have travelled on Qatar Airways several times, and never been disappointed. My experience was the best with Qatar airways. I would always book air ticket directly from the Qatar airways website , rather than aN agent, particularly in this Covid pandemic"
744,"✅ Trip Verified |  Boarding was a bit strange with no clear signage as to where business class was supposed to board. We went to one line but where told they were not boarding yet even though we showed them our tickets. After standing around for 10 minutes we noticed several people going to a separate line and being allowed through, turn out this was the line for business class. Onboard staff were very friendly and set up the Q-Suite for us. Service was prompt with welcome drinks served and orders taken for the meal. For some reason even though the flight departs at 01:45 Qatar serves a light supper instead of a breakfast option on arrival, chose the soup which was really good and then had one of the best sleeps ever on a plane. Qatar has to have one of the best products on the market at the moment and will be my carrier of choice if the route is convenient."
745,"✅ Trip Verified | This is my fourth time flying Qatar in business class, I have flown Qatar in the economy a few times in the past. While the experience of the flying economy was always great, flying business class takes it to a totally new level. I have flown business class with Emirates and American before, but none of them come even close to what Qatar offers. To start off, Qatar is the only airline that offers on-demand dining, it feels like I am in a 5-star restaurant, the food quality and the in-flight service are always superb, the staff both ground and in-flight are well trained and very professional. I am positive the business class experience in Qatar is better than most airlines first-class service. On my last flight, I chose a lobster dish for my dinner, I can honestly say it was better than any other lobster dish I have tried in many fancy restaurants. Last but not the least, the lounge at Doha airport is one of the best I have ever experienced, from the shower facility to the quality of the food, simply amazing. Please keep it up and I will always pick Qatar over any other airline."
746,"✅ Trip Verified |  Service as always on point. Lots of children in business class. Qatar Q-suites even it's nice with the screen towards the aisle, the seats are hard and uncomfortable. I rather fly B787-8 without Q-suites and no Wi-Fi."
747,"✅ Trip Verified |  Perfect, can't say anything else. Smooth check-in, comfortable seat, perfect service, great Covid-handling. Wi-Fi on board didn't work. Only downside is that Stockholm Arlanda Airport don't have any lounge service anymore. "
748,"✅ Trip Verified |  This was my first time flying Qatar Airways from Abu Dhabi to South Africa, and my experience here was just the best if not excellent. I was in economy class but the service and experience I had was was just beyond my expectations. The Cabin crew where very kind and helpful at all times during the fight, food was so good and I was given proper cutlery not plastic. The best economy class I ever flew, please keep up the good work, I had ultimate satisfaction. Toilets were clean.  The seats arranged is the best so far and comfortable I could stretch my legs very well while seated the space between the rows is very big. So I managed to rest and sleep comfortably during my entire journey. See you soon on board again."
749,"✅ Trip Verified |  After some flights with some american airlines, I realized again, that it's no comparison regarding anything with Qatar Airways. From planes, through boarding, lounges or services the difference it's fantastic. Amazing job Qatar Airways. This is the reason that I always choose you even if I have to fly longer. Thank you!"
750,✅ Trip Verified |  The flight was not full. I was able to occupy the 3 seats giving me a comfortable flight for 14 hours. The cabin services were good and the FAs were very accommodating.
751,✅ Trip Verified |  The business class experience was good. The amenities are impeccable and the FAs services were personal and warm. The Q-suite lived up to its expectation.
752,"✅ Trip Verified |  We were originally scheduled to fly SFO-DOH-MEL however due to Australian passenger arrival caps, the DOH-MEL sector was cancelled and QR offered to reroute us into BNE two days after our original departure date. This was sincerely appreciated, particularly given our experience with other carriers flying into Australia who cancelled close to departure without any help in rescheduling or rerouting. As always, the QR experience was top notch. The QSuite and bedding were extremely comfortable, food very good, wine list outstanding and cabin crew service exemplary. Check-in and transit in Doha were seamless. I was a big fan of QR before this experience, however the way in which they handled our re-accommodated into Brisbane has now earned them my loyalty. A stark contrast to other carriers flying into Australia during the pandemic."
753,✅ Trip Verified |  Travelled Hyderabad to Frankfurt via Doha in October 2021 with wife and 7 months old baby. Great service from Qatar Airways. They already knew what has to be done. No priority boarding at HYD but it was on Doha airport. Food was good.
754,✅ Trip Verified |  Booked a First and business class ticket and website says you can change a booking at no cost before the trip begins. On return leg passing through Doha I wanted to to change the booked flight to an earlier flight. Airline wanted to charge 1500 Euro to change the flight from Doha to Riyadh. I asked to downgrade to economy without paying and they refused. I asked to cancel this first class sector and buy an economy ticket and they refused. It was cheaper to buy a new ticket. I will never fly them again. 
755,"✅ Trip Verified |  Initially my flight got cancelled and my transit time was 1 hour and a few minutes. They gave me a new flight with a transit of 14 hours.  On arrival to Doha, I had paid for a lounge when purchasing my ticket that gives me access to 6hours of the lounge. I had to pay another 55 USD so I can stay till my flight time. I will not be flying this airline in the future."
756,"✅ Trip Verified |  The flight from Islamabad to Doha was full, lots of hand luggage. The crew barked orders at the passengers and stuffed the overhead bins with anything that would fit. On the flight to Tokyo, I had a row to myself and a very attentive and friendly crew, similar to other experiences I have with the airline. There was a scheduled 21h layover in Doha, but the airline stopped their offer for a hotel room for such long stays. If I hadn't inquired, I wouldn't have been told about the 1 meal voucher they offer. Everything except the food court is overpriced at that airport."
757,"✅ Trip Verified |  There is no clear communication on documents to be carried for COVID. We had to do our own research then Qatar forced us to take print outs at an expensive shop in Zurich airport. They don't let you board even if you have 1 document missing. The trip from Doha to Mumbai was on an A320, no space for hand baggage. The flight was congested and dirty. "
758,✅ Trip Verified |  I have visited my husband 5 times I the last 2 years and have flown Qatar twice in those trips. Both times the flights are comfortable even though one of the flights is 14 hours. The food is good and the service awesome and they bring beverages often without having to call for service. There is plenty of leg room and seats are comfortable.
759,"✅ Trip Verified |  Service on board was efficient and friendly. I feel that on all flights the comfort pack travellers receive is inadequate and not up to the standard of other airline standards. On the return, the check-in at Larnaca was one of the worst I have ever experienced. The was 1 business class counter and one bag drop counter. The agent on duty was expected to scan every travel document manually (although this information was in the booking already) which resulted in a minimum check-in time of 2o mins per pax and long queues. Two wheelchairs were booked for Doha; they were only aware of one. The system with the golf carts was chaotic and when questioned the staff said it was unavoidable as they were short-staffed. As we had a 7-hour layover in Doha we decided to use the ""Quiet Lounge"". The design of these cubicles is non-sensical: they contain either one uncomfortable, narrow couch plus an armchair and footstool or 2 chairs and a footstool. Neither is comfortable enough to sleep on and loads of space that could have been better utilized is available for hanging garments and suitcases. Qatar need to streamline their business class offering so that it is excellent in every way not just the seating on board."
760,✅ Trip Verified |  It was a good experience however I check-in 6hrs earlier before flight but I was seated at the back side of aircraft. I thought if you check-in early you'll get front seat. I was travelling for an emergency that's why I have no time to book/reserve a seat. Overall service was good as usual.
761,"Not Verified |  This was the best flight I have ever taken. The business class seats and individual pods have been designed to be extremely comfortable and luxurious. Our attendants were friendly and accommodating, and it was obvious that passenger satisfaction and enjoyment were first and foremost. Our flight was over 14 hours, but it didn't seem like it!"
762,"✅ Trip Verified |  A long flight between NY and Doha. I would like to thank two wonderful cabin crew members who made the trip bearable, Safiya and Sive. Their services were impeccable, ensured a constant smile and always wanted to know how the travellers were fairing, and made sure that we were well taken care of throughout the journey. "
763,"✅ Trip Verified | First time flying Qatar in any class and I have to say I am impressed. Check-in was a bit slow but with all the paper work required it was to be expected. For what ever reason we were denied access to the lounge even though we paid for the full fare ticket, ended up using the priority pass instead. Lounge was average and if it wasn’t free I doubt I would bother. Boarding started on time with priority for business class given and we were soon seated. Welcome drink offered HD seat explained. Unfortunately QR have stopped offering Q suites from Munich, can’t be lack of demand as the flight was full. Staff were incredibly friendly and always on hand, nothing was too much trouble. Flight left and arrived on time."
764,"Not Verified |  The best airline by far. Had a wonderful experience especially with the cabin crew. I never eat airplane food but this was different. The food was delicious, and frequent. Provided many beverages and snacks throughout the flight. The seats were comfortable, considering I flew with economy. One fault was the temperature inside the plane. I was freezing the entire flight even with 3 blankets on me, and the ac’s off. Ended up having a cold for several days after my flight. Overall a good experience and will definitely fly with Qatar airways again."
765,"✅ Trip Verified |  The service was excellent. The cabin crew, especially those that attended to me were genuinely pleasant and warm. The food was good and the menu options were nice, especially for the Lagos to Doha leg of the trip. The other in-flight services the entertainment etc were top-class. Overall I was pleased."
766,"✅ Trip Verified |  The flight was on time. All cabin crew are very kind and available for every single request, the food was nice and toilets are clean, the cabin crew Check it almost after every person. In my opinion is one of the best company in the world."
767,"✅ Trip Verified |  It's not the first time i travel with Qatar Airways. I recommend it cause they are professionnel, helpful and in touch the application is easy to use. I contacted the customer service and I was quickly helped. At the end it's not the last time and thanks you for your service you deserve the award you have"
768,"Not Verified |  Wonderful experience flying with Qatar Airways. Professional, polite and helpful staff. I would especially like to appreciate Flight Purser Xavier. Absolutely above and beyond the call of duty. Going one step more than what is required."
769,"✅ Trip Verified | Qatar Airways is a respected, reliable and student-friendly airline. When I became a member of their Student Privilege Club, I was surprised by the benefits they offered me, such as free WiFi and additional baggage. The flight from Kyiv to Montreal via Doha was my first flight with Qatar Airways, and I can say that I was satisfied (even though the journey was too long and tedious). Qatar Airways has excellent service (refreshing towels at the beginning of the flight), they offer nice food (and the good thing is the online menu so that you can make a choice before your flight). The food was tasty, and the portions are big (I think I spend half of my time aboard eating). On the 5h flight from Kyiv to Doha, they offered 2 meals + snacks, on the 12h flight from Doha to Montreal, I had 2 meals + sandwich + snacks. The seats are comfy, the legroom in the economy is okay (but for long flights, if you have money better to take a business class). In addition to the standard kit - pillow + blanket - they gave protective kits on both flights and amenity kit on a long flight (that was actually very useful for me since I always forget my eye mask and earplugs). Regarding entertainment, they offer many movies + as I mentioned there is WIFI aboard, but it was not working quite often. I had a layover in Doha for more than 10h at night. The airport is nice and easy to navigate through. But the layover was too long. In general, my experience with Qatar Airways was pleasant."
770,"✅ Trip Verified |  Extremely helpful and courteous staff — from the checking to the Al Mourjian lounge to the flight crew. I loved the q-suite, and the pressure and humidity helped me fly with zero discomfort. I slept soundly and enjoyed every minute I was awake. This airline clearly tops all of the 8-10 airlines I have flown with. JetBlue is a fairly distant 2nd. Saffron and cardamom teas were fabulous, though quite sweet, and the salmon salad was great. Wished the Arabic breakfast were offered!"
771,"✅ Trip Verified |  Absolutely top inflight service by friendly and smiling crew, great inflight entertainment, new aircraft. Catching the connecting flight in Doha was an overall pleasant experience - the airport, although quite crowded, did not feel stressful, and there was always someone from staff nearby to ask for help if necessary. I am already looking forward to my next flight with them!"
772,"✅ Trip Verified |  We have been using Qatar Airways quite a lot and we are happy with the airline. My wife booked a flight to Europe about 15 months ago but due to lockdown she opted for the credit and about a month ago she asked for a refund.  We emailed them asking for refund, the voucher was attached to the email. No response received. We called customer service, we spend 2 hours on the phone but couldn't action the refund instead they told us we will send you an email and ask for banking details No email received within 2 weeks. Called them yesterday; after 2 hour 14 min on hold the call was disconnected.  We emailed yesterday to a few email addresses and we lodged complained via my wife's account. Today an email was received stating; With regards to your concern, please be informed that we have shared your correspondence with our Digital Team. "
773,"✅ Trip Verified | Award ticket from KGL to CPH via EBB and DOH on 18/8-2021. Thought I could upgrade from Economy to Business, but their Privilege Club is further degrading and has abolished that option. Nowadays, it is almost impossible to pay and book online due to increased security causing it to be a several days’ project to issue a ticket. Award tickets cannot be booked without instantly paying taxes. And, online payments could not be effected from Rwanda due to code/country problems to receive OTP. Thus, even temporarily bookings can’t be made unless done directly by QR over phone at higher fares and lots of troubles involving use of other people’s credit cards. Check-In in Kigali easy, though must be in Airport 4 hours prior to departure due to Corona prevention measures. Granted Lounge access to Pearl lounge which is acceptable. Must pay for luxury beverages. But a variety of hot food and snacks offered makes up for it. All flights on B-787-8. Long haul Economy Class QR is top notch and matches economy+ on other airlines. They have improved economy class services since I travelled with them last time; 18 months ago. FAs are attentive and extremely concerned of elite travellers like myself – I have a fainting Gold Card, but was addressed by name throughout I was given the best seats possible in economy among options provided. Drinks were offered frequently. Call bells responded to quickly. Three choices of hot food on every long leg: plenty of it, and I got more if requested. No seafood, mutton, fish or exotic meat offered. English breakfast without bacon? Salads average and desserts were excellent. Sparkling wine (Cava) and wines. Beers offered are still embarrassing: only two, similar, dull lagers offered: Stella Artois and Budweiser – Heineken has gone but that does not add to the repertoire, anyway. The leg DOH-CPH offered two meal rounds. First, a Champagne brunch (3 meal options). Then, a heavy sandwich prior to descend. I was given 3 seats through seat-block for elite travellers. FFP-lounges in Doha are temporarily upgraded to become the Al Mourjan - even for economy travelers with card status. In CPH my luggage came out as the first. A pleasant travel. About as good as it gets in Economy."
774,"✅ Trip Verified |  Kathmandu to Philadelphia via Doha. Marvelous, very comfortable and good hospitality. On Time. Qatar Airways is most preferred Airline in Nepal and especially in my school Modern Indian School, Kathmandu, Nepal."
775,"Not Verified |  Exceptional cabin staff this time. I used Qatar Airways for my annual visit to my family in Germany. Yes - the check-in service at Frankfurt Airport could have been organised a bit better, I had to queue for ca. 45 minutes. However, I give 5 stars because the cabin service was excellent, especially during the last leg of my journey, e.g. from Qatar to Johannesburg. The stewardess attending to me responded to my queries with patience and friendliness - certainly relieving some of the stress so typical for long-distance travelling. "
776,✅ Trip Verified |  It is really meant to fly as the service for the customers so immense and caretaking. The hospitality with pride for anyone who really matters either business class nor the economy class. I suggest anyone try Qatar Airways.
777,"✅ Trip Verified |  I contacted the Qatar Airways Call Center in March 2020 to cancel our int’l flights due to the pandemic and border closures. Turns out, they never processed our flights voucher credits properly (which they admit but still no resolution) and 18 months later we are still waiting. When you call the CC be prepared to be on hold for up to 1.5 hours if you can get into the queue. Numerous attempts to contact/resolve and still nothing. July 2021 CC sent Doha Sr. Mgmt a priority ticket to investigate and was told to call back in 48 hours. Nothing. Then told wait 10 days, then until after the holiday in Qatar, then the CC rep says you will have your new voucher numbers by July 31, 2021 by email. Nothing. Called Aug 14 2021 for update, nothing. Told that CC just initiated a second priority ticket to Doha. They couldn’t properly register my new email for communication (it’s changed since original booking). We are out of a lot of $$. 18 months later and still waiting for our voucher numbers that we are entitled to so we can rebook. "
778,"✅ Trip Verified |  Excellent services, due to local lock downs in Bangladesh and lockdowns and red listing in the UK we had to change our tickets multiple times. Each time Qatar Airways changed the dates and gave us options that would cost no additional charges (well we had to be £23 total for 5 tickets being changed!) On boarding and landing service was excellent considering all the COVID restrictions. We did notice they had less staff members than previously but the did their jobs well. "
779,"✅ Trip Verified |  I cannot fault this flight from Dubai to San Francisco via Doha. I chose to route via Doha instead on another airline direct based on reviews of the Qsuite and service. I was not disappointed. Easy connection in Doha with fabulous airport and lounge before the 15 plus hour to SFO. Q suite is spacious, I am 6ft 3. The wifi is good, the airplane a new 350-1000 quiet and beautifully fitted out, amazing service from the cabin crew, always answered the call button within 20 seconds, were charming and worked tirelessly. The food was superb, lobster salad, chicken machbous, cheese board all with amazing champagne brut and rose, claret, a cracking Beaujolais etc. All backed up with large 22 inch tv with music and films galore. I never sleep on planes but this flight slept 4 hours on comfy bed with White Co pj s, slippers and Brics washbag. To me and I have flown 40 years in premium class including Concorde this was best business class by far. Well done and I will use you again."
780,"✅ Trip Verified |  We travelled on the QR260 flight from Warsaw to Doha on the 1st August 2021 en route to Maldives and had the most wonderful experience. Despite travelling in economy class we've been given a truly first-class treatment by a flight attendant named Petra. She's been attentive, professional, and truly went above and beyond our expectations. Despite the Qatar Airways app not registering our meal preferences, we've been sorted by Petra in no time at all and with a big smile. Outstanding!"
781,"✅ Trip Verified |  Truly amazing, cabin crew fantastic and couldn’t be any more attentive. I have flown with Qatar airways for several years and there is no better airline. I can’t express this enough."
782,"✅ Trip Verified |  Nairobi - Doha - Boston, with a relatively short layover in Doha. The first leg of the flight was delayed and passengers had to miss their connecting flight from Doha, so I had to wait in Doha for a full day and night. Initially, the airport staff told us no hotel would be available, but they will try to get us lounge access, and directed us to the next customer service desk. When I inquired again about lounge access, they told us no lounge is available because the airport is too busy. We gave you a meal voucher though and here is a blanket. You can rest in the Quiet Room. And that was all the service I received for 24 hours. One meal voucher and a blanket. Since airport staff was not helpful, I called the Customer Service line to ask for some form of compensation given that no accommodation was provided, and missing the connecting flight was completely the airline's fault. The staff on the phone questioned me, ""Are you sure? We have 5 lounges over there. Are you sure they are all full? Did you go to them to check?"" When I asked about a  flight upgrade  they said ""We don't do that."" "
783,"✅ Trip Verified |  Qatar airways offer on paper great value, sadly for us their customer support is very poor. The reservations system is clumsy and full of frustrating redundancies in terms of data input. You need to re-enter country of residence and nationality at payment time despite having done that already for the booking.  The problems arise when there is a bug and it becomes unavoidable to deal with a human operator. And this is where the nightmare starts. The operators, while usually courteous, are unable to do anything useful. In our case, they kept telling us there was nothing wrong with our corrupt data. In one instance, calling the Swiss desk, my call was broken and they would hang it up as we tried to call back. The Doha call center was easier to talk to, but they could not see, let alone fix the data problems. They made us believe that problems would be fixed at check-in or at the transit desk. Upon reaching the Doha stopover around midnight, we got kicked around from desk to desk (transit, to lounge, to ticketing, to upgrade before you fly. And at every stop,  ""we can't help you here, but no worries, your solution is at the next stop"". Nobody did the right thing when a system error is causing additional cost or reduced opportunity. On our previous trip, we checked-in to the Doha Al-Mourjan lounge with two paid up vouchers of which one was mysteriously not showing in their system. They treated us like suspects of having forged the voucher, it took 45 minutes of misery at 1 AM, with them absolutely refusing to let us take a rest while they investigated the bug, despite us offering them to take a debit on our credit card as a safety.  On the latest flight with them, we spent a night in Doha on a chair in a crowded, noisy hall because of the bug that prevented us for 10 days from booking the lounge which was part of planning this trip. "
784,"✅ Trip Verified |  I had a flight from Tehran to Seattle via Doha. The flight from Tehran to Doha was late for about two hours. Because of the delay, I lost my next flight from Doha to Seattle. Flight delay can happen for whatever reason, and all airlines have a policy of how to handle such a situation and take care of their passenger. The problems started when we landed at Doha international airport. The Qatar airways assistance guided us to the ""ransfer desk to arrange our missed flight. The ""Transfer desk"" had us wait right behind their door for hours to assign our next flight. In my case, I had to wait for more than two hours to get my next flight boarding pass from Doha to Seattle twenty-four hours later. Unfortunately, they didn’t offer any hotel, lounge, or a voucher to get a shower. Qatar Airways accommodations for their mistake and staying in an airport for twenty-four hours were two cups of coffee, two cookies, and a dirty blanket. Later at night, I went back to the  Transfer Desk to ask if they could give me at least a blanket that they did. However, it was dirty. So, I went back to Transfer Desk and I asked to talk to the deputy manager. Qatar Airways Transfer Desk deputy manager admitted the problem of the blanket, but she was unwilling even to touch the blanket they gave me 10 minutes earlier. "
785,"✅ Trip Verified |  This was our first time flying since the pandemic and with 2 children under the age of 2. Our flight attendants from Auckland to Brisbane to Doha were very friendly and helpful with keeping our 2 year old occupied and also ensuring our 2 month old was comfortable. The food was delicious. I highly recommend flying with Qatar Airways, thank you for making our trip enjoyable."
786,"✅ Trip Verified |  This was not my first experience with Qatar Airways, but I am sure, that it was not my last one. I can recommend this airline to everyone who likes to travel smoothly and comfortably. The stopover in Doha was not too long. Ground and flight service just perfect, without any problems. The procedure of booking the ticket, the price value ratio, information provided by the airlines (especially now when traveling during covid is a little bit complicated), the boarding and flight itself .. everything was organized well and did not pose any stress for the passenger. I definitely will choose this airline for my next trip."
787,"Not Verified |  I travel a lot and I never thought Qatar Airways would be my best options for travelling to USA . The crew were lovely and so helpful on ground and in the plane, they were so friendly and professional, and they treat all passengers nicely. Doha Airport were amazing and the duty free has a lot of options. The most important that they were on time. The food were so nice and they will never let you miss a meal even if you sleep, the crew wake you up to ask you for food and bring it ASAP ."
788,"Not Verified |  Qatar Business Class Quality Service in Economy.  A number of friends recommended Qatar to us as we have never flown them before and departing from the Philippines our options were limited. To make matters harder we traveled with 2 rescue cats who are daughters rescued pre Covid, but they were unable to return to pick them up, so my wife and I flew them with us to the USA.  Outstanding. From Check-in in Manila the entire staff were fantastic, they genuinely cared, a special thanks to Angelika. Due to a hernia, I needed wheelchair assistance and the staff looked after me as if I was their own father. Food onboard great, service great from Manila to Doha. Then the long sector Doha to Miami, again excellent and more praise for flight attendant Ben. He immediately saw I had an injury and moved forward to assist with bags and that my wife and I were comfortable. During the long flight he checked we were ok. A top man and a genuine person. Thank you, Ben. And Oh yes, the kitty cats were well looked after, given fresh water and food in Doha, and are happy reunited with their mummy in the USA"
789,✅ Trip Verified |  The best experience ever on board for me. The crew is very professional and helpful. Aircraft was so clean and the food is super delicious and tasty. Such a wonderful experience.
790,✅ Trip Verified |  I was dreading the 16 hour upcoming journey but the travel was nothing but pleasant. No unnecessary hassles and extremely supportive staff from starting airport till destination. Quality of food and other in-flight services was commendable. Availed the student club membership and got additional perks. Leg space did not matter much since I'm a short person but I am sure it would have been sufficiently comfortable even for a 6' person. Completely recommended for the available routes and I would be glad to travel with Qatar Airways again if and when situation and my budget permits.
791,"✅ Trip Verified | As it happens so often while flying Qatar, downgrade of aircraft type and therefore no Qsuite as initially booked. This happens very often now and the whole Qsuite hype becomes a joke. Service itself was impeccable with decent food and perfect service. Cabin wifi a waste of time."
792,"✅ Trip Verified |  This was by far my best experience and first time flying with Qatar Airways. From the check-in at the airport to the kindness of the staff to the food to the service and surprises between meals to the cleanliness of the plane the Confort of the sits the film selection and the schedule respected it was a nice and perfect experience. You also get a one hour free Wi-Fi which is really nice and plugs everywhere to charge your phone. The pilots are not constantly talking, or staff passing by which make it very easy to sleep. And it was my first time to see a security video with men made by football players with humour. Loved it, and probably the first time I enjoy watching the instruction. I will definitely fly with you again and will recommend to my friends and family."
793,"✅ Trip Verified |  I requested a refund 6 months ago, but I have not received the money back, even though repeatedly mailing and calling them once every month, and they keep reassuring me that the payment is on the way. I hope in the end I will get my money back."
794,"✅ Trip Verified |  It was my first time traveling with Qatar airways, it was fantastic trip with them. All I can say honestly they are the best airline. The service, the food, the way they treat you is phenomenal. I recommend you to travel with them!"
795,"✅ Trip Verified |  It was my first time flying Qatar Airways and overall they have seemed to impress me a lot. I flew in Economy class and they offered me a small amenity kit and a hygiene kit. Even during the pandemic, Qatar Airways offers cold refreshing wipes which is a really good touch. The seats offer lot of legroom however you can always pay extra and get an emergency exit seat . The IFE is good,  its latest, however I would love to see more variety. The inflight meals were really good, I had three options to choose from both of my flights. On the Boston- Doha, they served 4 meals consisting of dinner, 2 hot snacks and 1 breakfast. The crew was really nice and friendly, they made sure everyone had a good time. Qatar airways also offers wifi where for 60 minutes every passenger gets it for free and if you want for your whole journey, you can pay 10$ which is a pretty cheap deal compared to Emirates that charges more. The wifi is so fast that you can do video calls as well. Overall a really pleasant journey with Qatar Airways and Cannot wait to fly them again."
796,"✅ Trip Verified |  When I arrived at Bangkok airport late at night in time for my 3am flight I was denied boarding because the check-in staff did not acknowledge the entry requirement exceptions even though I had plenty of documentation to prove them with me, even a letter from the Italian Ministry of Foreign Affairs. I was stranded at the airport and had to make my way to find a hotel in town. Even though my exemption for certain entry requirements has been confirmed by literally every official venue in Italy, Qatar Airways won't acknowledge that I was wrongfully denied boarding and claiming any sort of compensation for their mistake has been an uphill battle of repeated dismissals. I was moved to the next day's flight I also didn't get my vegetarian meal."
797,"✅ Trip Verified |  The least that can be said about this trip that it was amazing. Since checking in with ground service at Melbourne till landing in Doha, the experience at Hamad Airport and then flying to Dubai. A quick note on the airport: my layover was 19 hours, and I would do it again without hesitation. Absolutely a wonderful airport. Flight attendants onboard are extremely friendly, very polite, and very helpful.  You feel it is personal care.  When food came, delicious is the minimum that can be said. Jeffery, Ghita, Maryam and Sabriya provided us with a service made us feel literally on Cloud 9. This was the flight left Melbourne on Fri, 14 May. Later on my component flight through Kuala Lumpur was cancelled by Malaysia Airlines. Qatar Airlines were able to replace with a direct flight Doha to Melbourne at no cost. This was very pleasing to myself and my family."
798,✅ Trip Verified |  The May 19 flight was announced as a cancelled flight while waiting at the gate when all passengers have already checked in. The cancelled flight was rescheduled the next day but was delayed for 3.5 hours.
799,✅ Trip Verified |  The infight Filipino crew were the best. They were able to provide excellent service to all passengers. Requests made by passenger were given full attention and services provided were genuine.
800,"✅ Trip Verified |  During my 2nd leg of the flight, Doha to Jakarta on Apr 20, 2021, I was touched by the friendly gestures from the flight attendants who noticed that I did not have time to enjoy my favorite Karak Chai during suhoor (due to busy serving time). Before we landed, she slipped some packs of Karak Chai for me to enjoy during iftaar. That was a thoughtful and nice gesture which helped me go through the next 5 days in quarantine hotel during Ramadan. Thank you Qatar Airways!"
801,"✅ Trip Verified |  Helsinki to Doha. One of the best airlines to fly with. Safe, reliable and on time, especially in Covid times. Impeccable service, great attitude from ground and in cabin staff. High level of service quality."
802,"✅ Trip Verified |  I have been using Qatar Airways for many years and find that every trip never disappointed me even during this pandemic. The QSuite is great for a long flight that gives the privacy and space for a light sleeper like me. Qatar keeps up the comfy relaxing as well as reassuring of the cleaning standard throughout the flight. The cabin attendants are professional and friendly, the lounge at Doha is awesome to take a short walk to stretch your legs before connecting to another flight."
803,"✅ Trip Verified |  Due to the pandemic, I wanted to fly back to Barcelona through a reliable airline. Qatar Airways had an appropriate flight schedule and adequate safety measures pertaining to Covid. I am a student, so I was able to take additional 10 kg luggage by enrolling in their Privilege Club. Also, high quality meals and a variety of special meal options to choose from enriched my flying experience. In fact, the airline does Asian Vegetarian Meals perfectly. Additionally, comfortable seats, good in-flight entertainment system and friendly crew are things to ask for in a flight. Finally, the layover at Doha Airport was a relaxing experience. I would recommend flying with this airline and would consider travelling with my family in the future through it."
804,"✅ Trip Verified |  Qatar Airways has become my preferred airline.  They make you feel welcomed at all times. During the pandemic and in times like this, they make us feel safe. They keep on ensuring all health and safety requirements are met. What stood out during my recent trip were 2 main things. When confirming my meal preference, I was greeted by “Welcome Back” and that just made me feel recognized. They know their customers well and never miss out on any meal preference requested or any detail that could make you feel comfortable. We had arrived slightly late to Doha and I didn't have much time left to catch my second flight. But qatar airways ensured that everyone going on a connected flight was escorted to their next gate and on time. The attention to the small details have made Qatar Airways stand out by far and that is what counts."
805,"✅ Trip Verified |  My wife and I had to relocate from Canada to Australia as part of my work transfer during the challenging COVID times and we were apprehensive and stressed about enduring long flights with no risk of exposure during the travel. We are glad that we chose Qatar Airways who made us feel safe and relieved. Transfer desk staff at Montreal were friendly and helpful in sorting out some last minute challenges on travel clearance. They gave us a meal voucher since all business class lounges were closed in Montreal airport. Boarding was streamlined to ensure social distance. Upon boarding the crew introduced and explained the cabin features. The amenity kid, COVID PPE kit, duvet were all ready at the seat and the crew offered the pyjamas. We chose the refreshing lemon mint signature drink prior to take off. The Qsuite is truly a first class business class suite with great comfort and privacy, could not ask for anything more. The couple suite rear facing was great offering us more personal space with the divider removed. The beverage and meal service was prompt and on demand. We miss the trolley service where you get to choose the options and appreciate the presentation but that is understandable during COVID times. One of the cabin crew was convincing my wife hard to have the breakfast since she skipped the dinner service. The crew wear their full PPE including gown and safety glasses and the passengers are required to wear masks at all times. The washrooms were kept clean at all times, however I felt the A350 washrooms bit smaller than the B777 ones. The transit experience in Hamad airport was smooth and refreshing. The 3 hours went by quick with shower facilities, spacious seating options and dining options on the upper level. The stand out was the consistency of care, genuinity and hospitality of the cabin crew - makes such a positive difference and validated our decision of choosing Qatar Airways especially during the challenging Covid times. Hands down, I recommend Qatar for their quality and care of service and safety."
806,"✅ Trip Verified |  I am a Frequent Business Traveler predominantly opting Emirates Flights. This is the first time I am flying with Qatar Airways as there are no flights from India to Dubai due to the Covid-19 pandemic. The services provided by the cabin crew was the best till date I have seen. The cabin crew Princy Rani Vijayn was very friendly, caring, soft-spoken and attentive. When i told her that I am from Kerala she came and introduced herself. I am a gold member of emirates but from now on i will be considering to mostly fly with Qatar Airways. "
807,"Not Verified |  I am very impressed. Onboard services were simply unparalleled. Great is an understatement. Bathrooms were cleaned almost after every passenger used them, really impressive. Super friendly crew. The plane was great in terms of features. Non touch bathroom flush, big bathroom sink, very comfortable seats with good room. The food was amazingly tasty and very generous portion."
808,"✅ Trip Verified |  Been flying between Inda and US for the past 20 years. I am a platinum Etihad, Gold Emirates & Singapore-Kris. Booked on Qatar Airways due to availability (all others cancelled due to COVID bans). First time on Qatar. Very happy to be on a Qatar Airways  flight. In flight service is great. Food is excellent. Doha is a very clean and convenient transfer point. Kids too felt very comfortable. I will definitely fly Qatar Airways."
809,"✅ Trip Verified |  We were offloaded from the plane as our daughter had no PCR test.  We discussed with the airline staff who told us this is a airline procedure. we were told to call their call centre. it was impossible to reach their call centre. We tried at the airport, we called the local number, their international number and the Dutch privilege card number. I heard endless tapes how flexible and stress free flying with Qatar would be, but no agent. Subsequently i wrote to Qatar, who answered me informing that it was my mistake, and they told me to contact them (referring to the same call centre). We then contacted a travel agent and we got a call from Qatar. They told us that we could book a new ticket and they would deduct the unused legs of the flight, some 750 euro worth. I told them that I would prefer to pay with the voucher they promise on their website: that was not possible, except if I waited 3 weeks. i could could use the remainder of the refund  for the any upcoming flight."
810,"✅ Trip Verified |  I was not allowed to board my flight from Qatar to Iceland via Denmark. The staff said that transit through Denmark was not allowed for non-EU citizens, when the latest guidelines (Denmark regulations claimed otherwise). The main issue was the almost non-existent customer service to address the issue. I provided an email from the Denmark immigration supervisor stating I can transit through the airport. I provided all this information to staff. The staff then claimed I was denied entry because I did not provide a 48 hr Covid test. I provided records of my  72 hr pcr test and even my vaccination certificate. The staff then told me to call back for a update. To this date, after providing all the justification, I have yet to receive justification why I was not allowed to board my flight after meeting all the requirements, or help in rebooking my flight if a mistake was made. Throughout this whole ordeal, no one from has made any attempts to make contact with me to resolve the issue. All the communication was initiated by me (through numerous phone calls, supplying information on email to both airport operations team and customer care, and visiting the airport customer service desk). "
811,"✅ Trip Verified |  Doha to Chicago on 30th April. Evasive phone numbers, and no customer service email address? Their policy states that if a flight is set back more than 3 hours, other than weather, or an act of God,  you will be refunded. After having to offload and reboard a second plane totalling nearly 4 hours, one would think you'd be compensated. Especially after missing the next flight, and setting me back another 9 hours. After countless hours trying to get someone that will actually listen you hear the words, we are not responsible, nor refundable. The rudeness and evasive accountability is astounding. "
812,"✅ Trip Verified |  My flight was just wonderful. I've never experienced anything like it. The staff was friendly and very attentive. The food was excellent. My seat was very spacious and comfortable. The amenities were outstanding. Everything worked. There was room for everything in the overhead bin. The aircraft was clean. The rest rooms were cleaned on a regular basis. In the age of covid I felt totally safe. I highly recommend this airline to others. As a side note, I had never noticed Qatar Airways prior to this trip. I usually fly another airline when I go to South Africa. Now, I am looking at the their routes on their websites to see where I can plan another trip. I really enjoyed my flight and look forward to flying with them again."
813,"✅ Trip Verified |  Chicago to Beirut via Doha. This is the first time I take Qatar Airways. I have heard great reviews before. However, I must say that all expectations were exceeded from door-to-door or airport-to-airport."
814,"✅ Trip Verified |  With Qatar Airways you get genuine loyalty awards along with all it's other world class services. It's dedication to quality, value for money and the highly professional staff are what puts it at top of the list."
815,"✅ Trip Verified |  I'm very satisfied with the experience flying with them on 25th of April 2021 Dublin to Doha. I flew with this airline probably 10 times, one of the best services cabin in the world.! Must mention here a cabin crew Mr Sundeep was very friendly and helpful, and all the cabin crew doing good jobs thanks you. Definitely I'll fly again with you."
816,✅ Trip Verified |  Dallas Ft Worth to Colombo via Doha. We love flying Qatar Airways. Their QSuites are fabulous and give privacy. The cabin service and the food is exquisite. Don't feel the 15 to 16 hours of flight .
817,"✅ Trip Verified | Recently I traveled with Qatar Airways again and it was a great experience as always. The airline provided all needed information, even the smallest update was sent days before. On their website you can find more info about travel restriction rules in your destination than on any official website of destination. Their staff and crew members are very professional, kind and helpful, simply world class level. I had a few kg's of luggage over my limit and it is never a problem. Times are not good for aviation industry right now but still, all 4 of my flights this time were smooth and without even one problem. Thank you Qatar Airways and I hope to see you again soon."
818,"✅ Trip Verified |  Flying with Qatar is always a wonderful experience. Staff are unfailingly polite and helpful, all processes efficient and smooth, and everything kept to a very high standard. I have nothing but praise for an airline that has been my favourite for many years now."
819,"✅ Trip Verified |  This was my first time flying with Qatar Airways and I would highly recommend this airline because even in the midst of a pandemic they were reliable, punctual and trustworthy. I flew from the US to Doha and than Doha-Bangkok, and everything was punctual with amazing customer service. The food was the most amazing airplane food I have ever had- lasagna and garlic bread, sweet and sour chicken and even cheese cake for dessert. It was delicious. On a 15 hour flight, all flight attendants were constantly working and attentive to customer needs offering snacks or water. The plane seats were also very comfortable and my computer bag could easily fit in the aisle seat. Thanks for a wonderful flight and being so reliable in these difficult days!"
820,"✅ Trip Verified |  I am a regular flyer of Qatar Airways, and every time I fly I enjoy an unmatched experience. The experience starts right from the time you visit their user-friendly website for ticketing / check-in or for any changes you wish to make. The Airport lounge is one of the best among many I have visited in other countries. The in-flight ambience and services are extraordinary. Also they take care of all the safety aspects from embarking till disembark. "
821,"Not Verified |  Qatar Airways has been one of my favorite airlines to fly. Their service, food and entertainment is amazing. However, this time I was perplexed by their services. I was leaving Najaf airport and the plane was late. I have notified the ground crew that I have a quick connecting flight and was nervous that I would miss my connecting flight. They reassured me that all will be well. We arrived into Doha and I missed my connecting flight. What happened next threw my experience into the negative zone. My next flight have been scheduled at 1855 hrs (18 hours later). The Qatar Airways staff told me that they did not have an hotel room left and he would offer me a complimentary meal voucher and I could find a place in the airport to lie down and relax. I told him that the meal voucher meant little to me since the delay in flight was their problem. If they could not arrange accommodation for me in the airport, the least they could do was upgrade my next flight. He asked me to wait as he spoke to his manager and 30 minutes later I was in a hotel room. The flight to Nairobi was amazing with great service and I cant complain about the air crew. However this experience really had me thinking about flying with Qatar in the future."
822,"✅ Trip Verified |  It was an exhilarating experience for my wife and I to fly Qatar Airways in July 2020 and again in March 2021. By all means, with our international travel of over 50 years,  we rate Qatar Airways to be the front runner and the best. Each aspect of air travel is superb from booking through check in, baggage handling and most of all the inflight services. The cabin crew is the icing on the cake. We love Qatar Airways which will be our #1 priority whenever we travel international"
823,✅ Trip Verified |  I give Qatar Airways the best review one can ge. Super service on the flight and in the lounge. This is the airline I will use as often as I can for the future. Thank you!
824,"✅ Trip Verified |  My wife and I travelled back to the UK from Thailand on 18th March 2021. We checked in at the Qatar Airways desk about 4 hours before departure, and we very thankful that we had got to the airport so early as all our documents for the return trip, i.e. Certificate of a Negative Covid Test, the UK government's Passenger Locator Form, and the receipt for the two obligatory Covid tests that are required by the UK government when in self-isolation within the UK, were meticulously checked by check-in staff, the whole process taking 25 minutes. Boarding the aircraft at Bangkok was the most professional and well controlled that I have ever experienced at Bangkok's Suvarnabhumi Airport; whereas they normally descend into chaos as soon as boarding is announced. My wife and I were pleasantly surprised by the modernity and cleanliness of the aircraft that we boarded, everything we needed for the flight, e.g. facemasks, hand cleanser, ear plugs etc were all neatly arranged in the seat pockets in front of us. The cabin crew were very smartly dressed and neatly turned out, and they were very polite, attentive and visibly present throughout the whole flight. The in-flight meals were of the very highest standard, and probably the best that I have ever been served on a flight back to the London. We arrived in Doha on schedule, and boarded flight at the correct time and the boarding was conducted with the same proficient manner as out first flight. The London bound plane was absolutely jammed pack, but the cabin crew, although extremely busy, behaved with the same quiet and firm professionalism that I had experienced throughout. I witnessed an incident whereby a passenger removed his facemask and refused to put it back on, this passenger was immediately dealt with in a very firm and thoroughly professional manner, which was very reassuring for other passengers around. I was impressed all round by the carrier and I certainly will consider using Qatar Airways in the future."
825,✅ Trip Verified |  My flight from Kuala Lumpur to Doha was very peaceful and pleasant. The cabin crew Anushka was very polite she provided excellent and exceptional service to me and the fellow passenger throughout the flight with smile and finesse. I would like to appreciate her kindness and positivity. 
826,"✅ Trip Verified |  We didn’t get to fly with Qatar Airways after booking with them months previously because they were so rigid about their change rules. You can book a Qsuite and the day before the flight they can change it to a regular seat. They will allow you to change to a different flight without a change fee but you would have to pay the difference in fare which for us was $10,000 a person. They will not allow you to mix business and economy seats on any of your fight, any leg or coming back or anything. Since we needed to change just one leg of our flight (Doha to Male) since we had to cancel our stopover in Doha due to COVID and we didn’t want to pay $20,000 more, we canceled our entire flight at the last minute and booked economy with Emirates who was happy to have us upgrade to Business for just one leg.  I asked why you can’t mix business and economy and they said it’s because the baggage fees are different. I said I would pay the baggage fee difference.  I asked why not and she said “you can’t ask why not”."
827,✅ Trip Verified |  Kuala Lumpur to Basra via Doha. I have been using Qatar airways lately and impressed with their cabin features. Cool environment and very customer centric cabin crew. The only suggestion to improve is to provide guest with drinking water.
828,"✅ Trip Verified |  Highly impressed by the hospitable attitude of cabin crew. The cabin crew show utmost respect, care and hospitality, so a big Thankyou. I've flown with many different airlines in last 10 yrs and never have i found such a welcoming attitude from any of the crew members as of Qatar Airways."
829,"✅ Trip Verified |  We had two long, but awesome trips from the US to Kenya through Qatar Airways. The first trip was over 12 hours from Chicago to Doha. The trip was made easy and comfortable by the staff,  who were so welcoming and hospitable to us. We enjoyed the time in the plane, the food served, and the crew who were so friendly and helpful. The 2nd trip was the same, if not better.  Can’t wait to fly with you again soon to experience the same."
830,"✅ Trip Verified |  The only experience I had before with Qatar was a ticket purchased though ASAP tickets which turned out to be a disaster. I was going to meet my girlfriend in Panama. She ran into a problem on the second leg of the trip because of needing to have a visa to change planes in USA and needed a visa for that. They had a flight a few hours later which would not of been a problem. Qatar said she needed to go though ticket agency. ASAP did nothing to help and blamed it on Qatar. After trying for three weeks with is both paying hotel rooms they could not help since all their flights went though USA. I later checked with them about a flight and it is no problem going though Spain which was no problem. Canceled the trip and we both went home to separate countries. I will not use ASAP again and was able to get a refund from credit card company on her trip. Of course by then spending time, thousands of dollars and way to much stress. Never thought I would use Qatar again either. Another trip to Thailand and Qatar was the best deal and schedule so against my better judgment I tried them again. What a surprise. Everything went very easy, I had to change flight twice because of visa issues but no charge and easy to do. Everything about my flight was great. I didn’t have a hard copy of some paperwork so they printed it out me. The people were exceptional. This is my new favorite airline."
831,"✅ Trip Verified |  I tried a lot of Airlines to travel overseas. On my last trip, I received an optional upgrade at a low price of 200$ Erbil to Doha and 830$ Doha to Los Angeles or both in like 910$; this is very low. Still, I heard a lot about Qatar airways, so I said let me try it for once.  Until you leave, you are pampered with luxury. The team is amicable, and the comfort levels and services provided were terrific. I usually never sleep on any flights, no matter how long they are, and this one is 16 hours, but I slept like 7 to 8 hours which for me was a miracle. Thanks to Qatar Airways for providing me with this experience; it was very memorable and pleasant. Looking forward to next time."
832,✅ Trip Verified | The best airline I have flown so far. The airline crew and ground staff were super nice. The lounge was beautiful. Both flights from New York JFK to Doha and Doha to Dhaka was a pleasure completely. I will fly over and over.
833,✅ Trip Verified | My experience with Qatar Airways was just exceptional. From booking to managing my flight. I had to change my flight date due to unforeseen circumstances and was worried I would have to pay a huge amount to change and would have difficulties in getting my request done. However they sorted out my enquiry speedily and at no extra charge (I got the same ticket a week later). Furthermore the staff was so friendly and kind and they provided me with my requested vegetarian meals with no hassles. I would really recommend flying Qatar any day and I will definitely be flying Qatar on my next flight! Great job everyone!
834,✅ Trip Verified | Best ground staff and onboard staff which provided par excellence service. Ground staff at Houston was extremely helpful and made check-in easy. Lounge was closed because of COVID. Missed the business lounge experience. Seats were very comfortable. Onboard service excellent. Entertainment was good. Doha ground and lounge were extremely courteous and helpful. Doha to Karachi was same story repeated.
835,"✅ Trip Verified |  Flying during Covid-era is stressful in and on itself, yet I managed to have the most pleasing and calming travel experience, thanks to Qatar Airways and their excellent service on board. Very kind and helpful staff, great food, seat-distancing and social distancing scheme measures applied neatly, the extra kit provision (hand sanitizer and gloves), relaxing entertainment, great free wifi connection, etc. Highly recommended!"
836,"Not Verified |  Best service experience.  I have only compliments to give to Qatar Airways team, but I need to make a special mention to Patricia who was working with the check-in team. She did everything she could to make sure I was on my plane even if my QR code for Australia oversea arrival quarantine was late to arrive. She made sure I was able to take my flight in Montreal Airport on January 29th and I am extremely thankful for her commitment. She was the key to the success of my very stressful and complexe arrival in Australia. Being my first time travelling to Australia for my employer, in the worst possible time due to the reality of COVID-19, with the strict rules of Australia (that are somewhat a bit complex to follow), she got me on that plane. Without her commitment to resolving my issue, I would have lost all the time I have put on my thorough planning for my 14 days of oversea arrival quarantine, my companies projects and safety logistics."
837,"✅ Trip Verified |  Qatar Airways, Most reliable airline during this pandemic!  Travelling on Qatar Airways recently was a stress free, COVID safe, comfortable experience from start to finish. The check in process wasn't perfect, but with all the changes to legislation of various countries, I did expect things to be a little slower. This in my opinion is acceptable in the current climate. When on the flight, there were plenty of seats available to maintain some form of social distance, the crew wore correct PPE and enforced passengers to do the same. The crew issue a travel pack which contained sufficient face masks, gloves and hand sanitiser for the trip and onward journey. Food on the flight was tasty and the drinks service was sufficient to remain comfortable through out the trip. On arrival at Doha, all passengers was ushered through to transfers, by passing the unnecessary security check points allowing us to, again maintain social distancing. I had a long layover so utilised an airport lounge but I did noticed the majority of the stores open in Doha Airport. My trip involved two flights which both arrived on time at their respective destinations. Overall, I was very impressed how COVID safe and comfortable the journey was, and that is travelling economy. I am going to be using Qatar Airways as my first choice airline for the considerable future. Thank you, keep doing, what you are doing!"
838,✅ Trip Verified |  Excellent service and so kind and nice and polite staff Two person in specific Mr. Mannan and Ms. Shirin on flight QR 1380 on 1st February were excellent and were very polite and very supportive. Excellent service provided.
839,"✅ Trip Verified | I flew from Hyderabad - Chicago - Hyderabad by QR725/726. The World's highly recommended airline, good spacious economy seat with good leg room, completely satisfied with very friendly attitude of the flight crews, outstanding service level and above our expectations pleasant and decent staff and on time performance no delays at all. Really appreciate it, it made the almost 15 hours journey a lot more welcome. Doha Airport is very neat with a very welcoming attitude, washrooms at the airport are very clean and hygienic. Cabin crew attendants were kind and treated us like family members. They always watched if we needed anything else. Qatar Airways is the name of guarantee and trust of the passengers. The complimentary 1 hour free wifi is absolutely helpful to contact our dear ones during the flight. The best airline by far, everything was exceptional from beginning to the end. I definitely recommend to the world to prefer Qatar Airways. Thank you Qatar Airways for your excellent services."
840,"✅ Trip Verified |  Highly recommended! Flew Qatar Airways Stockholm to Bangkok in Business (via Doha) a few days ago. Been completely comfortable and satisfied with Qatar Airways before and find no reason to change my opinion now. Outstanding service level, pleasant and attendant staff, superb onboard catering. Their Qsuite is a spectacular experience, especially the privacy with the closing door. Any opportunity to fly with Qatar Airways again will be taken most seriously."
841,"✅ Trip Verified |  I wanted to compliment the cabin crew for their extraordinary service on our flight QR744. We were relocating to Singapore and were travelling BOS-DOH-SIN and the long journey was made comfortable by the crew of QR 744 and 942. Service requires a lot of resilience can be such a thankless job, I write to you because your efforts put us at so much ease in our transcontinental move. These are tough times and we appreciate the care they provide amidst all that, putting their best self forward albeit at a personal health risk. We thoroughly enjoyed the Qsuite in QR744 and are grateful the team for allowing me and my spouse to move into middle seats. Really appreciate it, it made the 12 hour journey a lot more welcome. We hope that this feedback reaches the right people and they continue to do amazing work. This was the second time I flew Qatar Airways and it now certainly is my favourite airline to fly with."
842,✅ Trip Verified |  I had the first time opportunity to travel with my infant in this pandemic all alone with Qatar airways. I would like to really thank Delisha cabin crew attendant who was more kind and treated me like a family member. She was so helpful and caring throughout my 15 hrs journey. She was always watching me if i need anything or any meal is required for my infant and myself. Delisha was doing a great job in taking care of me. 
843,"✅ Trip Verified | I flew Muscat to Doha in Economy Class. Would have preferred if their were less people on the plane, we were jammed in like sardines which was unfortunate given the current situation. However service was good, snack tasty, in flight entertainment excellent. Then I flew from Doha to Manchester in Business Class. Qatar Airways are truly the best at BC. Fantastic attentive service, excellent food and wines, very comfy fully reclining seat. I didn’t want to get off. Big screen in flight entertainment.Really the class leader for Business Class in my opinion."
844,"✅ Trip Verified |  Qatar Airways is the name of guarantee and trust, even under very extraordinary circumstances (covid-19), where majority of airlines couldn't maintain their business and promise with their customers and many people faced difficulties from flight cancellation to flight refund, Qatar airways stood firm and steady and delivered the best service to the customers. I had a 5 star experience at oryx lounge and great time at Hamad Airport."
845,"✅ Trip Verified |  Qatar Airways presents itself as a 5-Star Airline. So expectations are very high, especially during these unusual circumstances. Qatar didn't disappointed at all for my 2 flights. Organized boarding, clean planes, good leg space (I am 1,93m tall), very attentive crew, tasty food and beverage service, even it's announced as 'modified', and an amazing in-flight entertainment system. The complimentary 1 hour free WiFi is absolutely a surplus. So, a good experience with Qatar Airways, highly recommended."
846,"✅ Trip Verified |  I have used Qatar Airways for the most of my travels. But recently they have done something that is opposed to being a good airline. They have marketed on their webpages that tickets that are booked prior to 31 of December 2020 can be rebooked/changed unlimited times free of charge. Due to this benefit I have booked on Qatar Airways. But now when I want to change the ticket, delay my flight back to Stockholm a week or more they are asking for the fare difference which is 300-500USD. I paid my original ticket for 900USD with the intention to have flexibility with my return date but they say that only service fee is free but not fare price. "
847,"✅ Trip Verified |  I was traveling Qatar along with my friend on 14 January from Kathmandu, everything was up to the mark specially the Ms Hui from Japan was outstanding on her performance. With highly positive attitude, inter personal skills with a highly customer focus attitude. Thanks Qatar Airways and all the members."
848,"✅ Trip Verified |  I was due to fly back home to Doha from Istanbul via Qatar Airways. I had all of my COVID-19 documents in order to board my flight. This consists of a negative PCR test and a medical certificate that makes me eligible for home quarantine in Doha. However, Qatar Airways staff at the Istanbul airport refused to let me board my flight. I called customer service and they told me that the Qatari government regulations are wrong and that I should call the Ministry of Public Health and inform them of that. After several conversation, it was clear that Qatar Airways staff were coercing me to book a hotel for quarantine on Discover Qatar. I was forced to book a flight home on another airline and add an extra night of expenses. They refused to refund my ticket. This convoluted hotel quarantine police they have isn’t written anywhere on their website, neither is the refund claim they make."
849,"✅ Trip Verified |  My girlfriend and I flew with Qatar Airways from Amsterdam to Doha a few days ago. The whole experience was great - checking-in, counter service, boarding, seat and leg space, entertainment program, exiting, etc. A special shout out for the food between Doha and Bangkok which was probably the best I ever had on a plane. The only thing why it is not 10/10 is the loading speed and UX / UI of both, mobile and desktop booking process. They seriously need to upgrade this as it is a bit painful and it takes a long time. As an airline, however, I can highly recommend them!"
850,✅ Trip Verified | This was a dazzling airline. Doha to Sao Paulo was a 16 hour flight but the miles and time seemed to just fly by on their impeccable service standards. The A350 was immaculate and clean and the cabin crew so gracious that nothing was too much trouble for them. Plenty of food and constant drink servings. I flew Economy but they made you feel like you are valued and important. Especially the young kind hearted South African cabin crew lady. Flying QR in December you got Free WIFI for the entire flight and it largely worked well. QR sets the standard that all other airlines should strive for.
851,"Not Verified |  I pretty much enjoyed the trip. The precautions taken against covid-19 were very much advanced and puts you at a sense of peace during the whole trip. Though the flight was almost full however the team was very helpful and you do feel at ease with any request, the hosts even remembered and served me a request while at the busy period of boarding. Food was amazing, they had also a precaution set of several items against covid 19. No one removed their mask during the entire trip and also had a face shield unless they were eating. Leg space and seats were really comfortable. The entertainment content is amazing which made the time pass, i loved the fact that the screens are large compared to other airlines and i was able to recharge my phone as well and had internet access during most of the trip for Free! Overall i was pretty impressed honestly and really enjoyed my trip."
852,"✅ Trip Verified |  The perfect trip in a very strange period. I didn't feel the pandemic pressure at all. The same amazing services, with very professional staff. Doha Hamad the same extraordinary airport, where everything and everybody was in the perfect places. Thank you!"
853,"✅ Trip Verified | Flew from Sofia, Bulgaria to Adelaide, Australia. The service on Qatar is impeccable. Was able to access the Al Mourjan lounge for my 20 hour layover. This is a spectacularly appointed space with almost limitless options for resting, working and food and drink. The space is enormous and it is easy to find a quiet space to oneself. The service on both flights was excellent. Nothing is too much trouble, the staff are always polite, and they deserve all the praise for their patience and attentiveness. Can't praise them too highly! The added bonus of flying Qatar is their commitment to safety during the pandemic. Masks and face shields are provided for all passengers - and all the staff are protected as well."
854,"✅ Trip Verified |  Exceptional service and facilities. The business class sitting/sleeping area is extremely comfortable and private and the staff (the flight attendant who attended me was Pav and she was amazing) were helpful, kind and went above and beyond to make us feel helpful and comfortable."
855,"✅ Trip Verified | I have been flying all over the world, mainly for professional reasons, for the last 40 years. Recently I am travelling more for leisure than for work. This is why my son and I decided to fly to Cape Town, South Africa recently. We flew from Paris to Cape Town via Doha with Qatar Airways in Business Class, and this was probably the best choice, as everything went perfect. From the boarding in CDG up to the disembarking in CPT, the whole experience was great. The Q-Suite concept, as well as the ""family suite"" concept have been very well designed. The attendants service and food and beverages quality are the highest standards I have ever experienced in the industry. For me, Qatar Airways is definitely the best airline for Business Class. I could say that Qatar is for me today part of the travel destination decision, in the sense that I am prioritizing destinations where Qatar Airways can fly me to!"
856,"✅ Trip Verified |  Mogadishu to Chicago via Doha. It was an amazing experience. The service provided, the quality of items available, the crew care, the hygiene and the overall flying environment was outstanding."
857,"✅ Trip Verified |  Stockholm to Doha. My experience flying this flight was awesome! Crew members (Maja and others) did great job, they are friendly and caring. Crews are always available to help customer on any request. Its a wonderful experience. Thank you Qatar Airways."
858,"✅ Trip Verified |  Zvartnots to Los Angeles via Doha. Comfortable seat in the flight, friendly service, ease of moving in the airport, great ticket price, compliant with COVID 19, very helpful customer service."
859,✅ Trip Verified |  Kigali to New York via Doha. The services were superb and the food was delicious. The customer care at the airport was very friendly. And the prevention for COVID-19 was of very high standard.
860,"✅ Trip Verified |  The flight out to Thailand was great. However the return flight was cancelled due to Covid. Qatar Airways was offering a change of date in place of return flight or refund or voucher. I recently contacted Customer services to arrange my return flight this has been very difficult and I've been told that they issued me with a voucher without me requesting this option. I have tried to have this rectified to enable me to book the return flight home to replace the original cancelled flight. The customer services have not been helpful in regard to this option, they now want to charge me a further amount for return flight offering the voucher value as discount on the ticket I require. After further discussions as to why a voucher was issued they inform me that another party had requested this without my consent or knowledge. Despite this they tell me that they are unwilling to put the error right and issue me with a return ticket.
"
861,"✅ Trip Verified |  Absolutely brilliant airline. Couldn't be more happy with the service I was provided. I live in the UK and work in Indonesia, so travel is a large part of my life. I am a long term Emirates frequent flyer, but due to the restrictions of Covid-19 and the ridiculous rules Emirates have put in place, I decided to fly using Qatar Airways who we were told are one of the only major airlines still operating. Was the best decision I have made and will be sure to fly with Qatar again the future. Highly recommend to everyone."
862,"✅ Trip Verified |  I flew from Zagreb to Basra via Doha. Stayed in Oryx hotel. The best airline by far, everything was exceptional from beginning to the end. Cant wait to fly again with Qatar airways."
863,"✅ Trip Verified |  We flew Sydney-Doha-London business class. We'd not flown business before so we thought we would treat ourselves, our bookings were made well in advance pre-Covid. Due to the restrictions on flying our flight got pushed back until we finally got clearance to fly one year after our initial booking and six months after our intended flight. Changing our tickets was simplicity and the person dealing with the change was very helpful. Checking in at Sydney was average with the check in staff doubling up with gate duties, there were only four flights departing Sydney that evening so they weren't exactly rushed off their feet. The flight was uneventful which is how you want it. The service was exemplary, very attentive and the food was delicious with plenty of it. The seat although lie flat wasn't as comfortable as I was expecting and on the 14 hour flight I got somewhere between 2-3 hours of sleep. The in flight entertainment was average with few major movies available. We had three hours at Doha before catching our onward flight to Heathrow and we used most of the three hours in the spacious lounge refreshing ourselves. The onward flight was a repeat of the first flight, generally pleasant with the same caveats as before. Overall the onboard experience was very good. But what marred the flight was after we got to our isolation destination to find out an expensive electrical item had been badly damaged despite it being marked as fragile. Qatar's response was effectively 'tough, that's the terms of service that we had signed up for' and they declined to take responsibility or consider my claim for damages. "
864,"✅ Trip Verified |  I have the pleasure to live in Thailand for 6 months every year. The pleasure is only getting bigger when I travel with Qatar Airways, they are in my opinion the best. Especially since we got the Corona last year, Qatar Airways made it very easy for their customers, to make changes and rebook tickets when most of the world went bananas and closed everything. You can always count on Qatar to take you where you need to go. I strongly believe that when you're treated good you need to be loyal. Therefore I will probably stay with them for the rest of my life. I simply love Qatar Airways and the service they provide to me!"
865,"✅ Trip Verified |  Flew from Doha to Islamabad just as the pandemic began on 2nd March 2020 for a 1 week trip to Pakistan. The flight service was great as you would expect on Qatar Airways. On the 10th March Qatar denied entry to any resident permit holders and as a result I became stranded. I went to the Islamabad office who did not issue a refund and they were not providing any explanation or alternatives. Time went by and Qatar was not opening ways for us anytime soon. As a British National on April 27th I took the repatriation flight to Heathrow, the aircraft was great,very modern.... Service was excellent. To this day I have been unable to return to Qatar. Refunds should be issued without hesitation or causing problems for the customer at least. Over all the flights were great but the COVID-19 pandemic has changed flying for all of us!"
866,"✅ Trip Verified | I had to travel on short notice, the ticket price was very attractive and since the route is offered daily there was flexibility. However, opposed to their website stating that date changes are free of charge, it's not always the case and I would have had to pay regular fare change and rebooking fees. Quite unclear when the free date change applies! So I had to stick to the original travel date. Seats in A350 economy are very narrow in width and I don't want to imagine being squeezed into them in a full flight. Luckily for us passengers, both flights were only 1/3 or less full on all flights. They put all passengers in the rear part of the cabin for departure, after which you're free to roam around and pick a free row to sit or sleep, which made the trip very enjoyable. Wifi was free for the whole duration of the flight and quite reliable. It's a good and bad thing at the same time, flying no longer is the time to disconnect for a couple of hours. The staff on ground and on board were extremely friendly, attentive and caring. "
867,"✅ Trip Verified |  After nice business class trip from Frankfurt to the Maldives my husband and I decided to buy-up both legs of our flight on the way back home. This cost us an extra $2100.00. Upon arriving in Doha we were informed that the upgraded ticket doesn't include lounge access. This is the first time in all of my flights that I have been told that paying to upgrade doesn't get you lounge access. We paid for a full fare business class ticket in the end, we just paid it via an upgrade and did it for two extra legs of the trip. (Currently sitting in the transit lounge, as we luckily have other lounge accesses). It's true that in fine print at the bottom of the email under the 'upgrade here' you will find that the upgrade doesn't allow lounge access - however, they hide it. "
868,"✅ Trip Verified | 
I had a great time travelling via Qatar Airways and all I would like to say about the flights are delightful service, good food, really nice aircrafts and fantastic cabin crew. Especially the cabin staff who was great, along with all of her colleagues. Very accommodating and helpful."
869,"✅ Trip Verified |  Best airline to fly for a family with an infant. Safety measures were as we expected, the crew was amazing with us and our baby. Due to corona they are not longer allow to take the baby stroller in transit in DOH but for us was ok because it was a short stop. I will always choose this airline for long journey!"
870,✅ Trip Verified |  After a two and a half hour delay (not even a water offered) there was a further delay at our transit point. I was told that my plane had left and there was a flight in several hours to my country but not my destination as they only fly there once a week. There was not even an apology offered. The staff told me it’s up to myself to find pay for a connecting flight in our country even though I’d paid Qatar in full for a ticket to my destination! After much demand they agreed to sort the final leg of our trip. We were again in our several ours at transit destination not offered anything. We had to demand some food and water and it was a fight to get a bit of airplane food and water! 
871,"✅ Trip Verified | Qatar Airways is organised and friendly. Service is top notch. The seats are comfortable with enough leg room. The food onboard is outstanding. They are always on time or close to that. The service centres and call centres are easy to deal with and will help you change flights or answer questions as best they can. Qatar Airways has an excellent online site too that makes ticket purchase a breeze, with the facility to be charged in many currencies that can be important for your credit card rules. They are taking every reasonable step to make flying safe during covid, insisting on masks and on some routes, pre-flight testing. They also give face shields to every passenger at time of boarding, and implement social distancing. All of these measures help the passenger to feel safe and comfortable in the choice to travel at this time. Qatar Airways is a truly great airline that makes every trip with them enjoyable and something to look forward to."
872,"✅ Trip Verified | Overall experience with Qatar Airways is superb, considering I had a bad experience with check in counter staff at Fiumicino Airport. I am not sure if they are directly Qatar Airways’ staff or ADR staff. They give out free face shields upon boarding. The Filipino flight attendant who welcomed us felt bad when she saw me in a haggard state due to my awful experience with Fiumicino check in staff. In our language, she comforted me and made sure I was okay. It really meant a lot to me on a personal level. Both the Rome-Doha and Doha-Manila flights have spacious seats, great halal food and snacks, more drinks and a good selection of inflight entertainment. I was able to use wifi for free on the Doha-Manila flight. Despite bringing my own sanitizers and face masks, I really like how Qatar Airways also gave out useful hygiene kits that I am able to still keep as extras on my bag. While the Rome-Doha flight specifically spaced out seats for social distancing, the Doha-Manila flight seemed to be full."
873,"✅ Trip Verified |  Level of customer service is superb. I had forgotten my carry on luggage in the aircraft and the ground staff at Jomo Kenyatta airport in Nairobi retrieved it for me from the airport with less than 20 minutes to go before the boarding commenced. The flight purser on the Doha-Nairobi route was extremely helpful and helped me carry of the luggage to the bottom of the stairs - I am a regular flyer (7+ international trips a year) but this is first time I am experiencing customer service this superior. My Gluten free meal was 5 star; on the outward trip, I forgot to put in request for gluten free meal and so when I requested for it once aboard the aircraft, the attendant really went out of their way to meet my request. With this level of service, I am converted and Qatar will be my first choice - the whole experience was truly amazing."
874,"✅ Trip Verified |  I am an Emergency Medicine consultant, one of the front front liner healthcare workers during COVID 19 era. I would like to express my sincere gratitude and thankfulness for your gift to all the frontline healthcare worker all over the world.  I am not new to Qatar Airways, as I had more than 20 flights there before. But this trip was so special as a best reward for the massive work during that unprecedented times for all of us. I received the promo code and booked a flight to Manchester, almost free. the trip and the holiday were really amazing. I felt very satisfied and elated that my work has been recognized and appreciated in such way. I would like also to appreciate the remarkable care for my family during our flight by Ms Karawan from Tunisia who was very kind and sincerely helping. Massive thanks to Qatar Airways."
875,"✅ Trip Verified |  This review is not about the flight itself, its about the customer service of Qatar on the ground. Qatar tries to catch customers with promotions like getting 3 x QPoints or 5 x QMiles Because of a promotion, I book my flight with Qatar Airways in Business Class. Due Covid-19 everything was cancelled and I agreed to receive a voucher. Now I rebooked my flight, again in Business Class, but the amount of my voucher was not enough, I had to pay also some extra costs. There is currently a promotion active which lets you earn many bonus miles - so I contacted Qatar if I will be able to collect these miles. The answer was no. You booked this flight with a voucher from an earlier, cancelled flight, so I am not eligible for the current promo. If this depends on the initial flight, I was eligible to earn 3 x QPoints from the previous flight?  I want to clarify that the service on board is still amazing, the crews do a great job. But on ground, the customer service is just a shame."
876,"✅ Trip Verified |  I was traveling from Chicago to Kuala Lumpur on flight QR726 via Doha on 10/08/20 when I was asked at the gate if I had a letter of undertaking from the government of Malaysia and I didn’t know what that was. They told me I had to contact the Malaysian embassy and obtain that before they could let me board. I was devastated as it was already close to departure time. I went and sat down and called my family in Malaysia and told them about my situation and at the sane time going online to find out what the requirement was to enter Malaysia even though I’m a Malaysian citizen. Apparently, it’s a letter that I have to sign in order to undertake to pay for my quarantine in Malaysia (which didn’t apply to me as I was going home to my state of Sarawak and Sarawak would bear all my quarantine expenses since I’m a Sarawakian). My family advised me to call my cousin’s daughter who is an immigration officer in Kuala Lumpur. I was just about to call her when one of the gate agents called me back to the podium. Apparently, one of the Qatar Airways employee working that day thought outside the box, went online to the Malaysian website and printed out that letter for me. I filled out my particulars and signed it in front of her. She handed it to me and told me to hand it to the Malaysian authorities when I arrive. She then gave me back my documents and boarding passes and told me to have a nice flight! I didn’t get a chance to get all their names who worked flight 726 In Chicago but these employees deserve some kind of raise or extra bonus etc. Then, on board that flight the inflight crews were very attentive to passengers’ needs and very polite and sweet! Amidst the COVID-19 stress that every has these individuals have exceeded their job expectations and I am very grateful to your Airlines’s employees, both on ground and inflight! I made it to back to Malaysia safely. I’m on a team-week quarantine now and then I’ll be able to spend a lot of time with my frail mom and with my dad. Thanks to the wonderful employees of your Airline!"
877,"✅ Trip Verified |  I noticed that Qatar Airways take good care of passengers more than passengers themselves with an utmost effort to treat every passenger as if he was the only passenger on the flight. Their safety measures especially during COVID-19 crisis is so professional yet so comfortable. I always used to travel business class especially for long distance but once I tried their economy class, honestly not a big difference cause both are considered high class to me."
878,"Not Verified |  Thank you Qatar for trying to make the trip secure and enjoyable. Although flight was full from KTM to Doha, Doha to IAD, passengers were spaced nicely. Pricing mask and Face shield in Kathmandu was reassuring. Service was excellent, as always. Despite ticket being cancelled twice before our flight, because it was not Qatar Airways fault, I am very happy with your service."
879,"✅ Trip Verified |  Generally had a pleasant experience flying with Qatar Airways. Given the current situation, I felt at ease as all passengers were required to wear both face masks and a face shield. Temperature checks were also require prior to boarding. Qatar Airways seems to be taking the pandemic very seriously, which is great to see, as they supplied us with spare masks, gloves and hand sanitiser, all complimentary. Frustratingly, the screens at London Heathrow stated “flight closing” when the flight hadn’t even started boarding yet, and this caused a number of passengers to panic considering the huge size of Terminal 5 and the amount of time it can take to cross the terminal to get to your gate. I was very surprised with how spacious the aircraft was. There was plenty of leg room and it was great to see Qatar Airways adhere to social distancing regulations - no two passengers were seated next to one another unless travelling as a group. The meal services provided onboard were fantastic. They had more selection than other airlines I’ve flown with in the past. Cabin crew were generally very welcoming and friendly. My connection in Doha was only 1 hour, however this was plenty of time for me and my bags to make it to the other aircraft in time. Overall a great experience - if you’re nervous about flying during the current pandemic, I would highly recommend considering Qatar Airways as their Covid-19 rules and regulations put me at ease and it was great to see them taking the safety of passengers and crew seriously."
880,"✅ Trip Verified |  The flight was very good, I am sure Qatar Airways is one of the best airlines in the world. Everything was ok and good in Doha. I will choose again Qatar Airways for my next trips."
881,"✅ Trip Verified | I have traveled a lot in the past 10 years for business and pleasure, by far the best airline that I have traveled with so far is Qatar Airways. Comfortable planes, nice service, tasty food, polite staff and always on time. I can go on and on about them, best airline and I recommend them to everyone."
882,"Not Verified | Due to Coronavirus and that Qantas had cancelled my flight, I booked a flight with Qatar Airways and was able to get on a seat pretty much immediately to fly back to Australia. Being a last minute booking and being vegan I wasn't able to choose my preference online but the staff were amazing and were able to put a vegan meal together for my flights. Really good flight and service during a stressful time."
883,"✅ Trip Verified |  Athens to Tehran via Doha. I should mention for their on time departure and landing ahead of the schedule. Warm hospitality of their cabin crew that protecting their customers while onboard. Inflight entertainment system was really entertaining. But their policy on the second sector when the aircraft passengers load was almost full in economy class was not satisfactory during the tough situation of Covid19. Hygienic packs, face mask & face shield was available, but no social distances."
884,"✅ Trip Verified |  Kuala Lumpur to Milan via Doha. First Time rider on Qatar Airways, due to unavailability of flights by my usual airlines I booked what i considered a really expensive flight with Qatar. No words to express the high quality of the service both business and economy (I flew both classes).For the moment Qatar Airways is by far the best airline to fly to Asia."
885,"✅ Trip Verified |  Flying Qatar airways is a completely different experience than flying any typical European or North American airline. In addition to the newest planes in the sky (787 Dreamliner and A350) the seats, entertainment, food, and crew make flying pleasurable again. During the COVID-19 pandemic, I appreciate their attention to safety, flexible policies, and continuing to fly important routes for travelers. Crew always has the best attitude and truly tries to please their passengers. I've flown both business and economy class and all classes feel valued. I'll continue to book flights on Qatar Airways as often as I can for my upcoming travels regardless if I find a slightly better deal on another airline as I know nothing else can live up to the Qatar experience."
886,"✅ Trip Verified |  I would like to extend my deepest appreciation for Qatar Airways during these tumultuous times. I am a graduate student that is bound to fly home after the completion of my studies. Firstly, the price of the flight was very affordable,  I paid less than 500usd for this flight. Qatar Airways allowed unlimited changes to flight schedule without any extra fees or charges (with some terms). I made 3 changes to my flights and they were all done via the phone to the customer service hotline, which was accessible.  The flight attendents, food served and comfort of the flight was unparalleled. There is nothing for me to complain about. I only have nice words to say about this recent flight home to Singapore. There is no doubt that I think Qatar Airways is deserving of being the top airline. I want to make a special mention of thanks to customer service officer, Andrew (I hope i got your name right) who was empathetic of my 10 hour layover in Doha and gave me options of a lounge. He was empathetic and his professionalism and friendly demeanor an asset to Qatar."
887,"✅ Trip Verified |  Excellent service. I am 26 weeks pregnant and travelling by myself and onboard cabin crew was very helpful from the time I entered the aircraft until I disembark. They carried my bags and stored them in the overhead bin, offered me extra food, moved me to a another seat with more space as I was pregnant and needed to stretch and and I will feel more comfortable with more space. When I went to galley area to stretch my legs a bit, cabin crew was very engaging offering me not only food and drinks but also asking my well-being always with a warm smile."
888,"✅ Trip Verified |  It was my first experience with Qatar Airways. Although it was a long flight for me from Beirut to Qatar and from Qatar to LA,  it was worth it with the Qatar Airways. The quality, the service, the flexibility, the hospitality, check in were top. Even, I had to change the flight date, they did it without charge. They deserve to be the top airline in the world. I had very good experience. "
889,"✅ Trip Verified |  I bought a ticket from Melbourne to Tallin with Qatar airways and airBaltic, which was cancelled twice. After being able to rebook the flight for the third time I was on my way. At Stockholm my connecting airBaltic flight was cancelled. The staff at the airport was no help and told me to contact the airline. After being on the wait list on the phone for over an hour Qatar airways representative told me that there was nothing they were able to do. I was stranded in Stockholm with no possible flight to continue my trip, they would not give me a refund or  accommodation. After spending hours in the airport I was able to continue my journey with a ticket I had to purchase myself with no help from Qatar."
890,"✅ Trip Verified |  I have been traveling with Qatar since 2015 very frequently and I have not once been disappointed by their pricing, service and comfort. They have done the right thing with COVID giving everyone vouchers and or refunds its amazing. I highly recommend them I have had to travel overseas twice since COVID and they are very professional and I always felt safe."
891,✅ Trip Verified |  Excellent service. They do really well both at airport counter and onboard. Passengers safety was always followed. Onboard staff service was really outstanding done with great love and courtesy. Thank you Qatar Airways.
892,"Not Verified | Kuwait to Dallas Ft Worth via Doha. The entire flight was extraordinary. I loved the entertainment, food, and most of all the flight crew. Thank you Qatar Airways. The offer for an upgrade was a life-saver for 15hr flight. The Q-suite rocked!!!!!"
893,✅ Trip Verified |  I was one of the passengers who stuck abroad due to the Covid_19 pandemic and I had to change my return flight date for 7 times until I got back to the UK.The staff at Sulaymaniyah office of Qatar Airways were very helpful and change my flight ticket for 7 times without any hesitation and the staff who helped me a lot. I will always fly with Qatar Airways and I have recommended Qatar Airways to many friends.
894,"✅ Trip Verified |  My flight cancelled by airline. Refund processed promptly, no hassle , about 1 week wait for refund. Easy to claim. I will fly this airline whenever possible."
895,Not Verified | Excellent service provided by the ground staff and extremely polite and courteous cabin crew who provided an Excellent service through out the entire journey. My first experience with Qatar was an enjoyable one and my future travelling will be with Qatar. I look forward to my next flight with them.
896,"✅ Trip Verified |  Flight was late leaving Brisbane/arriving Doha through no fault of Qatar Airways. I was very concerned that I would not make my onward connecting flight because of this delay. The Qatar ground staff were amazing - assisting me to board my next flight with speed, efficiency, respect and kindness. I send my thanks to these young men, they are a credit to Qatar Airways."
897,"✅ Trip Verified |  Doha to Dallas, a 14 hour flight, but I am not feeling tired. I can enjoy my flight with delicious food, wide legroom, good entertainment and good service from cabin crew."
898,"✅ Trip Verified |  My husband booked a ticket for myself and kids from their website. We received a confirmation email from them with our eticket's. I tried to contact Qatar Airways via phone at their listed airport number for two weeks to inquire and add our pet to our reservation.  Also tried reaching out on their facebook page but still no answer. We ended up leaving our pet behind. Upon arriving at the airport, the agent informed me that my husband's credit card should be present for verification. I told them that I had the same credit card with the same account number/credit card number because we share the same account but my card is under my name. They refused it and were about to send me back home. The supervisor informed me that an email was sent to us for credit card verification. I informed them that I did not get such an email. I contacted my husband who was in the US and he also did not get an email. I quickly searched my junk mail and found that it was sent to me the day before the flight. I sat in the airport and submitted all required documents online (luckily I had all what they required available). We waited for QA customer support to verify but they did not. They tried to call them from the airport but they did not answer and they did not even reply to the emails they were sending. The supervisor then told me that the only option left was for me to put down another payment and once they finish the credit card verification, then they'd refund me. I used the same credit card and we were on our way. At Doha airport (transit) I seemed to remember leaving behind my expensive headphones hanging on the hand of my seat. I immediately asked a QA agent to have a staff member get it for me since i was not allowed back onto the plane. The agent called the lost and found office instead and got no answer. He assured me that they'd send it for me once found. I told him that I was still here at the airport and it would be quick to just get it now, he did not seem able to help. At Los Angeles airport, they seemed to have lost one of my luggage. The agents there assured me that all luggages were transferred and were onboard and another customer has grabbed my bag. I filed a missing bag form and they called me the next day to inform me that it was found. Upon inquiring where the bag was at, the agent told me that it was left behind in Beirut airport. Once I got home, I checked my credit card and found that the two charges for our airline tickets were both cleared. I emails customer support and until this moment did not receive my refund. I had to file a dispute with my credit card and since I had all proof that I was double charged, my credit card has immediately refunded my money back. They found my headphones and I have to drive to nearest airport to get them. Their inflight service is good, however not worth the headache they put me through."
899,"✅ Trip Verified |  I have been flying with Qatar Airways for 6 years now, and I cannot praise enough their service. The app is very easy to use and offers more and more options. When I book my flight, I can choose my seat and the type of meal. I had to change my flight for 5 times due to COVID and I was not charged any fee. All staff (including ground staff) were extremely nice, caring and helpful. They offered a protective kit and a face shield. I felt safe and comfortable all the way. In-flight entertainment, meals, timings, accessories offered... are top-class. Qatar Airways is the best airline."
900,"✅ Trip Verified |  My wife and I have been trying to get out of Jordan for many months now. Finally, we were able to get on a repatriation flight through Qatar airways. When we arrived to A,,an Airport, it was chaos, hundreds of people waiting outside the airport entrance to get in. This only added to the anxiety. However, once we got to the Qatar Airways check in, everything was very professional. We checked in online which sped up the process. Our baggage was several kgs overweight, so we needed to rearrange our packing. When we were doing this Khalil the duty manager came over and told us not to worry about the extra weight and he allowed it through. This was a lovely gesture and we were very grateful. The service before and when we got on the plane was top class. All the safety equipment was provided and the cabin crew were professional but at the same time friendly and warm, which is really important during these difficult times. On a final note there was a very ill man on the flight from Doha to Bangkok, one of the cabin crew stayed by his side for most of the flight while also carrying out her other duties. She was a very pleasant lady, I never got her name but she did a great job."
901,"✅ Trip Verified |  Both aircraft were excellently fitted out and the service was friendly, helpful and top-class throughout, despite the restrictions imposed by COVID-19 measures. Pre-flight service from both Doha Customer Service and, in particular, the ground staff at Milan-Malpensa was faultless. I was bumped from a previous flight by the Australian Border Force, despite having the correct NSW Health transit exemption paperwork (which NSW Health later admitted and apologized for). That time, the check-in staff at Milan-Malpensa bent over backwards in an effort to allow me to board but in the end, could not prevail, through no fault of their own. I was a very frequent traveller until recently (all airlines); I rank my recent flight experience with Qatar Airways amongst the best that I can recall."
902,"✅ Trip Verified |  Qatar Airways is the best airline I know. Had a good experience my first time to be on the aeroplane and from that day is the only airline I use. I recomend Qatar Airways again and it is also safe to travel with during this pandemic, you feel safe."
903,"✅ Trip Verified |  I really cannot praise Qatar Airways enough for this trip that started from a deserted Melbourne Airport and finished in Madrid . The boarding was done in a very quiet and systematic way and we left on time. Dinner was served with wine and was excellent and then the hostess puta soft mattress on the bed which already had a very nice soft pillow and it was happy dreams for the next 8 hours. A couple of hours before landing in Doha a nice breakfast was served and we landed on time. Better things still to come .. the transit to the flight to Madrid was achieved by simply walking to the departing gate without having to go through the hand luggage and passport checks again. The 8 hour flight to Madrid was in a A350-900 which was comfortable but the seat was less private. Everything was wonderful except the crew may have been just a tad over attentive. Still,the plane arrived on time. I paid for this flight with a voucher plus an additional 10% from a cancelled flight with Qatar. Qatar had also repaid to my credit card a fare from another cancelled flight so I must applaud their integrity . Thank you Qatar!!"
904,"✅ Trip Verified |  Barcelona to Tokyo via Doha. A very good company. I always use it to fly from and to japan service is great food is very good. Staff is nice, entertainment is great and transit in Qatar is very easy."
905,"✅ Trip Verified |  Los Angeles to Berlin via Doha. Excellent customer service, new / newer aircraft, comfortable seats, great entertainment selection, extremely clean, very good food."
906,"✅ Trip Verified |  Perth to London via Doha. Qatar Airways were the only airline that could get us back from Australia, our original Airline (Malaysia} estimated that it could be another 2 months before they would commence flights from Western Australia. From beginning to book through to arrival back in London everything was perfect. All personnel were extremely polite, courteous and friendly. Based on this experience I would not hesitate to travel with Qatar Airways in the future."
907,"✅ Trip Verified |  Beirut to Chicago via Doha. The overall experience was amazing, staff are extremely helpful and friendly, I would recommend flying with Qatar airways for anyone who is looking for a smooth and luxurious experience."
908,"✅ Trip Verified |  Melbourne to Athens via Doha. What an amazing airline. It is such a relief to have our tickets refunded. We were supposed to be in Greece right now, instead we are confined to our home in Melbourne. Qatar acted fairly and empathetically and refunded our money."
909,"✅ Trip Verified |  Amidst this time of pandemic, the airline gives hope to passengers to be able to go home and be with our love ones. My flight last July 24, 2020 from Doha-Manila (QR0928) was very smooth. Health protocols were observed wearing face shield and mask.  would highly commend the crew on board because they were so accommodating and prompt especially Dunia, I made sure I got her name to thank her. She was attentive and polite to us passengers. The food was good, the seat was comfortable and I have enjoyed few sips of wine. I was able to communicate with my family during the flight for the complimentary wifi service provided by the airline which is really great. Check-in process was very fast and social distancing was strictly observed. We arrived in Manila earlier than the expected time of arrival. As to the whole journey, I would like to say a huge thank you to Qatar Airways staff and crew for their service, making sure a safe and comfortable travel for their passengers in this difficult times."
910,"✅ Trip Verified |  I have travelled with Qatar twice and it was such an amazing experience flying with them. I will never forget the flight from Bangalore to Doha and the services extended on that flight particularly from this cabin attendant called Akanksha she was the lead of the flight i assume, I am not comfortable flying and she made sure that I was comfortable, she is an epitome of how a professional should be, caring, attentive. I would like to thank the airline and their team for taking care of us."
911,"Not Verified | Qatar Airways has really touched me as it hasn’t forgotten the human side. They have done a great job in getting people home during the Covid crisis. I got stranded abroad and my original airline, Emirates, totally stopped communication, all their call centres were closed. They totally forgot about their customers. I had to book a new ticket and I chose Qatar and I had a fantastic experience, they got me home safe. Amazing staff and great experience. It was a bit expensive but worth paying for mental peace."
912,"✅ Trip Verified |  What a wonderful company. In KL airport we were given face shields to protect ourselves in the lounge and during boarding.They were not uncomfortable, and definitely made me feel more secure whilst travelling. I had been living in a Covid free country and was a little concerned about being exposed. The use of masks, shields and PPE by the staff, really helped me feel safer. The whole experience was wonderful, the Qsuite was perfect. The bed was extremely comfortable, the food was delicious and I ended up having a reasonable sleep on the plane. The crew were amazing, very helpful and professional. The second flight from Doha to London was even better. The crew were very helpful with just the right amount of attentiveness. The plane was spotlessly clean and the PPE worn by the staff was good. They managed to be pleasant and cheerful even when wearing PPE, they were a real credit to the company. The food service was good and the food itself was very tasty. The crew noticed when I was awake and offered tea/coffee. I watched several movies, and there was a wide choice on the IFE. It was a long journey (26 hours with layovers) and I arrived in London feeling well rested and very pleased that I had chosen to fly with Qatar. I would highly recommend Qatar Airways."
913,Not Verified | My first time flying with Qatar Airways and the whole experience was absolutely superb. Everything is extremely organized and everyone seems to be on the same page in regards to service and being ambassadors for the brand. I would definitely fly with them again. The U.S. airlines can learn a thing or two from this well-oiled machine. I work in advertising and a brand needs to present a whole picture to build trust. Qatar Airways is an airline you can trust. 
914,"✅ Trip Verified |  Helsinki to Mumbai via Doha. Had a return flight departing 08th April 2020 but the flights got cancelled due to the lockdown in India, and submitted a claim on the QR web pages immediately after learning the news. Global pandemics throw everyone into chaos - including us having been shifted to remote work overnight - and getting an update from anyone at Qatar Airways was very challenging: to follow-up called 50+ times to their Doha and Helsinki numbers without success during March-April-May 2020 at different times of the day, the longest wait being 1½ hours. No emails, no updates but the mere word ""Open"" on their web page. Phone calls and follow-up forms were submitted to no avail. I finally filed a complaint with my bank and disputed the charge with my credit card the first week of June 2020. QR sent an e-mail with travel vouchers (+ 10% extra of the original value) with apologies 08th June 2020 and we'll be happy to book again. We fully understand this pandemic having been an overwhelming challenge to QR, wish somebody had picked up the phone when trying to reach them week after week for over two months since late March. They have been a real delight in the air on a number of occasions over the years and we won't hesitate to fly with them in the future."
915,Not Verified | Melbourne to Miami via Doha. It was the best airline experience I have had and if possible will try to fly it exclusively. The service and attention to detail was superb and all care was taken to keep passengers as content as possible.
916,"✅ Trip Verified |  Thank you so much for taking us home today. After month being stuck due to Covid19 in a foreign country and having very bad experiences with 2 other airlines (one from Germany and one from Iceland) selling tickets for flights they never really planned to fly just to get fresh money in,we had this great experience with QatarAirways. A Reliable service, free date change of our tickets, outstanding service over the phone, on the app and in person, everybody so helpful, professional safety measures... Full 5 Stars in every aspect. You definitely made 2 new customers. "
917,"✅ Trip Verified |  Booked my daughter a return from UK to Perth and was informed post booking that from 15 1/2 they are no longer classed as minors so she'd have to find her own way through the airport. I wasn't comfortable with that especially during covid so booked and paid for a rather expensive accompanied and assist while transiting through. They took her to a lounge and left her there and someone else came later to assist her to flight, no real issues. I realised while checking in on the way back to the UK that the accompanied on the ticket didn't include the return leg which I asked for and assumed with the price paid was completed. We checked at the desk and said he'd sorted it out and all was arranged. She landed in Qatar and was told by the staff on the plane to speak to the staff as she got off which she did. They proceeded to tell her nothing was arranged and to find her own way. "
918,✅ Trip Verified |  We were flying round trip to KTM. We got stuck there due to Covid but they refunded 100% of our money for the one way. That was very nice of them. We love to fly with Qatar Airways. Flown many times and will be flying again. They have best customer service.
919,"✅ Trip Verified |  I was hesitant about taking the long way home from the USA to Australia when there were more direct routings however choosing Qatar Airways was absolutely the right decision. While the plane was near empty and the cabin crew wore full PPE, they were really the only indications that we're in the midst of a global pandemic. Food and drink offering were top notch and the QSuite is possibly the best business class product available. The cabin crew were as engaging and hospitable as ever despite the limitations of working in full PPE - they really wanted to ensure we were comfortable and enjoying the flight. Hamad International Airport was empty as was the Al Mourjan Business Lounge so our seven hour transit was a breeze. I admire Qatar Airways for at least attempting to provide a normal level of business class service during these difficult times when almost every other airline has significantly cut their service."
920,"✅ Trip Verified |  London to Auckland via Doha on 31st May. My flight was cancelled and no alternative flight was offered. I was told I could claim a refund, but I have still not received it. Have been told it could take up to 3 months for a refund."
921,"✅ Trip Verified |  Melbourne to Paris via Doha. I'm writing this review on my mother's behalf. Flying during Corona is scary and it was difficult for my 60 years old mother because she got food poisoning from food she ate at Melbourne airport. A few hours into her flight to Doha, she started throwing up and had no control over her bowel movements. At one point she fainted. The cabin crew were fantastic especially the one female crew who took care of her ""like her own mother"". My mother's clothes were spoiled and they helped her change and clean, and every 10 minutes that kind female cabin crew visited her and made sure she was comfortable. I cannot thank Qatar airways enough to train your crew well. Shout out to that amazing, wonderful kind woman and to the whole crew for not making my mother feel unwanted and uneasy. Thank you! You've got yourself a lifelong passenger here! Thank you for treating your passengers with compassion and dignity regardless of the class they're flying.  My mother regretted not asking that wonderful cabin crew's name. Thank you!"
922,"✅ Trip Verified |  Amritsar to Vancouver via Doha. Best airline service. All the crew members are so nice. But Amritsar check in counter service is very poor. First they gave us business class boarding pass at the very end at boarding time they have changed our boarding pass in to Economy, and I asked them why you are giving us separate seats?  It was a long flight and I have to go and check my husband every hour."
923,"✅ Trip Verified |  Milan to Male via Doha in February 2020. Qatar Airways is the most beautiful airways in the world. Airbus A350 is a great aircraft, so silent and comfortable. Cabin staff are very gentle, food is top quality. Thank you Qatar Airways for making our trip so good."
924,"✅ Trip Verified |  Me and my daughter were in Cyprus and could not leave on our Qatar Airways return ticket from Melbourne to Larnaca due to the Covid19 lockdown. However we managed to get on a UK charter flight to Manchester via Doha to Melbourne recently. This review should really cover the Manchester to Melbourne flight via Doha. We required wheelchair assistance and medical oxygen so it was not a straight forward flight. We have so many people to thank and especially Qatar Airlines which will be the subject of the review here. Customer service was excellent. Qatar Cyprus (Eleni) reached out to us to assist us. Qatar Airways waived all charges for changing the route completely. Once they approved the wheelchair and oxygen they swung into action, we had excellent assistance from Check in to boarding and then disembarking. We were told many times that they will take care of the medical needs by the cabin crew who checked on us frequently during the flight. At Doha, we were picked up and transported to the different gates effortlessly and efficiently and were allowed to stop to get some sandwiches We have nothing but the utmost praise for the cabin crew (Flights QR 28 and QR 904 11th May 2020) for looking after us. Safety due to virus From videos to cleaning the toilets frequently and wearing the appropriate safety gear, they kept us safe during the flight. It can't be easy on the cabin crew as they are exposed to passengers all the time so they are like frontline healthcare professionals. My deep respect for the cabin crews. Qatar Airways - We will get you home (catch cry at the moment). Thank you Qatar for getting us home. Whilst most major airlines abandoned us, you kept flying. You upgraded your safety levels to manage the virus and you kept flying. You are the only major airline that kept flying to Australia. You deserve an award for this. Thank you for flying and as one of your ground staff in Doha said ""Qatar will always keep flying no matter what"". We wish you the staff and everyone all the best."
925,"✅ Trip Verified |  Frankfurt to Sydney via Doha. All it was perfect. Perfect food, perfect crew, perfect time of flight, all was perfect and fine. All crew work hard for economy class to do our flight the best they can."
926,"✅ Trip Verified |  Perth to Vienna via Doha on Qatar A350 aircraft. I really enjoyed the trip back home after finishing my 2 months work assignment in Australia. I need to emphasize how comfortable the Economy class seats are. The aircraft is top notch with shiny interior and comprehensive Inflight Entertainment System (free WiFi for 1hr). Also, the meals / drinks on board are  excellent and the staff very friendly."
927,"✅ Trip Verified |  Yangon to Zurich via Doha. Booking at airline office in Yangon downtown, check-in procedure at Yangon airport, plane A319 LR. Cabin comfort, high class service level (drinks and meals), cleanliness, amenities are excellent. Business class lounge in Doha, superb! Plane Boeing 787, cabin comfort, high class service level (drinks and meals), cleanliness and amenities are excellent. A top-class airline with high professional top class staff!"
928,Not Verified |  Fantastic Service! Flew from New York to Hyderabad via Doha. Price was a steal for just $1150 one way. It was in the Boeing 777 old business class in 2-2-2 configuration. Even then the seat was so comfortable!. I was able to sleep well in the lie-flat position. They had dine-on-demand which good for traveling through more than 3 time zones. The food was delicious and felt like I was in a restaurant. They have little snacks if you were not that hungry but still want something to eat. I definitely recommend this airline!
929,"Not Verified |  Budapest to Melbourne via Doha. We wish to say a big thank you to Qatar Airways transporting us 14 Australians back to Melbourne, when other airlines have cancelled all flights until further notice. It ids a sign of real kindness."
930,"✅ Trip Verified |  Auckland to Helsinki via Doha. Qatar Airways did not shut down all transit traffic in a matter of days like many competitors during this covid-epidemic, this alone deserves a lot of credit. The long flights in economy class with baby bassinet seating were comfortable with very spacious seating and the crew was attentive and prompt. Food, drinks and entertainment was great for economy class. Only thing of improvement would be the Qatar airways internet site, the booking is rather tedious."
931,"Not Verified |  Toronto to Chennai via Doha. It is troubled times with COVID-19 and India was under lockdown. Had to reschedule tickets a couple of times due to restrictions and restricted airspace. Qatar Airways Contact Centre Rep was so very patient, most helpful, empathetic and understood the pressure of the situation and provided multiple options. We don’t see that many people in our day to day life. Thank you."
932,"✅ Trip Verified |  Manchester to Nairobi via Doha. This was a itinerary booked with Qatar Airways to Mauritius (with Kenya Airways providing Nairobi to Mauritius flight sector). Manchester to Nairobi flight was good, with ample seat space. Cabin crew kind and attentive throughout. Special meals (Vegetarian Ovo Lacto) was nice. The flight from Doha was even better, with great service and meals of great quality. Generous baggage allowance of 30kg per passenger. Despite the minor issues of delays at check-in at Manchester Airport and some mild chaos at boarding (not due to Qatar Airways, and more Manchester Airport ground staff), I really enjoyed my first flights with Qatar Airways. Transiting through Hamad International Airport was a breeze, despite the bus transfers and a one hour transfer layover time in Doha, but love the airport. Obviously was very much looking to the return flights, but due to cancellation due to the Coronavirus, this did not happen and flew back with Air Mauritius to London Heathrow (review to follow). The flights however will be delayed and will use them in the next 12 months on another Qatar Airways Flight, if they decline my request for a refund. In all, a great experience. Much better than Emirates for sure in terms of cost, baggage allowance and cabin service. Such a shame they do not fly directly to Mauritius - maybe the Mauritian Government read this and approve their application for landing rights on the island - it’s one, if not the best airline around."
933,"✅ Trip Verified |  Prague to Kathmandu via Doha. I was generally very satisfied about flying with Qatar Airways, and I want to stress out two positive points, that were above my expectations. Firstly, when arriving to Kathmandu airport, the weather was perfect with all the Himalayan mountain chain greatly visible in front of us. At this moment, the pilots actually made two rounds with our plane, presumably just to let the passengers admire that lovely view before landing. Secondly, I am grateful that on the way back from Kathmandu when the corona virus was already a big issue across almost whole world, the Qatar Airways realized their ordinary flights as long as it was allowed, being +- on time even in such a complicated conditions."
934,"✅ Trip Verified |  Frankfurt to Sydney via Doha. In this current tense and nervous time, I would like to thank Qatar Airways for flying my daughter home on Friday 27 March from Frankfurt in Germany (1045am Departure) to Sydney in Australia (645pm Arrival). In an environment when 98% of the worlds global airlines have grounded their fleets, Qatar Airways has stood heads above its competitors and remained firm and got my daughter home safe and sound in 24 hours. My daughter let me know all the way how streamlined and smooth all levels of service were - from check-in to boarding to arrival and quality inflight comfort and security. This airline will always hold a soft spot in my heart - for just getting my daughter home. And thats what I read when I was searching online for an airline - ""We will get you home"". Thank you, Qatar."
935,Not Verified | London to Melbourne via Doha. I would just like to thank the lovely staff at Qatar check-in at Heathrow Airport. They were very helpful and fantastic at helping me stay calm at this terrible time and made the check-in process very easy.
936,"✅ Trip Verified |  The A350-900 is the best aircraft I've  experience in my entire life. The seat is really good, slightly wider than other aircraft. Talking about the experience, everything is decent, the meal is decent and enough, you have 3 choices of mains and various choices of drinks including wines. The part that I like the most is the presentation of the security message of the aircraft. Qatar Airways makes in interactive yet humorous ways to talk about it."
937,"Not Verified | Helsinki to Delhi via Delhi. Good service from Helsinki to Doha but very busy and messy from Doha to Delhi. Overall, got a feeling that cabin crew were under great pressure and stress - not very nice for the customer. Food was okay."
938,"✅ Trip Verified | Phuket to London via Doha. Out of 21 flights we’ve taken over the last year travelling, this was by far the best. We had 2 flights starting in Phuket. All the staff from checking in to flight crew were all super friendly. One stewardess that was excellent on our flight from Doha to London Heathrow (QR015 Monday 23rd March 2020). She was so friendly and helpful for the whole flight. So thank you again for making our flight great. The food was also really good, some of if not the best we’ve had on a plane. Loved the Caramel Mousse! The vegan option for main was very good too (the wife says). All round 2 super flights back home which is a nice ending to our travels."
939,"✅ Trip Verified |  Doha to Beirut on 13th March. The flight and service was pleasing but ground service was terrible. Check in was fine and smooth, I had two pieces of luggage with a combined weight of less than 30kgs. I was informed that I was only allowed one piece and that I had to pay for extra piece which turned out to cost 940 Qatari Riyals which is around $250 US. I proceed to the payment office where I use my credit card, everything is going smoothly until I see the receipt. The guy chargeded me 9,400 Qatari Riyals. He said that it would be refunded. I asked for a manager who explains that the refund will be done within the coming week minus the luggage fee. No sense of customer satisfaction or care not to mention the fee itself. "
940,"✅ Trip Verified |  Colombo to Warsaw via Doha in December 2019. I filed a complaint 2 months ago and still no money back. The crew is great, food is amazing but the customer service on the phone is tragic. They lost my luggage on the way to Colombo, and it took them 3 days to find out what happened with my bag, no one called me or texted me.  After 7 days they told me to come to airport to gather my bag, cuz they will not bring it to my hotel. I was frustrated, imagine not only I had to buy a lot of stuff but also go back 200 km (in Asia it takes you half a day). I was almost crying when they told me to file a complaint and send checks so they can refund it. And now it looks like Economy class does not count? I am very disappointed."
941,"✅ Trip Verified |  Lucky enough to fly Qatar Qsuite from London and Adelaide and back and this review encompasses both. Overall, superb. Qatar staff all good at London, Doha and Adelaide. Prompt and efficient. Doha was unexpectedly good, with airbridge (disembarkation and helpful ground staff to point you in the right direction. London Qatar lounge good, Al Mourjan Business lounge in Doha very good and Qantas Lounge in Adelaide also very good. Upgraded to Al Safwa First Lounge on the way back, which was something else. Ensuite bedroom included, so actually cheaper than a lay-over hotel. But still a luxury. Qsuite is every bit as good as advertised. We flew in the central backward facing seats on the way out. Great novelty factor and the flight literally flew by (no pun intended). Food and drink are amazing, and the flights were simply not long enough to get through it all between London and Adelaide. By the time you've finished playing with the seat, had a few drinks, eaten, watched the movies and slept, you've arrived-feeling raring to go. No jet lag either way and so straight into the holiday. Sat on the window seats on the way home, as the one drawback of the centre seats is no individual air vents, which meant the cabin got stuffy. In the A350 900, the second, smaller cabin is better (almost empty, very quiet) and on the A350 1000, front cabin is better, as the rear one is closer to the galley and WC. Lovely crews who all introduce themselves and remember your name.As always, positive interaction always repaid in full. Bravo Qatar for a once in a lifetime return trip."
942,"Not Verified |  From Doha to Cochi. Qatar Airways Economy class is great, really good service. I am very impressed by cabin crew staff Miss Sakie who served the QR 516 Economy class. The way she deal with the clients are impressive and she was really helpful as well"
943,"✅ Trip Verified |  London to Doha in economy class in December 2019. The hype of Qatar Airways must be to do with their business class Q suites. The check-in in London was nice and smooth. They have their own check in gate, rather than being part of an alliance check in. Took off on time. But it took staff 2 hours to bring out the first round of drinks which for me is far too long. Then food was served after it, but my food wasn't great all. Staff friendly enough. I would fly them again if the price was right. But it wasn't an airline where I felt it vwas a wow experience. "
944,"✅ Trip Verified |  Los Angeles to Doha, I was impressed with kindness of cabin crews, very polite and helpful. Ashmeyta was was of the staff and she was so kind and responsible, in this pandemic of Corona virus when she found that I need a mask she offered me and brought me some masks, that I really appreciate. When they found that some seats are empty they offer other passengers to change their seat for more comfortable travel. Their beverage and serving are excellent. I appreciate their behavior and extremely offer you to try this air line."
945,"✅ Trip Verified |  Johannesburg to Danang via Doha 13 March 2020. And, back on the same route due to denied access to Vietnam who had closed borders due to corona fear.  Aircraft were newer A350 and Boeing 787-8. Economy class OK and seat block granted due to my elite FFP status. All flights on time. IFE and WiFi worked well. Plugs available. My food was substandard and drinks were of very limited options (e.g. only 1 brand of beer), however they served a Cava sparkling wine in addition to a single brand of white wine offered.  Lounges acceptable. They apply rigid serving due to “rules, regulations, and policy”. No true warmth to me from FA. Elite Frequent Flyers depraved 50% or more of their miles due to devalued and rigid, intransparent program. When denied entry in Vietnam they left me in transit in Danang for 5 hours. On the return they did not issue me a ticket and wanted me to pay for return ticket which I refused as they were the one accepting me in the first place. When deported back to Johannesburg they took my passport and denied full service e.g. access to drinks. They gave me the worst seats despite being Gold-card holder on BA. A most humiliating experience."
946,"✅ Trip Verified |  Qatar Airways business class is great, really good service. We had a 13 hour delay coming back from Phuket to Frankfurt and the support for refunds is terrible. I put my claim in on 1st March the day after we arrived home and received a notification with a case number, since then nothing, I rang customer service and was on the telephone waiting for over 30 minutes, when i did speak to an advisor he said I would hear back within 48 hours, that was a week ago."
947,"✅ Trip Verified |  Amman to Sydney via Doha. We are very impressed by cabin crew Inoula and Catalina who served the Upper Deck, Economy, of our Doha - Sydney leg of the trip on 16 March 2020.  We normally travel on Qantas and Emirates Business or First Class. We chose Qatar because it was a sudden change because of Coronavirus and Qatar Airways is also a Oneworld member. Both Inoula and Catalina were always smiling and diligent in 'walking the beat' with her torch after meals while passengers are mostly asleep. When you ask for something they offer some extras. I thought their services compare those I received at Business and First Class. I hope our appreciation can be forwarded to them asap."
948,"✅ Trip Verified |  Birmingham to Goa via Doha. he food served to me was not great, on the return journey it was worse. The breakfast was described as scrambled egg, but mine was  one big lump.  The stewards were very good. However there was an incident where my glass was taken away prematurely, a sorry would've been nice. The seats being able to recline is a problem, that needs to be addressed. The woman in front was determined to use her body weight to get the seat as far as back as possible. Luckily she was understanding and moved the seat forwards, but not so was the lady next to me on the 1st part of my return journey, who wouldn't even speak to the stewards let alone move her seat. "
949,✅ Trip Verified |  I had the pleasure of experiencing the A380 from London to Sydney via Doha. Their A380 business seats are the best - hands down. Their business seat plus their level of service is divine! The customer service from booking in and all the way to lounge is sublime. I would happily recommend them!
950,"Not Verified | Bucharest to Sydney via Doha. I fly Qatar as my airline of choice when I can and have flown them many times, but this is my first review on this platform and just for one flight on one of their A380s, despite having flown on them numerous times. I choose Qatar purely because it is the one airline for me that has a benchmark of standards that are consistently applied across its cabin staff in particular and the aircraft in service. I know that if I fly a smaller A319 from Bucharest to Doha for example or an A380, 777 or A350 long haul, that the cabin crew will be just as polished and polite on each service and the aircraft turned out immaculately. I have flown Qatar in economy and Business, but I am yet to try their First Class product. I have tried the Q-Suite on the 777-ER and for me, that is better than many first-class products on other airlines so no need to try first class!! I am looking forward to flying on the A350-1000 in a few weeks time and will continue to fly Qatar where I can, for me they are the benchmark airline in the industry for onboard service. The one downside for me is their Rewards program which I think is very rigid and overly taxing in terms of reward points they charge for upgrades etc and what they give as rewards. I think they can be more generous with their Privilege Club members, as there are far better rewards programs out there, this is the one area they let themselves down."
951,"✅ Trip Verified |  Bangkok to Oslo via Doha. This must be the best business class flight ever. The Qsuites from Bangkok to Doha is just an amazing creation. The excellent seats are really comfy, fully flat and transforms into something like a closed cabin. Gives you a privacy that is highly valued. The food is really excellent as well and served when you ask, allowing you to eat and sleep when you want. Boarding, departure and arrival on time - well organized. From Doha to Oslo the A350 did not offer the Qsuites but the seats were excellent and so was service, food and all the ""extras"" that Qatar offers their customers, like the pajamas. Nice touch. The connectivity was good and they offer you a free period and thereafter payment, I don't mind paying a bit for good wifi but the charges were a bit on the high side. Otherwise perfect."
952,✅ Trip Verified |  Hyderabad to Dallas via Doha. Qatar Airways service is good. But I was disappointed that the Hyderabad to Doha sector was with Indigo and they didn't provide a blanket to cover. 
953,"✅ Trip Verified | Washington to Doha. Despite all the rave reviews of the Q-Suite, I really don’t like it. While having a single seat by the window is always great and the door is good for privacy, it is not good for sleeping. I can’t bend my knees and the tray table, when closed and stowed, takes away several inches of space. On board service is the usual QR high standard. First and business class immigration clearance in DOH is nice This was an award points trip for me which I had to book almost a year in advance in order to use my points balance before expiration. I found Privilege Club a poor mileage program, inconvenient to use when booking non-QR flights with other One World carriers. You cannot see award inventory online. Rather, you have to send in a request and wait 24 hours to find out if there is availability. "
954,"Not Verified |  London to Bali via Doha, I was very impressed with the cabin staff, very helpful and caring. The entertainment was excellent with a wide choice. The food was nice. The plane was clean as was the toilet, the flight was very good a few bumps but expected on all flights. We are booked to fly to Thailand on 10th March 2020, and we are looking forward to it. Thank you Qatar Airways for a great service, and would highly recommend them."
955,"Not Verified |  Sydney to London via Doha. Flight was as comfortable as a 22 hour flight could be. After 16 hours, no seat is comfortable on the bottom. Staff were lovely and quite accommodating. Food was delicious and exotic. Had a good flight. Flight from Doha to London was just as good."
956,✅ Trip Verified |  Lahore to Najaf via Doha. I would like to appreciate one of cabin crew Mr Usama for his outstanding service and professional behaviour towards customers. He tried to make my journey lot more better. I wish him good luck for his future in your airline. Thanks to Qatar Airways for your great hospitality.
957,✅ Trip Verified |  Beirut to Doha. Attentive and professional I’ve flown with them on business and first class and the service is incredible. Very professional and friendly special the chief stewardess she walking around and introduce herself to us and willing to assist us with anything. The food was amazing during my flight. Overall my journey with Qatar airways was amazing.
958,"✅ Trip Verified |  Auckland to St Petersburg via Doha. Fantastic experience. I have a severe peanut allergy which can make flying very stressful. In the past, I was refused from boarding another airline's flight despite the proper paperwork and my own desire and I feared similar results with Qatar Airways, but had the opposite experience. Qatar Airways had my paperwork on file, had requested proper meals for me despite saying they had no nut free options, and even went so far as to move my seat to an emptier row away from passengers who might consume peanuts. They were incredibly professional and made an 18hour flight more stress free than I could ever have imagined. Forever grateful."
959,"✅ Trip Verified |  Singapore to Istanbul via Doha. The new Qatar Lounge in Singapore is for sure the best among all Qatar lounges outside Doha. Food, service and design were topnotch. Both flights had the usual high Qatar Airways standard with top notch service and food. The reason why I could not give full marks this time, is that dreadful new safety video I had to endure 4 times. It’s childish, painful for the ears and eyes. Please give me my old safety video back."
960,"✅ Trip Verified | Flying Qatar Airways in economy is nearly always a good experience. So it was this time. The fight from Manchester to Doha with the 777-300ER was excellent. The seats, although they look thin, are really comfy with ample legroom and decent recline. Plane looked fresh. Food and service really good (for economy) and crew helpful and pleasant. The flight from Doha to Bangkok was also very good but the plane look older and a bit ""tired"". The seats were acceptable but not nearly as good as on the 777. We also lacked USB/Power which is important for me. The entertainment box under seat A was also a bit disturbing. Food and service, as always, excellent. We do like the 2-4-2 configuration. Both flights departed and arrived nearly on time, just slight delay."
961,"✅ Trip Verified | I am a dual British/Australian citizen and fly between the two countries once a year. I've flown with Emirates, Etihad, BA, Singapore and others over the years but my favourite, without contest, and the one I always return to, is Qatar. The planes are always impeccably clean and comfortable, with plenty of leg room (I'm just over 6ft), the service is truly excellent, the food (vegetarian, lacto-ovo) is actually really good, I've never experienced delays or missed connections and yet, somehow, Qatar are consistently one of the cheapest options (I just picked up a one way Perth to London in February for £320). The entire experience is always very calm and rather luxurious, even in economy, and the flight route (between Perth and London) is exceptionally fast. It helps that Doha airport is an example of excellence, too. Strongly recommend - but make sure you don't accidentally end up on a BA flight code sharing with Qatar. BA are the worst airline I've ever had the bad luck to fly this route with."
962,"✅ Trip Verified |  Copenhagen to Kathmandu via Doha. I booked 10 seats for our group travelling on 7th February. There were two flights from Doha to Kathmandu, and when booking they were both nearly full. However after having selected seats for all of us, so that our group could sit together, they combined the two flights into one and our seat reservations were gone. I managed to get some reasonable seats booked again, but I always check in online (right after check-in was opened). To my surprise our seats on rows 12-16 (window) had been swapped to the second last row 54,  next to the toilet and kitchen. Something is really wrong with their systems, or the people managing the flight seating in Copenhagen, on other legs the seats were preserved. When I called Qatar to complain, I got the information, that they  could do nothing - it was all in the hands of the check-in counters in Copenhagen, and I could show up there 3 hours prior to departure, to see if I could book some better seats - for the third time. "
963,✅ Trip Verified |  Edinburgh to Perth via Doha. The cabin staff conduct themselves with a smiling high quality service. Toilets were constantly refreshed. Seats were comfortable. Food service on demand worked well. Quality of food was superior to some top grade hotels I have stayed in. A fault in the in flight entertainment defied the best attempts by the cabin staff to get it working properly so a change in the seat was organised. The short change overtime at Doha caused us to miss out on accessing the best business class lounge.  As I have to use a wheelchair on arrivals I found the service quite good but there seems to be constant confusion at changeover places. However we still get to the various drop off or change points.
964,"✅ Trip Verified | New York to Singapore via Doha. I would like to start off by saying that I have flown by Qatar Airways multiple times in the past and have had pleasant experiences. However, my most recent episode has been unprofessional. There was a technical issue with the flight an hour into our journey and we had to turn around.  During these two hours in-flight, no food or refreshments were provided.  The ticket agents were unempathetic despite me telling them that I had to get back as soon as possible. Even though it was 2 am, local passengers were not offered any transport, compensation, food or accommodation. Instead, we spent the night at the airport."
965,Not Verified |  Dallas Ft Worth to Doha. Amazing experience overall. Outstanding service team led by Karen and Grace. Crab cakes were superb. Entertainment system with great movies. Internet is affordable but didnt work last 3 hours of the flight. Would be nice to know ahead of time which areas are without service. Was in seat 1A. Some noise here everytime someone flushes the toilet. Same seat on 777 is much quieter. A struggle to prereserve seats online. All window seats taken but cannot reserve a middle seat unless traveling with someone. Extremely smooth free transit visa. Arrivals lounge outside baggage claim luxurious. Again superb service. Sandwiches available. Lamb was delicious. Facilities perfectly clean.
966,"✅ Trip Verified |  Gatwick to Denpasar via Doha. LGW-DOH Boeing 787-8. The seat layout and function is excellent. Food tasty and plentiful, with a good selection. The cabin crew are professional with a nice balance of friendliness and service. Worth every one of their 5 stars. The only thing that is not up to their otherwise high standard is the Aspire lounge at Gatwick - see my review of that for more details. DOH-DPS Boeing 777 -300 The Qsuite is quite the best business class offering I have travelled in. It’s the only time I didn’t want the flight to end. Add to that the Qatar cabin crew’s impeccable service, then it’s a ‘no brainer’ to book Qatar. DPS-DOH B777-300 Conventional 2-2-2 layout and so having been spoiled in the Q suite on the way out it was a bit of an anticlimax but its ok. The meal service on this sector seemed rushed and there was no drinks offered one had to ask for every one you wanted. I don't know if they were trying to get everybody fed asap to allow people to bed down but it didn't seem to be up to their usual high standard. DOH-LGW Boeing 787-8 Back to their usual high standard"
967,"✅ Trip Verified |  My wife and I traveled from Houston to Kochi return via Doha on Qatar Airways and the flight to and from were great. Q suite was wonderful, beds were made by the staff, cabin was closed for privacy. Food served when we need it & presentation beautiful. Table cloth, candle light four course meal. Food was Very tasty and served like in a 1st class restaurant. Service was great both ways. Hostess Tika on Houston flight was exceptional. Qatar Airways business class is the best world class airline. We will fly again and recommend it to everyone."
968,"✅ Trip Verified |  Gatwick to Doha in October 2019. My food was terrible, the entertainment would be enjoyable if cabin staff wouldn't make announcements during the flight. One announcement in Arabic and then one in English. Complimentary wifi for 1 hour did not work for me."
969,"✅ Trip Verified |  Manchester to Da Nang via Doha. Travelling with my son for a Father/Son break. Manchester to Doha on an A350 - absolutely brilliant service, very comfortable seat, great choice of entertainment and food was of the best quality. Doha to Da Nang on a Boeing 787, as above but I didn't find the seat quite as comfy as the A350. Phuket to Doha on a 777 2-2-2 layout, as above. Doha to Man on a Boeing 787. Another great flight. What stood out for me was the absolute high quality of service, both on the ground and in the air. Unfortunately I had hurt my back whilst in Phuket which meant I couldn't walk very far, at Phuket airport I requested wheelchair assistance and Qatar staff came into their own and provided a wonderful service, through customs and security, into the the lounge and a couple of hours later to the aircraft. The same on transiting Doha and final arrival in Manchester. Will now always fly Qatar as the long haul option."
970,"✅ Trip Verified |  Amritsar to Atlanta via Doha. I am posting this review on behalf of my mother and father. On way from Amritsar to doha my mom fell in flight and the cabin crew gave foot massage to her. They not only help my mother, they also vacate the nearby seats for her and  provided drinks on regular basis to her. After they reached Doha, cabin crew brought a wheelchair for her and helped them checkin for next flight which was from Doha to Atlanta. From Atlanta also they helped a lot to get onto next plane to Nashville. I am thankful to cabin crew of Qatar Airways who helped a lot to my mother .. thank you, you are really awesome."
971,Not Verified |  Melbourne to Doha. The food was average in my opinion but I have had better on Qatar. The seats were comfy with a nice padding to it. They also have a standard legroom for a major long haul airline. The check in service is very good. The in-flight entertainment is good and they have a big variety of choices and have a standard screen. For all the times I have looked this airlines is the cheapest so I definitely think the value for money is high.
972,"✅ Trip Verified |  Istanbul to Singapore via Doha. Last minute aircraft change from a 773 to a 333 on 4 hr flight from Istanbul, and not a Qsuite. The change of aircraft is becoming irritating. I have been downgraded from a Qsuite three times over the last couple of month without notification or apology.  The 2nd flight from Doha to Singapore was on the gorgeous A350-1000 with the Qsuite and flawless service. What Qatar lacks is consistency."
973,"✅ Trip Verified |  Muscat to Cochin return via Doha. On 12 December 2019 Muscat to Doha on A320 (originally it was Boeing 777 while booking but later changed to A320). The Business Class Seat 2F (actually it is called First Class on this short distance sector) was spacious and comfortable without any entertainment facility but can use individual IPad. The attitude and services were polite and best. Doha to Cochin flight was a 13+ years A330-300. My seat was 3K. Welcomed with a genuine smile by name. The Cabin Director introduced her to every business class passengers and the cabin crews were prompt with their services and was very friendly and courteous. Cochin-Doha-Muscat. On 18 January 2020 from Cochin to Doha an old A330 but the crews were outstanding and friendly with the impeccable services and attitude. I had a long layover in Doha for my connecting flight to Muscat. On arrival guided me to Al Safwa Lounge where I was given a reasonably good room for rest/shower/etc. Had a good sleep and shower and was given a prompt call reminding about the connecting flight. Flight Doha-Muscat was a B777-300 which had ""QSuite"". Welcomed on-board with name and guided to my Seat and given all instructions necessary to familiarize with the facilities available in this QSuite. Though this also was a short flight but had a best experience. Overall Qatar Airways is maintaining their 5 Star standards. I must give them 10/10 for their Staff whose worth should be credibly recognized. I had a very good and comfortable journey."
974,"✅ Trip Verified |  Bombay to Copenhagen via Doha. The aircraft on both flights was equipped with Qsuites. The on-board experience was flawless on all fronts - seat comfort, service, meals, and WiFi. (While the Qsuites are outstanding, Qatar's more traditional Business Class configuration is as good or better in some respects.) The experience outside the aircraft was far less impressive. Our flight from DOH-CPH was delayed by 6 hours and while the Qatar personnel were very friendly, there was no clarity in their updates. The Al Mourjan Lounge in Doha during crowded hours is unpleasant, they should fix this."
975,"✅ Trip Verified |  Our flight from PER to DOH was cancelled three hours after the flight was due to depart due to technical issues with the plane. Qatar Airways staff informed travellers that they would be booked on the next available flight. However, no information about re-routing was provided and passengers were told to check for text messages. Our attempts to reach the Qatar Airways call centre in Doha were not successful. Six hours after the scheduled departure time and we still had not received text messages. Qatar Airways moved passengers to their flight 24 hours later. We informed Qatar Airways staff that we did not want to be re-routed. and we booked new flights with Emirates.  Qatar Airways forced passengers to wait 24 hours to avoid re-routing customers with a competitor.  Much of this angst could have been avoided if Qatar Airways had been genuine about minimizing disruption to customers. The new flights cost us $1,500 each, which is $650 more each than the original flights. We sought compensation from Qatar and they declined to offer any compensation. Customer service was completely unhelpful and did not make us a token offer. "
976,"✅ Trip Verified | My flight got delayed to depart from Hong Kong so airline changed my connection flight from Doha, which happened to be 8 hours after I landed in Doha. It gave me a chance to visit the city just for 6 hours. Both flights were great. Doha - Kyiv crew were especially kind and professional. Loved it."
977,"✅ Trip Verified | Kyiv to Hong Kong via Doha. I think for the past 5 years Qatar Airways is my airline of choice. Wish to be able to fly more with it. Compared to another airlines this one is really stands out for me. Quality service on board and on the ground, seat comfort, entertainment, wi-fi, food. Can't wait to fly again with them."
978,"✅ Trip Verified |  Los Angeles to Male via Doha. Their long haul business class hard product ranges from excellent QSuites, to below average non QSuites. The service on board is generally very good, as is the food. Our flight has been downgraded to a non QSuite equipped aircraft and they did not notify ahead of time that the product has been downgraded. This creates a problem for people who are traveling together who have pre-selected seats based on a QSuites seat map. They do not offer any kind of token compensation to passengers who complain when their flight has been downgraded. We specifically book Qatar Airways on a 16 hour flight for their QSuite product. I understand operational issues happen which can sometimes necessitate an aircraft swap, but not notifying passengers and not offering at least an apology or a token gesture such as bonus miles and or vouchers, is unacceptable."
979,"✅ Trip Verified |  London to Dhaka via Doha. When an airline really makes an effort to make their economy class passengers feel valued, it should be praised. Not only are Qatar Airways flight attendants charming and well turned out, they present meals and beverages with utmost attention to detail. So many airlines provide economy catering that smacks of contempt for passengers. Here, the quality, quantity and presentation of the meal services are best in the industry. Metal cutlery, beautifully designed meal trays, re-usable plastic for salad and desert, Godiva chocolate with tea or coffee, is this economy?"
980,"✅ Trip Verified |  Athens to Shanghai via Doha. I could not check in online for my trip to Shanghai, I tried multiple times within 36 hours of the flight, and I had successfully checked in online for my outgoing flight Shanghai-Athens. The website stated ""sorry, we could not check you in at this time, please try again later"". Not being able to check in online, I had to wait for 45 minutes at check in, where I was told that I had to pay extra for the 3 kg over the 30 kg baggage allowance, at 45 euros per kg. After removing 2.5 kg from the luggage and putting it in my carry on, I was told I had to pay for the extra 0.5 kg. I had a very tight connection at Doha, part of it scheduled, part of it because the flight arrived late and they bussed us to the terminal. I rushed to my connecting flight and I made it, but my luggage did not. I filed a delayed luggage report at in Shanghai. The suitcase came with the next day's flight but it was delivered 8-9 hours after the flight arrived.  On board the service was good, the F&B average, inflight entertainment good, but they don't make up for the above points."
981,"✅ Trip Verified |  Sydney to Amsterdam via Doha in September 2019. The in flight service was good, the plane was new and the cabin crew were helpful. However they cancelled our return flight about 48 hours notice prior to departure via email, did nothing to assist us with reimbursement of out of pocket expenses and cut our holiday short. They suggested we depart from another airport several hundred km's away and were quite unhelpful. I would have happily accepted this change if they were helpful and offered to cover our out of pocket expenses or offered some small goodwill gesture like a discount on a future flight. I wont be flying with them again."
982,"✅ Trip Verified |  Denpasar to Copenhagen via Doha. Menu, service, facilities and comfort are on top level. Only sometimes some of the planes might have slightly worn off equipment, but staff do everything to make your trip pleasant and comfortable. That was the best flight experience we had of all our trips.."
983,"✅ Trip Verified |   Manila to Doha. The food is better now, i noticed that the food is prepared by Quisine (something new). The crew in our zone was not able to remember that i requested a drink, just told that she will come back but never returned back. Seat was just fine for a 5’8’’ height. Wifi I availed the unlimited connectivity but have two hours disrupted. The cost is $10 for  9 hrs flight and the way they offer free one hour wifi as well. Entertainment with a good variety. Pillow, blanket, socks, eye patch, ear plugs, toothbrush and toothpaste provided. All bags of mine (4) were handled carefully."
984,"✅ Trip Verified |  On 09 November 2019 I flew with Qatar Airways from Doha to Karachi, everything was perfect including dinner, check in and immigration because I'm living and working in Qatar since 4 Years, however no IFE due to 02 hours journey and I arrived in Karachi before schedule time. "
985,"✅ Trip Verified |  London to Colombo via Doha. Cabin service was very mixed. A few of the staff did not care about me, others smiled and served  and a few are genuinely good cabin staff. I had to wait 15 mins for a green tea. My food was super bland, special vegetarian meals. They did have a good seat that was comfortable and a great selection of latest movies. I just felt that the cabin crew couldn't really care about me."
986,"✅ Trip Verified |  Dhaka to Helsinki via Doha. The overall flight experience was ok. But from Dhaka, the flight was showing delay for technical issue, then the connecting flight missed and changed to next connecting flight with 16 to 18 hours layover. Though they have very good hotel services with food, transportation. "
987,✅ Trip Verified | Bangkok to Heathrow via Doha. We have flown with Qatar for the last 3 years and normally have no complaints. On our journey out we were delayed and when asking staff how long will it be delayed for we were told conflicting stories.  Once boarded we noticed our headphones were dirty and my partner's didn't work but staff changed them for another pair. When the staff come round with the meals there wasn't anything my partner wanted left as they had run out but a little while later the cabin crew appeared with the meal he had asked for.  Flying home on the Airbus was much nicer and actually enjoyed this flight. Delayed out of Heathrow by over 2 hours and missed connecting flight from Doha to Bangkok but Qatar staff at Doha dealt with the situation efficiently and boarded us on next available flight which was only an hour behind the original departure time. Heathrow ground staff 2 and Doha ground staff 5 and Bangkok ground staff 5 star. Boeing 777 seats not comfy as the Airbus. 
988,"✅ Trip Verified |  Colombo to Edinburgh via Doha. First sector was on a LATAM A350 crewed by Qatar staff and with the Onyx entertainment system. Boarded and there was no champagne on offer as it ""hadn't been chilled, but we will serve as soon as it is cool"". It turned up after about twenty minutes. My wife and I were sitting in row 4. Our meal and drink orders were taken in seat row order - no priority for us - so they were not sure if my vegetarian wife's choice of pasta would be available, but fortunately it was. Post take-off drinks arrived, and there were no champagne flutes left to serve it in so we got normal wine glasses. We asked for sauvignon blanc to go with the food but were told this needed chilling. It arrived after fifteen minutes later, but when we asked for another glass we were told there was no more available. Overall, this sector all seemed a bit shambolic. The second sector went without a hitch, and  we slept all the way on their very comfortable flat bed."
989,✅ Trip Verified |  Flying from Amman to Johannesburg via Doha I noticed that my left leg had quite a bit of swelling during the Amman Doha leg. I told the staff when I arrived in Doha and they were outstanding. A medic was immediately called to have a look at my leg. The staff insisted to see a doctor to make sure the swelling was nothing more serious and so I was taken to the Airport clinic where I was seen by two doctors who were confident it was just swelling due to an old knee injury I had aggravated. I missed my flight to Johannesburg bit was put on the next one 4 hours later and given a premium economy seat to ensure I could stretch out my leg. The staff were attentive and efficient. They were outstanding.
990,"✅ Trip Verified |  Milan to Muscat via Doha. All four legs with the new A350. Aircraft clean and in good conditions, cabin crew very professional with good service. IFE of new generation , I found it ok. What I don't understand, is the ground service for the transfer. No fingers, only bus but due to the lack of them, we waiting too much time. Seats with average legroom, even if I found them rather narrow. All in all a good experience."
991,"✅ Trip Verified |  Pisa to Melbourne via Doha. I travelled with Qatar Airways for the first time on 28th December 2019, the service from Pisa to Doha was good, the staff seemed inexperienced, the manager on board was very good and super friendly and helpful. Overall quality and price was good. The flight from Doha to Melbourne I found the seats to be very uncomfortable . The service was slow, maybe due to a shortage of staff, The overall service, quality and price was good. The food was average. "
992,"✅ Trip Verified |  Amman to Perth via Doha. I have used Qatar Airways as my preferred carrier since 2015, travelling at least six to seven times a year from Australia to Africa and recently to Amman. I have traveled  with other airlines, however Qatar is far superior in all aspects, including comfort, service, professionalism and overall flying experience. Qatar will continue to be my airline of choice due to their overall service, quality and professionalism. "
993,"Not Verified |  Ahmedabad to New York via Doha. Qatar Airways was the best choice especially during long trip like 13 to 14 hours. Cabin crew very polite, responding and engaging. Food was outstanding. Seats are pretty comfortable and wide enough to stretch your legs. It is the best airline among other airlines I travelled in. I would definitely fly with Qatar airways again."
994,✅ Trip Verified |  Service and food was super. The aircraft from Doha to Athens was an 8 year old A320 with very uncomfortable seat for me. Pay more money for the business class and to fly with an A320  is really not worth it for me. There was no wifi on this flight.
995,"✅ Trip Verified |  Kuala Lumpur to Houston via Doha. My outbound was delayed by 6 hours, really appreciate how early they informed me of this by SMS, so I could spend the extra time at home rather than pacing the airport terminal. QR's is one of my favourite cabins - from lighting to accoutrements, everything just feels like it has a little touch of class. The F&B is very good, I appreciate the presence of a vegetarian option in the regular onboard menu. MI like how sparking wine is an option even in the cheap seats, and the offer of a chocolate square after the main meal service. The staff are patient and keen to offer good service. "
996,"✅ Trip Verified |  Doha to Los Angeles. Thank you very much for the trip, it was amazing. Stewardess￼ are beautiful and very polite, especially Katsiaryna. She really helped us. "
997,✅ Trip Verified |  Oslo to Johannesburg via Doha. The staff were friendly and food was good. We were delayed in Oslo for 2.5 hours for deicing the plane. We are delayed two hours in Johannesburg waiting for our luggage and they did not tell us what was happening.
998,"✅ Trip Verified |  My wife and I flew business class from Heathrow to Colombo via Doha. All I can say is what an outstanding service. The seating was spacious, very comfortable and very flexible in seating to bed position. Food was excellent, served very professionally, good variety and so very tasty. Staff were, without exception, just outstanding. So very friendly and helpful and went out of their way to please. One member of the cabin crew needs special mention for the excellent and friendly service she provided my wife and I on one of the legs to Colombo and one on return. Deanna can be described as outstanding. She is a credit to Qatar Airways and deserves this recognition."
999,"✅ Trip Verified |  The quality of food offered was quite satisfactory but the amount of it left me hungry. After using a Business Class washroom and walking the length of the plane to stretch  my legs, I was followed by a male flight attendant who stated that I was not entitled to use this washroom. He never inquired where I was seated. The purser had to intervene on my behalf and call that flight attendant to order. "
